DELETE FROM Predecessors;
DELETE FROM Successors;

DELETE FROM GPSPoints;
DELETE FROM SLDPoints;
DELETE FROM Components;
DELETE FROM ComponentTypes;

INSERT INTO ComponentTypes VALUES('5000','OLT', '');
INSERT INTO ComponentTypes VALUES('5001','FDT', 'Fibre Distribution Terminal.');
INSERT INTO ComponentTypes VALUES('5002','Splitter', 'Different sizes:2 4 8 16 32');
INSERT INTO ComponentTypes VALUES('5003','Hole', '');
INSERT INTO ComponentTypes VALUES('5004','Cable', '');
INSERT INTO ComponentTypes VALUES('5005','Fibre', '');
INSERT INTO ComponentTypes VALUES('5006','ODB', 'Optical Distribution Box');
INSERT INTO ComponentTypes VALUES('5007','ONT', 'Modem: Optical Network Terminal');
INSERT INTO ComponentTypes VALUES('5008','Monitor', '');
INSERT INTO ComponentTypes VALUES('5009','Splice', '');
INSERT INTO ComponentTypes VALUES('5010','OSB', 'Optical Splitter Box');

INSERT INTO Components(ComponentID, Latitude, Longitude, ComponentTypeId, CoordX, CoordY) VALUES('MH167', 24.804212*1000000, 46.705993*1000000, 5003, 750, 50);
INSERT INTO Components(ComponentID, Latitude, Longitude, ComponentTypeId, Size) VALUES('Cable0001', 24.804212*1000000, 46.705993*1000000, 5004, 288);
INSERT INTO Successors VALUES('MH167','Cable0001');INSERT INTO Predecessors VALUES('Cable0001','MH167');
INSERT INTO GPSPoints VALUES('Cable0001', 24.804212*1000000, 46.705993*1000000, 0);
INSERT INTO GPSPoints VALUES('Cable0001', 24.802579*1000000, 46.706818*1000000, 1);
INSERT INTO SLDPoints VALUES('Cable0001', 750, 50, 0);
INSERT INTO SLDPoints VALUES('Cable0001', 550, 50, 1);
INSERT INTO SLDPoints VALUES('Cable0001', 550, 150, 2);

INSERT INTO Components(ComponentID, Latitude, Longitude, ComponentTypeId, CoordX, CoordY) VALUES('NMH001', 24.802579*1000000, 46.706818*1000000, 5003, 550, 150);
INSERT INTO Successors VALUES('Cable0001','NMH001');INSERT INTO Predecessors VALUES('NMH001','Cable0001');
INSERT INTO Components(ComponentID, Latitude, Longitude, ComponentTypeId, Size) VALUES('Cable0002', 24.802579*1000000, 46.706818*1000000, 5004, 144);
INSERT INTO Successors VALUES('NMH001','Cable0002');INSERT INTO Predecessors VALUES('Cable0002','NMH001');
INSERT INTO GPSPoints VALUES('Cable0002', 24.802579*1000000, 46.706818*1000000, 0);
INSERT INTO GPSPoints VALUES('Cable0002', 24.803920*1000000, 46.710072*1000000, 1);
INSERT INTO GPSPoints VALUES('Cable0002', 24.802766*1000000, 46.710681*1000000, 2);
INSERT INTO SLDPoints VALUES('Cable0002', 550, 150, 0);
INSERT INTO SLDPoints VALUES('Cable0002', 450, 150, 1);
INSERT INTO SLDPoints VALUES('Cable0002', 450, 250, 2);


INSERT INTO Components(ComponentID, Latitude, Longitude, ComponentTypeId, CoordX, CoordY) VALUES('NMH002', 24.802766*1000000, 46.710681*1000000, 5003,  450, 250);
INSERT INTO Successors VALUES('Cable0002','NMH002');INSERT INTO Predecessors VALUES('NMH002','Cable0002');
INSERT INTO Components(ComponentID, Latitude, Longitude, ComponentTypeId, Size) VALUES('Cable0004', 24.802766*1000000, 46.710681*1000000, 5004, 24);
INSERT INTO Successors VALUES('NMH002','Cable0004');INSERT INTO Predecessors VALUES('Cable0004','NMH002');
INSERT INTO GPSPoints VALUES('Cable0004', 24.802766*1000000, 46.710681*1000000, 0);
INSERT INTO GPSPoints VALUES('Cable0004', 24.803126*1000000, 46.711568*1000000, 1);
INSERT INTO GPSPoints VALUES('Cable0004', 24.803524*1000000, 46.711392*1000000, 2);
INSERT INTO GPSPoints VALUES('Cable0004', 24.803881*1000000, 46.712468*1000000, 3);
INSERT INTO SLDPoints VALUES('Cable0004', 450, 250, 0);
INSERT INTO SLDPoints VALUES('Cable0004', 650, 250, 1);
INSERT INTO SLDPoints VALUES('Cable0004', 650, 350, 2);
INSERT INTO SLDPoints VALUES('Cable0004', 750, 350, 3);
INSERT INTO Components VALUES('FDT162', 5001, NULL, NULL, NULL, 'Luqman St.', 'Al-Falah', 24.803881*1000000, 46.712468*1000000, 750, 350, NULL, 6.0);
INSERT INTO Successors VALUES('Cable0004','FDT162');INSERT INTO Predecessors VALUES('FDT162','Cable0004');
INSERT INTO GPSPoints VALUES('FDT162', 24.805749*1000000, 46.709461*1000000, 0);
INSERT INTO GPSPoints VALUES('FDT162', 24.804898*1000000, 46.709901*1000000, 1);
INSERT INTO GPSPoints VALUES('FDT162', 24.804824*1000000, 46.709766*1000000, 2);
INSERT INTO GPSPoints VALUES('FDT162', 24.804021*1000000, 46.710174*1000000, 3);
INSERT INTO GPSPoints VALUES('FDT162', 24.804303*1000000, 46.710911*1000000, 4);
INSERT INTO GPSPoints VALUES('FDT162', 24.804271*1000000, 46.710894*1000000, 5);
INSERT INTO GPSPoints VALUES('FDT162', 24.802030*1000000, 46.712059*1000000, 6);
INSERT INTO GPSPoints VALUES('FDT162', 24.802035*1000000, 46.712213*1000000, 7);
INSERT INTO GPSPoints VALUES('FDT162', 24.802165*1000000, 46.712618*1000000, 8);
INSERT INTO GPSPoints VALUES('FDT162', 24.802870*1000000, 46.714365*1000000, 9);
INSERT INTO GPSPoints VALUES('FDT162', 24.802384*1000000, 46.714635*1000000, 10);
INSERT INTO GPSPoints VALUES('FDT162', 24.802685*1000000, 46.715392*1000000, 11);
INSERT INTO GPSPoints VALUES('FDT162', 24.802656*1000000, 46.715474*1000000, 12);
INSERT INTO GPSPoints VALUES('FDT162', 24.803091*1000000, 46.716558*1000000, 13);
INSERT INTO GPSPoints VALUES('FDT162', 24.807698*1000000, 46.714174*1000000, 14);		
INSERT INTO GPSPoints VALUES('FDT162', 24.805749*1000000, 46.709461*1000000, 15);
INSERT INTO Components(ComponentID, Latitude, Longitude, ComponentTypeId, Size) VALUES('Cable0005', 24.802766*1000000, 46.710681*1000000, 5004, 24);
INSERT INTO Successors VALUES('NMH002','Cable0005');INSERT INTO Predecessors VALUES('Cable0005','NMH002');
INSERT INTO GPSPoints VALUES('Cable0005', 24.802766*1000000, 46.710681*1000000, 0);
INSERT INTO GPSPoints VALUES('Cable0005', 24.802403*1000000, 46.710857*1000000, 1);
INSERT INTO GPSPoints VALUES('Cable0005', 24.802001*1000000, 46.709878*1000000, 2);
INSERT INTO SLDPoints VALUES('Cable0005', 450, 250, 0);
INSERT INTO SLDPoints VALUES('Cable0005', 650, 250, 1);
INSERT INTO SLDPoints VALUES('Cable0005', 650, 350, 2);
INSERT INTO SLDPoints VALUES('Cable0005', 550, 350, 3);
INSERT INTO Components VALUES('FDT161', 5001, NULL, NULL, NULL, 'Qalwah St.', 'Al-Falah', 24.802001*1000000, 46.709878*1000000, 550, 350, NULL, 5.5);
INSERT INTO Successors VALUES('Cable0005','FDT161');INSERT INTO Predecessors VALUES('FDT161','Cable0005');
INSERT INTO GPSPoints VALUES('FDT161', 24.804333*1000000, 46.706005*1000000, 0);
INSERT INTO GPSPoints VALUES('FDT161', 24.800233*1000000, 46.708145*1000000, 1);
INSERT INTO GPSPoints VALUES('FDT161', 24.801579*1000000, 46.711277*1000000, 2);
INSERT INTO GPSPoints VALUES('FDT161', 24.801701*1000000, 46.711228*1000000, 3);
INSERT INTO GPSPoints VALUES('FDT161', 24.802030*1000000, 46.712059*1000000, 4);
INSERT INTO GPSPoints VALUES('FDT161', 24.804271*1000000, 46.710894*1000000, 5);
INSERT INTO GPSPoints VALUES('FDT161', 24.804303*1000000, 46.710911*1000000, 6);
INSERT INTO GPSPoints VALUES('FDT161', 24.804021*1000000, 46.710174*1000000, 7);
INSERT INTO GPSPoints VALUES('FDT161', 24.804824*1000000, 46.709766*1000000, 8);
INSERT INTO GPSPoints VALUES('FDT161', 24.804898*1000000, 46.709901*1000000, 9);
INSERT INTO GPSPoints VALUES('FDT161', 24.805749*1000000, 46.709461*1000000, 10);
INSERT INTO GPSPoints VALUES('FDT161', 24.804333*1000000, 46.706005*1000000, 11);
INSERT INTO Components(ComponentID, Latitude, Longitude, ComponentTypeId, Size) VALUES('Cable0003', 24.802766*1000000, 46.710681*1000000, 5004, 96);
INSERT INTO Successors VALUES('NMH002','Cable0003');INSERT INTO Predecessors VALUES('Cable0003','NMH002');
INSERT INTO GPSPoints VALUES('Cable0003', 24.802766*1000000, 46.710681*1000000, 0);
INSERT INTO GPSPoints VALUES('Cable0003', 24.803126*1000000, 46.711568*1000000, 1);
INSERT INTO GPSPoints VALUES('Cable0003', 24.801955*1000000, 46.712195*1000000, 2);
INSERT INTO GPSPoints VALUES('Cable0003', 24.802141*1000000, 46.712674*1000000, 3);
INSERT INTO GPSPoints VALUES('Cable0003', 24.801111*1000000, 46.713176*1000000, 4);
INSERT INTO GPSPoints VALUES('Cable0003', 24.800906*1000000, 46.712687*1000000, 5);
INSERT INTO GPSPoints VALUES('Cable0003', 24.799702*1000000, 46.713333*1000000, 6);
INSERT INTO SLDPoints VALUES('Cable0003', 450, 250, 0);
INSERT INTO SLDPoints VALUES('Cable0003', 350, 250, 1);
INSERT INTO SLDPoints VALUES('Cable0003', 350, 350, 2);
INSERT INTO SLDPoints VALUES('Cable0003', 250, 350, 3);

INSERT INTO Components(ComponentID, Latitude, Longitude, ComponentTypeId, CoordX, CoordY) VALUES('NMH003', 24.799702*1000000, 46.713333*1000000, 5003, 250, 350);
INSERT INTO Successors VALUES('Cable0003','NMH003');INSERT INTO Predecessors VALUES('NMH003','Cable0003');
INSERT INTO Components(ComponentID, Latitude, Longitude, ComponentTypeId, Size) VALUES('Cable0007', 24.799702*1000000, 46.713333*1000000, 5004, 24);
INSERT INTO Successors VALUES('NMH003','Cable0007');INSERT INTO Predecessors VALUES('Cable0007','NMH003');
INSERT INTO GPSPoints VALUES('Cable0007', 24.799702*1000000, 46.713333*1000000, 0);
INSERT INTO GPSPoints VALUES('Cable0007', 24.800285*1000000, 46.714555*1000000, 1);
INSERT INTO SLDPoints VALUES('Cable0007', 250, 350, 0);
INSERT INTO SLDPoints VALUES('Cable0007', 250, 450, 1);
INSERT INTO Components VALUES('FDT164', 5001, NULL, NULL, NULL, 'Al-Bandariyyah St.', 'Al-Falah', 24.800285*1000000, 46.714555*1000000, 250, 450, NULL, 10.7);
INSERT INTO Successors VALUES('Cable0007','FDT164');INSERT INTO Predecessors VALUES('FDT164','Cable0007');
INSERT INTO GPSPoints VALUES('FDT164', 24.802165*1000000, 46.712618*1000000, 0);
INSERT INTO GPSPoints VALUES('FDT164', 24.801138*1000000, 46.713160*1000000, 1);
INSERT INTO GPSPoints VALUES('FDT164', 24.800902*1000000, 46.712690*1000000, 2);
INSERT INTO GPSPoints VALUES('FDT164', 24.798531*1000000, 46.713851*1000000, 3);
INSERT INTO GPSPoints VALUES('FDT164', 24.798255*1000000, 46.713203*1000000, 4);
INSERT INTO GPSPoints VALUES('FDT164', 24.797493*1000000, 46.713607*1000000, 5);
INSERT INTO GPSPoints VALUES('FDT164', 24.799496*1000000, 46.718335*1000000, 6);
INSERT INTO GPSPoints VALUES('FDT164', 24.803091*1000000, 46.716558*1000000, 7);
INSERT INTO GPSPoints VALUES('FDT164', 24.802656*1000000, 46.715474*1000000, 8);
INSERT INTO GPSPoints VALUES('FDT164', 24.802685*1000000, 46.715392*1000000, 9);
INSERT INTO GPSPoints VALUES('FDT164', 24.802384*1000000, 46.714635*1000000, 10);
INSERT INTO GPSPoints VALUES('FDT164', 24.802870*1000000, 46.714365*1000000, 11);
INSERT INTO GPSPoints VALUES('FDT164', 24.802165*1000000, 46.712618*1000000, 12);
INSERT INTO Components(ComponentID, Latitude, Longitude, ComponentTypeId, Size) VALUES('Cable0008', 24.799702*1000000, 46.713333*1000000, 5004, 24);
INSERT INTO Successors VALUES('NMH003','Cable0008');INSERT INTO Predecessors VALUES('Cable0008','NMH003');
INSERT INTO GPSPoints VALUES('Cable0008', 24.799702*1000000, 46.713333*1000000, 0);
INSERT INTO GPSPoints VALUES('Cable0008', 24.799333*1000000, 46.712351*1000000, 1);
INSERT INTO SLDPoints VALUES('Cable0008', 250, 350, 0);
INSERT INTO SLDPoints VALUES('Cable0008', 250, 250, 1);
INSERT INTO Components VALUES('FDT163', 5001, NULL, NULL, NULL, 'Al-Hinnakiyyah St.', 'Al-Falah', 24.799333*1000000, 46.712351*1000000, 250, 250, NULL, 11.3);
INSERT INTO Successors VALUES('Cable0008','FDT163');INSERT INTO Predecessors VALUES('FDT163','Cable0008');
INSERT INTO GPSPoints VALUES('FDT163', 24.800233*1000000, 46.708145*1000000, 0);
INSERT INTO GPSPoints VALUES('FDT163', 24.801579*1000000, 46.711277*1000000, 1);
INSERT INTO GPSPoints VALUES('FDT163', 24.801701*1000000, 46.711228*1000000, 2);
INSERT INTO GPSPoints VALUES('FDT163', 24.802030*1000000, 46.712059*1000000, 3);
INSERT INTO GPSPoints VALUES('FDT163', 24.802035*1000000, 46.712213*1000000, 4);
INSERT INTO GPSPoints VALUES('FDT163', 24.802165*1000000, 46.712618*1000000, 5);
INSERT INTO GPSPoints VALUES('FDT163', 24.801138*1000000, 46.713160*1000000, 6);
INSERT INTO GPSPoints VALUES('FDT163', 24.800902*1000000, 46.712690*1000000, 7);
INSERT INTO GPSPoints VALUES('FDT163', 24.798531*1000000, 46.713851*1000000, 8);
INSERT INTO GPSPoints VALUES('FDT163', 24.798255*1000000, 46.713203*1000000, 9);
INSERT INTO GPSPoints VALUES('FDT163', 24.797493*1000000, 46.713607*1000000, 10);
INSERT INTO GPSPoints VALUES('FDT163', 24.796129*1000000, 46.710342*1000000, 11);
INSERT INTO GPSPoints VALUES('FDT163', 24.796173*1000000, 46.710150*1000000, 12);
INSERT INTO GPSPoints VALUES('FDT163', 24.800233*1000000, 46.708145*1000000, 13);	
INSERT INTO Components(ComponentID, Latitude, Longitude, ComponentTypeId, Size) VALUES('Cable0006', 24.799702*1000000, 46.713333*1000000, 5004, 36);
INSERT INTO Successors VALUES('NMH003','Cable0006');INSERT INTO Predecessors VALUES('Cable0006','NMH003');
INSERT INTO GPSPoints VALUES('Cable0006', 24.799702*1000000, 46.713333*1000000, 0);
INSERT INTO GPSPoints VALUES('Cable0006', 24.798508*1000000, 46.713875*1000000, 1);
INSERT INTO GPSPoints VALUES('Cable0006', 24.798237*1000000, 46.713207*1000000, 2);
INSERT INTO GPSPoints VALUES('Cable0006', 24.797349*1000000, 46.713658*1000000, 3);
INSERT INTO GPSPoints VALUES('Cable0006', 24.797632*1000000, 46.714312*1000000, 4);
INSERT INTO GPSPoints VALUES('Cable0006', 24.796744*1000000, 46.714737*1000000, 5);
INSERT INTO GPSPoints VALUES('Cable0006', 24.796539*1000000, 46.714438*1000000, 6);
INSERT INTO GPSPoints VALUES('Cable0006', 24.795357*1000000, 46.715063*1000000, 7);
INSERT INTO SLDPoints VALUES('Cable0006', 250, 350, 0);
INSERT INTO SLDPoints VALUES('Cable0006', 50, 350, 1);

INSERT INTO Components(ComponentID, Latitude, Longitude, ComponentTypeId, CoordX, CoordY) VALUES('NMH004', 24.795357*1000000, 46.715063*1000000, 5003, 50, 350);
INSERT INTO Successors VALUES('Cable0006','NMH004');INSERT INTO Predecessors VALUES('NMH004','Cable0006');