DELETE FROM Components WHERE ComponentID LIKE "ODB%" OR ComponentID LIKE "ONT%" OR ComponentID LIKE "Cable3%";

INSERT INTO Components(ComponentID, ComponentTypeId, Size) VALUES('Cable30001', 5004, 8);
INSERT INTO Successors VALUES('Splice0002','Cable30001');INSERT INTO Predecessors VALUES('Cable30001','Splice0002');
INSERT INTO GPSPoints VALUES('Cable30001', 24.798767*1000000, 46.712508*1000000, 0);
INSERT INTO GPSPoints VALUES('Cable30001', 24.798700*1000000, 46.712373*1000000, 1);
INSERT INTO GPSPoints VALUES('Cable30001', 24.798653*1000000, 46.712400*1000000, 2);
INSERT INTO Components(ComponentID, Latitude, Longitude, ComponentTypeId) VALUES('ODB00000001', 24.798653*1000000, 46.712400*1000000, 5006);
INSERT INTO Successors VALUES('Cable30001','ODB00000001');INSERT INTO Predecessors VALUES('ODB00000001','Cable30001');
INSERT INTO Components(ComponentID, ComponentTypeId, Size) VALUES('Cable30002', 5004, 8);
INSERT INTO Successors VALUES('ODB00000001','Cable30002');INSERT INTO Predecessors VALUES('Cable30002','ODB00000001');
INSERT INTO GPSPoints VALUES('Cable30002', 24.798653*1000000, 46.712400*1000000, 0);
INSERT INTO GPSPoints VALUES('Cable30002', 24.798532*1000000, 46.712472*1000000, 1);
INSERT INTO Components(ComponentID, Latitude, Longitude, ComponentTypeId) VALUES('ONT00000001', 24.798532*1000000, 46.712472*1000000, 5007);
INSERT INTO Successors VALUES('Cable30002','ONT00000001');INSERT INTO Predecessors VALUES('ONT00000001','Cable30002');


INSERT INTO Components(ComponentID, ComponentTypeId, Size) VALUES('Cable30003', 5004, 8);
INSERT INTO Successors VALUES('Splice0002','Cable30003');INSERT INTO Predecessors VALUES('Cable30003','Splice0002');
INSERT INTO GPSPoints VALUES('Cable30003', 24.798767*1000000, 46.712508*1000000, 0);
INSERT INTO GPSPoints VALUES('Cable30003', 24.798717*1000000, 46.712400*1000000, 1);
INSERT INTO GPSPoints VALUES('Cable30003', 24.798768*1000000, 46.712376*1000000, 2);
INSERT INTO Components(ComponentID, Latitude, Longitude, ComponentTypeId) VALUES('ODB00000002', 24.798768*1000000, 46.712376*1000000, 5006);
INSERT INTO Successors VALUES('Cable30003','ODB00000002');INSERT INTO Predecessors VALUES('ODB00000002','Cable30003');
INSERT INTO Components(ComponentID, ComponentTypeId, Size) VALUES('Cable30004', 5004, 8);
INSERT INTO Successors VALUES('ODB00000002','Cable30004');INSERT INTO Predecessors VALUES('Cable30004','ODB00000002');
INSERT INTO GPSPoints VALUES('Cable30004', 24.798768*1000000, 46.712376*1000000, 0);
INSERT INTO GPSPoints VALUES('Cable30004', 24.798902*1000000, 46.712327*1000000, 1);
INSERT INTO Components(ComponentID, Latitude, Longitude, ComponentTypeId) VALUES('ONT00000002', 24.798902*1000000, 46.712327*1000000, 5007);
INSERT INTO Successors VALUES('Cable30004','ONT00000002');INSERT INTO Predecessors VALUES('ONT00000002','Cable30004');
