DELETE FROM Components WHERE ComponentID LIKE "Fibre%";
INSERT INTO Components(ComponentID, ParentID, ComponentTypeId) VALUES("Fibre1000001_Cable0001", "Cable0001", 5005);
INSERT INTO Components(ComponentID, ParentID, ComponentTypeId) VALUES("Fibre1000002_Cable0001", "Cable0001", 5005);
INSERT INTO Components(ComponentID, ParentID, ComponentTypeId) VALUES("Fibre1000003_Cable0001", "Cable0001", 5005);
INSERT INTO Components(ComponentID, ParentID, ComponentTypeId) VALUES("Fibre1000004_Cable0001", "Cable0001", 5005);
INSERT INTO Components(ComponentID, ParentID, ComponentTypeId) VALUES("Fibre1000005_Cable0001", "Cable0001", 5005);
INSERT INTO Components(ComponentID, ParentID, ComponentTypeId) VALUES("Fibre1000006_Cable0001", "Cable0001", 5005);
INSERT INTO Components(ComponentID, ParentID, ComponentTypeId) VALUES("Fibre1000007_Cable0001", "Cable0001", 5005);
INSERT INTO Components(ComponentID, ParentID, ComponentTypeId) VALUES("Fibre1000008_Cable0001", "Cable0001", 5005);
INSERT INTO Components(ComponentID, ParentID, ComponentTypeId) VALUES("Fibre1000009_Cable0001", "Cable0001", 5005);
INSERT INTO Components(ComponentID, ParentID, ComponentTypeId) VALUES("Fibre1000010_Cable0001", "Cable0001", 5005);
INSERT INTO Components(ComponentID, ParentID, ComponentTypeId) VALUES("Fibre1000011_Cable0001", "Cable0001", 5005);
INSERT INTO Components(ComponentID, ParentID, ComponentTypeId) VALUES("Fibre1000012_Cable0001", "Cable0001", 5005);
INSERT INTO Components(ComponentID, ParentID, ComponentTypeId) VALUES("Fibre1000013_Cable0001", "Cable0001", 5005);
INSERT INTO Components(ComponentID, ParentID, ComponentTypeId) VALUES("Fibre1000014_Cable0001", "Cable0001", 5005);
INSERT INTO Components(ComponentID, ParentID, ComponentTypeId) VALUES("Fibre1000015_Cable0001", "Cable0001", 5005);
INSERT INTO Components(ComponentID, ParentID, ComponentTypeId) VALUES("Fibre1000016_Cable0001", "Cable0001", 5005);
INSERT INTO Components(ComponentID, ParentID, ComponentTypeId) VALUES("Fibre1000017_Cable0001", "Cable0001", 5005);
INSERT INTO Components(ComponentID, ParentID, ComponentTypeId) VALUES("Fibre1000018_Cable0001", "Cable0001", 5005);
INSERT INTO Components(ComponentID, ParentID, ComponentTypeId) VALUES("Fibre1000019_Cable0001", "Cable0001", 5005);
INSERT INTO Components(ComponentID, ParentID, ComponentTypeId) VALUES("Fibre1000020_Cable0001", "Cable0001", 5005);
INSERT INTO Components(ComponentID, ParentID, ComponentTypeId) VALUES("Fibre1000021_Cable0001", "Cable0001", 5005);
INSERT INTO Components(ComponentID, ParentID, ComponentTypeId) VALUES("Fibre1000022_Cable0001", "Cable0001", 5005);
INSERT INTO Components(ComponentID, ParentID, ComponentTypeId) VALUES("Fibre1000023_Cable0001", "Cable0001", 5005);
INSERT INTO Components(ComponentID, ParentID, ComponentTypeId) VALUES("Fibre1000024_Cable0001", "Cable0001", 5005);
INSERT INTO Components(ComponentID, ParentID, ComponentTypeId) VALUES("Fibre1000025_Cable0001", "Cable0001", 5005);
INSERT INTO Components(ComponentID, ParentID, ComponentTypeId) VALUES("Fibre1000026_Cable0001", "Cable0001", 5005);
INSERT INTO Components(ComponentID, ParentID, ComponentTypeId) VALUES("Fibre1000027_Cable0001", "Cable0001", 5005);
INSERT INTO Components(ComponentID, ParentID, ComponentTypeId) VALUES("Fibre1000028_Cable0001", "Cable0001", 5005);
INSERT INTO Components(ComponentID, ParentID, ComponentTypeId) VALUES("Fibre1000029_Cable0001", "Cable0001", 5005);
INSERT INTO Components(ComponentID, ParentID, ComponentTypeId) VALUES("Fibre1000030_Cable0001", "Cable0001", 5005);
INSERT INTO Components(ComponentID, ParentID, ComponentTypeId) VALUES("Fibre1000031_Cable0001", "Cable0001", 5005);
INSERT INTO Components(ComponentID, ParentID, ComponentTypeId) VALUES("Fibre1000032_Cable0001", "Cable0001", 5005);
INSERT INTO Components(ComponentID, ParentID, ComponentTypeId) VALUES("Fibre1000033_Cable0001", "Cable0001", 5005);
INSERT INTO Components(ComponentID, ParentID, ComponentTypeId) VALUES("Fibre1000034_Cable0001", "Cable0001", 5005);
INSERT INTO Components(ComponentID, ParentID, ComponentTypeId) VALUES("Fibre1000035_Cable0001", "Cable0001", 5005);
INSERT INTO Components(ComponentID, ParentID, ComponentTypeId) VALUES("Fibre1000036_Cable0001", "Cable0001", 5005);
INSERT INTO Components(ComponentID, ParentID, ComponentTypeId) VALUES("Fibre1000037_Cable0001", "Cable0001", 5005);
INSERT INTO Components(ComponentID, ParentID, ComponentTypeId) VALUES("Fibre1000038_Cable0001", "Cable0001", 5005);
INSERT INTO Components(ComponentID, ParentID, ComponentTypeId) VALUES("Fibre1000039_Cable0001", "Cable0001", 5005);
INSERT INTO Components(ComponentID, ParentID, ComponentTypeId) VALUES("Fibre1000040_Cable0001", "Cable0001", 5005);
INSERT INTO Components(ComponentID, ParentID, ComponentTypeId) VALUES("Fibre1000041_Cable0001", "Cable0001", 5005);
INSERT INTO Components(ComponentID, ParentID, ComponentTypeId) VALUES("Fibre1000042_Cable0001", "Cable0001", 5005);
INSERT INTO Components(ComponentID, ParentID, ComponentTypeId) VALUES("Fibre1000043_Cable0001", "Cable0001", 5005);
INSERT INTO Components(ComponentID, ParentID, ComponentTypeId) VALUES("Fibre1000044_Cable0001", "Cable0001", 5005);
INSERT INTO Components(ComponentID, ParentID, ComponentTypeId) VALUES("Fibre1000045_Cable0001", "Cable0001", 5005);
INSERT INTO Components(ComponentID, ParentID, ComponentTypeId) VALUES("Fibre1000046_Cable0001", "Cable0001", 5005);
INSERT INTO Components(ComponentID, ParentID, ComponentTypeId) VALUES("Fibre1000047_Cable0001", "Cable0001", 5005);
INSERT INTO Components(ComponentID, ParentID, ComponentTypeId) VALUES("Fibre1000048_Cable0001", "Cable0001", 5005);
INSERT INTO Components(ComponentID, ParentID, ComponentTypeId) VALUES("Fibre1000049_Cable0001", "Cable0001", 5005);
INSERT INTO Components(ComponentID, ParentID, ComponentTypeId) VALUES("Fibre1000050_Cable0001", "Cable0001", 5005);
INSERT INTO Components(ComponentID, ParentID, ComponentTypeId) VALUES("Fibre1000051_Cable0001", "Cable0001", 5005);
INSERT INTO Components(ComponentID, ParentID, ComponentTypeId) VALUES("Fibre1000052_Cable0001", "Cable0001", 5005);
INSERT INTO Components(ComponentID, ParentID, ComponentTypeId) VALUES("Fibre1000053_Cable0001", "Cable0001", 5005);
INSERT INTO Components(ComponentID, ParentID, ComponentTypeId) VALUES("Fibre1000054_Cable0001", "Cable0001", 5005);
INSERT INTO Components(ComponentID, ParentID, ComponentTypeId) VALUES("Fibre1000055_Cable0001", "Cable0001", 5005);
INSERT INTO Components(ComponentID, ParentID, ComponentTypeId) VALUES("Fibre1000056_Cable0001", "Cable0001", 5005);
INSERT INTO Components(ComponentID, ParentID, ComponentTypeId) VALUES("Fibre1000057_Cable0001", "Cable0001", 5005);
INSERT INTO Components(ComponentID, ParentID, ComponentTypeId) VALUES("Fibre1000058_Cable0001", "Cable0001", 5005);
INSERT INTO Components(ComponentID, ParentID, ComponentTypeId) VALUES("Fibre1000059_Cable0001", "Cable0001", 5005);
INSERT INTO Components(ComponentID, ParentID, ComponentTypeId) VALUES("Fibre1000060_Cable0001", "Cable0001", 5005);
INSERT INTO Components(ComponentID, ParentID, ComponentTypeId) VALUES("Fibre1000061_Cable0001", "Cable0001", 5005);
INSERT INTO Components(ComponentID, ParentID, ComponentTypeId) VALUES("Fibre1000062_Cable0001", "Cable0001", 5005);
INSERT INTO Components(ComponentID, ParentID, ComponentTypeId) VALUES("Fibre1000063_Cable0001", "Cable0001", 5005);
INSERT INTO Components(ComponentID, ParentID, ComponentTypeId) VALUES("Fibre1000064_Cable0001", "Cable0001", 5005);
INSERT INTO Components(ComponentID, ParentID, ComponentTypeId) VALUES("Fibre1000065_Cable0001", "Cable0001", 5005);
INSERT INTO Components(ComponentID, ParentID, ComponentTypeId) VALUES("Fibre1000066_Cable0001", "Cable0001", 5005);
INSERT INTO Components(ComponentID, ParentID, ComponentTypeId) VALUES("Fibre1000067_Cable0001", "Cable0001", 5005);
INSERT INTO Components(ComponentID, ParentID, ComponentTypeId) VALUES("Fibre1000068_Cable0001", "Cable0001", 5005);
INSERT INTO Components(ComponentID, ParentID, ComponentTypeId) VALUES("Fibre1000069_Cable0001", "Cable0001", 5005);
INSERT INTO Components(ComponentID, ParentID, ComponentTypeId) VALUES("Fibre1000070_Cable0001", "Cable0001", 5005);
INSERT INTO Components(ComponentID, ParentID, ComponentTypeId) VALUES("Fibre1000071_Cable0001", "Cable0001", 5005);
INSERT INTO Components(ComponentID, ParentID, ComponentTypeId) VALUES("Fibre1000072_Cable0001", "Cable0001", 5005);
INSERT INTO Components(ComponentID, ParentID, ComponentTypeId) VALUES("Fibre1000073_Cable0001", "Cable0001", 5005);
INSERT INTO Components(ComponentID, ParentID, ComponentTypeId) VALUES("Fibre1000074_Cable0001", "Cable0001", 5005);
INSERT INTO Components(ComponentID, ParentID, ComponentTypeId) VALUES("Fibre1000075_Cable0001", "Cable0001", 5005);
INSERT INTO Components(ComponentID, ParentID, ComponentTypeId) VALUES("Fibre1000076_Cable0001", "Cable0001", 5005);
INSERT INTO Components(ComponentID, ParentID, ComponentTypeId) VALUES("Fibre1000077_Cable0001", "Cable0001", 5005);
INSERT INTO Components(ComponentID, ParentID, ComponentTypeId) VALUES("Fibre1000078_Cable0001", "Cable0001", 5005);
INSERT INTO Components(ComponentID, ParentID, ComponentTypeId) VALUES("Fibre1000079_Cable0001", "Cable0001", 5005);
INSERT INTO Components(ComponentID, ParentID, ComponentTypeId) VALUES("Fibre1000080_Cable0001", "Cable0001", 5005);
INSERT INTO Components(ComponentID, ParentID, ComponentTypeId) VALUES("Fibre1000081_Cable0001", "Cable0001", 5005);
INSERT INTO Components(ComponentID, ParentID, ComponentTypeId) VALUES("Fibre1000082_Cable0001", "Cable0001", 5005);
INSERT INTO Components(ComponentID, ParentID, ComponentTypeId) VALUES("Fibre1000083_Cable0001", "Cable0001", 5005);
INSERT INTO Components(ComponentID, ParentID, ComponentTypeId) VALUES("Fibre1000084_Cable0001", "Cable0001", 5005);
INSERT INTO Components(ComponentID, ParentID, ComponentTypeId) VALUES("Fibre1000085_Cable0001", "Cable0001", 5005);
INSERT INTO Components(ComponentID, ParentID, ComponentTypeId) VALUES("Fibre1000086_Cable0001", "Cable0001", 5005);
INSERT INTO Components(ComponentID, ParentID, ComponentTypeId) VALUES("Fibre1000087_Cable0001", "Cable0001", 5005);
INSERT INTO Components(ComponentID, ParentID, ComponentTypeId) VALUES("Fibre1000088_Cable0001", "Cable0001", 5005);
INSERT INTO Components(ComponentID, ParentID, ComponentTypeId) VALUES("Fibre1000089_Cable0001", "Cable0001", 5005);
INSERT INTO Components(ComponentID, ParentID, ComponentTypeId) VALUES("Fibre1000090_Cable0001", "Cable0001", 5005);
INSERT INTO Components(ComponentID, ParentID, ComponentTypeId) VALUES("Fibre1000091_Cable0001", "Cable0001", 5005);
INSERT INTO Components(ComponentID, ParentID, ComponentTypeId) VALUES("Fibre1000092_Cable0001", "Cable0001", 5005);
INSERT INTO Components(ComponentID, ParentID, ComponentTypeId) VALUES("Fibre1000093_Cable0001", "Cable0001", 5005);
INSERT INTO Components(ComponentID, ParentID, ComponentTypeId) VALUES("Fibre1000094_Cable0001", "Cable0001", 5005);
INSERT INTO Components(ComponentID, ParentID, ComponentTypeId) VALUES("Fibre1000095_Cable0001", "Cable0001", 5005);
INSERT INTO Components(ComponentID, ParentID, ComponentTypeId) VALUES("Fibre1000096_Cable0001", "Cable0001", 5005);
INSERT INTO Components(ComponentID, ParentID, ComponentTypeId) VALUES("Fibre1000097_Cable0001", "Cable0001", 5005);
INSERT INTO Components(ComponentID, ParentID, ComponentTypeId) VALUES("Fibre1000098_Cable0001", "Cable0001", 5005);
INSERT INTO Components(ComponentID, ParentID, ComponentTypeId) VALUES("Fibre1000099_Cable0001", "Cable0001", 5005);
INSERT INTO Components(ComponentID, ParentID, ComponentTypeId) VALUES("Fibre1000100_Cable0001", "Cable0001", 5005);
INSERT INTO Components(ComponentID, ParentID, ComponentTypeId) VALUES("Fibre1000101_Cable0001", "Cable0001", 5005);
INSERT INTO Components(ComponentID, ParentID, ComponentTypeId) VALUES("Fibre1000102_Cable0001", "Cable0001", 5005);
INSERT INTO Components(ComponentID, ParentID, ComponentTypeId) VALUES("Fibre1000103_Cable0001", "Cable0001", 5005);
INSERT INTO Components(ComponentID, ParentID, ComponentTypeId) VALUES("Fibre1000104_Cable0001", "Cable0001", 5005);
INSERT INTO Components(ComponentID, ParentID, ComponentTypeId) VALUES("Fibre1000105_Cable0001", "Cable0001", 5005);
INSERT INTO Components(ComponentID, ParentID, ComponentTypeId) VALUES("Fibre1000106_Cable0001", "Cable0001", 5005);
INSERT INTO Components(ComponentID, ParentID, ComponentTypeId) VALUES("Fibre1000107_Cable0001", "Cable0001", 5005);
INSERT INTO Components(ComponentID, ParentID, ComponentTypeId) VALUES("Fibre1000108_Cable0001", "Cable0001", 5005);
INSERT INTO Components(ComponentID, ParentID, ComponentTypeId) VALUES("Fibre1000109_Cable0001", "Cable0001", 5005);
INSERT INTO Components(ComponentID, ParentID, ComponentTypeId) VALUES("Fibre1000110_Cable0001", "Cable0001", 5005);
INSERT INTO Components(ComponentID, ParentID, ComponentTypeId) VALUES("Fibre1000111_Cable0001", "Cable0001", 5005);
INSERT INTO Components(ComponentID, ParentID, ComponentTypeId) VALUES("Fibre1000112_Cable0001", "Cable0001", 5005);
INSERT INTO Components(ComponentID, ParentID, ComponentTypeId) VALUES("Fibre1000113_Cable0001", "Cable0001", 5005);
INSERT INTO Components(ComponentID, ParentID, ComponentTypeId) VALUES("Fibre1000114_Cable0001", "Cable0001", 5005);
INSERT INTO Components(ComponentID, ParentID, ComponentTypeId) VALUES("Fibre1000115_Cable0001", "Cable0001", 5005);
INSERT INTO Components(ComponentID, ParentID, ComponentTypeId) VALUES("Fibre1000116_Cable0001", "Cable0001", 5005);
INSERT INTO Components(ComponentID, ParentID, ComponentTypeId) VALUES("Fibre1000117_Cable0001", "Cable0001", 5005);
INSERT INTO Components(ComponentID, ParentID, ComponentTypeId) VALUES("Fibre1000118_Cable0001", "Cable0001", 5005);
INSERT INTO Components(ComponentID, ParentID, ComponentTypeId) VALUES("Fibre1000119_Cable0001", "Cable0001", 5005);
INSERT INTO Components(ComponentID, ParentID, ComponentTypeId) VALUES("Fibre1000120_Cable0001", "Cable0001", 5005);
INSERT INTO Components(ComponentID, ParentID, ComponentTypeId) VALUES("Fibre1000121_Cable0001", "Cable0001", 5005);
INSERT INTO Components(ComponentID, ParentID, ComponentTypeId) VALUES("Fibre1000122_Cable0001", "Cable0001", 5005);
INSERT INTO Components(ComponentID, ParentID, ComponentTypeId) VALUES("Fibre1000123_Cable0001", "Cable0001", 5005);
INSERT INTO Components(ComponentID, ParentID, ComponentTypeId) VALUES("Fibre1000124_Cable0001", "Cable0001", 5005);
INSERT INTO Components(ComponentID, ParentID, ComponentTypeId) VALUES("Fibre1000125_Cable0001", "Cable0001", 5005);
INSERT INTO Components(ComponentID, ParentID, ComponentTypeId) VALUES("Fibre1000126_Cable0001", "Cable0001", 5005);
INSERT INTO Components(ComponentID, ParentID, ComponentTypeId) VALUES("Fibre1000127_Cable0001", "Cable0001", 5005);
INSERT INTO Components(ComponentID, ParentID, ComponentTypeId) VALUES("Fibre1000128_Cable0001", "Cable0001", 5005);
INSERT INTO Components(ComponentID, ParentID, ComponentTypeId) VALUES("Fibre1000129_Cable0001", "Cable0001", 5005);
INSERT INTO Components(ComponentID, ParentID, ComponentTypeId) VALUES("Fibre1000130_Cable0001", "Cable0001", 5005);
INSERT INTO Components(ComponentID, ParentID, ComponentTypeId) VALUES("Fibre1000131_Cable0001", "Cable0001", 5005);
INSERT INTO Components(ComponentID, ParentID, ComponentTypeId) VALUES("Fibre1000132_Cable0001", "Cable0001", 5005);
INSERT INTO Components(ComponentID, ParentID, ComponentTypeId) VALUES("Fibre1000133_Cable0001", "Cable0001", 5005);
INSERT INTO Components(ComponentID, ParentID, ComponentTypeId) VALUES("Fibre1000134_Cable0001", "Cable0001", 5005);
INSERT INTO Components(ComponentID, ParentID, ComponentTypeId) VALUES("Fibre1000135_Cable0001", "Cable0001", 5005);
INSERT INTO Components(ComponentID, ParentID, ComponentTypeId) VALUES("Fibre1000136_Cable0001", "Cable0001", 5005);
INSERT INTO Components(ComponentID, ParentID, ComponentTypeId) VALUES("Fibre1000137_Cable0001", "Cable0001", 5005);
INSERT INTO Components(ComponentID, ParentID, ComponentTypeId) VALUES("Fibre1000138_Cable0001", "Cable0001", 5005);
INSERT INTO Components(ComponentID, ParentID, ComponentTypeId) VALUES("Fibre1000139_Cable0001", "Cable0001", 5005);
INSERT INTO Components(ComponentID, ParentID, ComponentTypeId) VALUES("Fibre1000140_Cable0001", "Cable0001", 5005);
INSERT INTO Components(ComponentID, ParentID, ComponentTypeId) VALUES("Fibre1000141_Cable0001", "Cable0001", 5005);
INSERT INTO Components(ComponentID, ParentID, ComponentTypeId) VALUES("Fibre1000142_Cable0001", "Cable0001", 5005);
INSERT INTO Components(ComponentID, ParentID, ComponentTypeId) VALUES("Fibre1000143_Cable0001", "Cable0001", 5005);
INSERT INTO Components(ComponentID, ParentID, ComponentTypeId) VALUES("Fibre1000144_Cable0001", "Cable0001", 5005);
INSERT INTO Components(ComponentID, ParentID, ComponentTypeId) VALUES("Fibre1000145_Cable0001", "Cable0001", 5005);
INSERT INTO Components(ComponentID, ParentID, ComponentTypeId) VALUES("Fibre1000146_Cable0001", "Cable0001", 5005);
INSERT INTO Components(ComponentID, ParentID, ComponentTypeId) VALUES("Fibre1000147_Cable0001", "Cable0001", 5005);
INSERT INTO Components(ComponentID, ParentID, ComponentTypeId) VALUES("Fibre1000148_Cable0001", "Cable0001", 5005);
INSERT INTO Components(ComponentID, ParentID, ComponentTypeId) VALUES("Fibre1000149_Cable0001", "Cable0001", 5005);
INSERT INTO Components(ComponentID, ParentID, ComponentTypeId) VALUES("Fibre1000150_Cable0001", "Cable0001", 5005);
INSERT INTO Components(ComponentID, ParentID, ComponentTypeId) VALUES("Fibre1000151_Cable0001", "Cable0001", 5005);
INSERT INTO Components(ComponentID, ParentID, ComponentTypeId) VALUES("Fibre1000152_Cable0001", "Cable0001", 5005);
INSERT INTO Components(ComponentID, ParentID, ComponentTypeId) VALUES("Fibre1000153_Cable0001", "Cable0001", 5005);
INSERT INTO Components(ComponentID, ParentID, ComponentTypeId) VALUES("Fibre1000154_Cable0001", "Cable0001", 5005);
INSERT INTO Components(ComponentID, ParentID, ComponentTypeId) VALUES("Fibre1000155_Cable0001", "Cable0001", 5005);
INSERT INTO Components(ComponentID, ParentID, ComponentTypeId) VALUES("Fibre1000156_Cable0001", "Cable0001", 5005);
INSERT INTO Components(ComponentID, ParentID, ComponentTypeId) VALUES("Fibre1000157_Cable0001", "Cable0001", 5005);
INSERT INTO Components(ComponentID, ParentID, ComponentTypeId) VALUES("Fibre1000158_Cable0001", "Cable0001", 5005);
INSERT INTO Components(ComponentID, ParentID, ComponentTypeId) VALUES("Fibre1000159_Cable0001", "Cable0001", 5005);
INSERT INTO Components(ComponentID, ParentID, ComponentTypeId) VALUES("Fibre1000160_Cable0001", "Cable0001", 5005);
INSERT INTO Components(ComponentID, ParentID, ComponentTypeId) VALUES("Fibre1000161_Cable0001", "Cable0001", 5005);
INSERT INTO Components(ComponentID, ParentID, ComponentTypeId) VALUES("Fibre1000162_Cable0001", "Cable0001", 5005);
INSERT INTO Components(ComponentID, ParentID, ComponentTypeId) VALUES("Fibre1000163_Cable0001", "Cable0001", 5005);
INSERT INTO Components(ComponentID, ParentID, ComponentTypeId) VALUES("Fibre1000164_Cable0001", "Cable0001", 5005);
INSERT INTO Components(ComponentID, ParentID, ComponentTypeId) VALUES("Fibre1000165_Cable0001", "Cable0001", 5005);
INSERT INTO Components(ComponentID, ParentID, ComponentTypeId) VALUES("Fibre1000166_Cable0001", "Cable0001", 5005);
INSERT INTO Components(ComponentID, ParentID, ComponentTypeId) VALUES("Fibre1000167_Cable0001", "Cable0001", 5005);
INSERT INTO Components(ComponentID, ParentID, ComponentTypeId) VALUES("Fibre1000168_Cable0001", "Cable0001", 5005);
INSERT INTO Components(ComponentID, ParentID, ComponentTypeId) VALUES("Fibre1000169_Cable0001", "Cable0001", 5005);
INSERT INTO Components(ComponentID, ParentID, ComponentTypeId) VALUES("Fibre1000170_Cable0001", "Cable0001", 5005);
INSERT INTO Components(ComponentID, ParentID, ComponentTypeId) VALUES("Fibre1000171_Cable0001", "Cable0001", 5005);
INSERT INTO Components(ComponentID, ParentID, ComponentTypeId) VALUES("Fibre1000172_Cable0001", "Cable0001", 5005);
INSERT INTO Components(ComponentID, ParentID, ComponentTypeId) VALUES("Fibre1000173_Cable0001", "Cable0001", 5005);
INSERT INTO Components(ComponentID, ParentID, ComponentTypeId) VALUES("Fibre1000174_Cable0001", "Cable0001", 5005);
INSERT INTO Components(ComponentID, ParentID, ComponentTypeId) VALUES("Fibre1000175_Cable0001", "Cable0001", 5005);
INSERT INTO Components(ComponentID, ParentID, ComponentTypeId) VALUES("Fibre1000176_Cable0001", "Cable0001", 5005);
INSERT INTO Components(ComponentID, ParentID, ComponentTypeId) VALUES("Fibre1000177_Cable0001", "Cable0001", 5005);
INSERT INTO Components(ComponentID, ParentID, ComponentTypeId) VALUES("Fibre1000178_Cable0001", "Cable0001", 5005);
INSERT INTO Components(ComponentID, ParentID, ComponentTypeId) VALUES("Fibre1000179_Cable0001", "Cable0001", 5005);
INSERT INTO Components(ComponentID, ParentID, ComponentTypeId) VALUES("Fibre1000180_Cable0001", "Cable0001", 5005);
INSERT INTO Components(ComponentID, ParentID, ComponentTypeId) VALUES("Fibre1000181_Cable0001", "Cable0001", 5005);
INSERT INTO Components(ComponentID, ParentID, ComponentTypeId) VALUES("Fibre1000182_Cable0001", "Cable0001", 5005);
INSERT INTO Components(ComponentID, ParentID, ComponentTypeId) VALUES("Fibre1000183_Cable0001", "Cable0001", 5005);
INSERT INTO Components(ComponentID, ParentID, ComponentTypeId) VALUES("Fibre1000184_Cable0001", "Cable0001", 5005);
INSERT INTO Components(ComponentID, ParentID, ComponentTypeId) VALUES("Fibre1000185_Cable0001", "Cable0001", 5005);
INSERT INTO Components(ComponentID, ParentID, ComponentTypeId) VALUES("Fibre1000186_Cable0001", "Cable0001", 5005);
INSERT INTO Components(ComponentID, ParentID, ComponentTypeId) VALUES("Fibre1000187_Cable0001", "Cable0001", 5005);
INSERT INTO Components(ComponentID, ParentID, ComponentTypeId) VALUES("Fibre1000188_Cable0001", "Cable0001", 5005);
INSERT INTO Components(ComponentID, ParentID, ComponentTypeId) VALUES("Fibre1000189_Cable0001", "Cable0001", 5005);
INSERT INTO Components(ComponentID, ParentID, ComponentTypeId) VALUES("Fibre1000190_Cable0001", "Cable0001", 5005);
INSERT INTO Components(ComponentID, ParentID, ComponentTypeId) VALUES("Fibre1000191_Cable0001", "Cable0001", 5005);
INSERT INTO Components(ComponentID, ParentID, ComponentTypeId) VALUES("Fibre1000192_Cable0001", "Cable0001", 5005);
INSERT INTO Components(ComponentID, ParentID, ComponentTypeId) VALUES("Fibre1000193_Cable0001", "Cable0001", 5005);
INSERT INTO Components(ComponentID, ParentID, ComponentTypeId) VALUES("Fibre1000194_Cable0001", "Cable0001", 5005);
INSERT INTO Components(ComponentID, ParentID, ComponentTypeId) VALUES("Fibre1000195_Cable0001", "Cable0001", 5005);
INSERT INTO Components(ComponentID, ParentID, ComponentTypeId) VALUES("Fibre1000196_Cable0001", "Cable0001", 5005);
INSERT INTO Components(ComponentID, ParentID, ComponentTypeId) VALUES("Fibre1000197_Cable0001", "Cable0001", 5005);
INSERT INTO Components(ComponentID, ParentID, ComponentTypeId) VALUES("Fibre1000198_Cable0001", "Cable0001", 5005);
INSERT INTO Components(ComponentID, ParentID, ComponentTypeId) VALUES("Fibre1000199_Cable0001", "Cable0001", 5005);
INSERT INTO Components(ComponentID, ParentID, ComponentTypeId) VALUES("Fibre1000200_Cable0001", "Cable0001", 5005);
INSERT INTO Components(ComponentID, ParentID, ComponentTypeId) VALUES("Fibre1000201_Cable0001", "Cable0001", 5005);
INSERT INTO Components(ComponentID, ParentID, ComponentTypeId) VALUES("Fibre1000202_Cable0001", "Cable0001", 5005);
INSERT INTO Components(ComponentID, ParentID, ComponentTypeId) VALUES("Fibre1000203_Cable0001", "Cable0001", 5005);
INSERT INTO Components(ComponentID, ParentID, ComponentTypeId) VALUES("Fibre1000204_Cable0001", "Cable0001", 5005);
INSERT INTO Components(ComponentID, ParentID, ComponentTypeId) VALUES("Fibre1000205_Cable0001", "Cable0001", 5005);
INSERT INTO Components(ComponentID, ParentID, ComponentTypeId) VALUES("Fibre1000206_Cable0001", "Cable0001", 5005);
INSERT INTO Components(ComponentID, ParentID, ComponentTypeId) VALUES("Fibre1000207_Cable0001", "Cable0001", 5005);
INSERT INTO Components(ComponentID, ParentID, ComponentTypeId) VALUES("Fibre1000208_Cable0001", "Cable0001", 5005);
INSERT INTO Components(ComponentID, ParentID, ComponentTypeId) VALUES("Fibre1000209_Cable0001", "Cable0001", 5005);
INSERT INTO Components(ComponentID, ParentID, ComponentTypeId) VALUES("Fibre1000210_Cable0001", "Cable0001", 5005);
INSERT INTO Components(ComponentID, ParentID, ComponentTypeId) VALUES("Fibre1000211_Cable0001", "Cable0001", 5005);
INSERT INTO Components(ComponentID, ParentID, ComponentTypeId) VALUES("Fibre1000212_Cable0001", "Cable0001", 5005);
INSERT INTO Components(ComponentID, ParentID, ComponentTypeId) VALUES("Fibre1000213_Cable0001", "Cable0001", 5005);
INSERT INTO Components(ComponentID, ParentID, ComponentTypeId) VALUES("Fibre1000214_Cable0001", "Cable0001", 5005);
INSERT INTO Components(ComponentID, ParentID, ComponentTypeId) VALUES("Fibre1000215_Cable0001", "Cable0001", 5005);
INSERT INTO Components(ComponentID, ParentID, ComponentTypeId) VALUES("Fibre1000216_Cable0001", "Cable0001", 5005);
INSERT INTO Components(ComponentID, ParentID, ComponentTypeId) VALUES("Fibre1000217_Cable0001", "Cable0001", 5005);
INSERT INTO Components(ComponentID, ParentID, ComponentTypeId) VALUES("Fibre1000218_Cable0001", "Cable0001", 5005);
INSERT INTO Components(ComponentID, ParentID, ComponentTypeId) VALUES("Fibre1000219_Cable0001", "Cable0001", 5005);
INSERT INTO Components(ComponentID, ParentID, ComponentTypeId) VALUES("Fibre1000220_Cable0001", "Cable0001", 5005);
INSERT INTO Components(ComponentID, ParentID, ComponentTypeId) VALUES("Fibre1000221_Cable0001", "Cable0001", 5005);
INSERT INTO Components(ComponentID, ParentID, ComponentTypeId) VALUES("Fibre1000222_Cable0001", "Cable0001", 5005);
INSERT INTO Components(ComponentID, ParentID, ComponentTypeId) VALUES("Fibre1000223_Cable0001", "Cable0001", 5005);
INSERT INTO Components(ComponentID, ParentID, ComponentTypeId) VALUES("Fibre1000224_Cable0001", "Cable0001", 5005);
INSERT INTO Components(ComponentID, ParentID, ComponentTypeId) VALUES("Fibre1000225_Cable0001", "Cable0001", 5005);
INSERT INTO Components(ComponentID, ParentID, ComponentTypeId) VALUES("Fibre1000226_Cable0001", "Cable0001", 5005);
INSERT INTO Components(ComponentID, ParentID, ComponentTypeId) VALUES("Fibre1000227_Cable0001", "Cable0001", 5005);
INSERT INTO Components(ComponentID, ParentID, ComponentTypeId) VALUES("Fibre1000228_Cable0001", "Cable0001", 5005);
INSERT INTO Components(ComponentID, ParentID, ComponentTypeId) VALUES("Fibre1000229_Cable0001", "Cable0001", 5005);
INSERT INTO Components(ComponentID, ParentID, ComponentTypeId) VALUES("Fibre1000230_Cable0001", "Cable0001", 5005);
INSERT INTO Components(ComponentID, ParentID, ComponentTypeId) VALUES("Fibre1000231_Cable0001", "Cable0001", 5005);
INSERT INTO Components(ComponentID, ParentID, ComponentTypeId) VALUES("Fibre1000232_Cable0001", "Cable0001", 5005);
INSERT INTO Components(ComponentID, ParentID, ComponentTypeId) VALUES("Fibre1000233_Cable0001", "Cable0001", 5005);
INSERT INTO Components(ComponentID, ParentID, ComponentTypeId) VALUES("Fibre1000234_Cable0001", "Cable0001", 5005);
INSERT INTO Components(ComponentID, ParentID, ComponentTypeId) VALUES("Fibre1000235_Cable0001", "Cable0001", 5005);
INSERT INTO Components(ComponentID, ParentID, ComponentTypeId) VALUES("Fibre1000236_Cable0001", "Cable0001", 5005);
INSERT INTO Components(ComponentID, ParentID, ComponentTypeId) VALUES("Fibre1000237_Cable0001", "Cable0001", 5005);
INSERT INTO Components(ComponentID, ParentID, ComponentTypeId) VALUES("Fibre1000238_Cable0001", "Cable0001", 5005);
INSERT INTO Components(ComponentID, ParentID, ComponentTypeId) VALUES("Fibre1000239_Cable0001", "Cable0001", 5005);
INSERT INTO Components(ComponentID, ParentID, ComponentTypeId) VALUES("Fibre1000240_Cable0001", "Cable0001", 5005);
INSERT INTO Components(ComponentID, ParentID, ComponentTypeId) VALUES("Fibre1000241_Cable0001", "Cable0001", 5005);
INSERT INTO Components(ComponentID, ParentID, ComponentTypeId) VALUES("Fibre1000242_Cable0001", "Cable0001", 5005);
INSERT INTO Components(ComponentID, ParentID, ComponentTypeId) VALUES("Fibre1000243_Cable0001", "Cable0001", 5005);
INSERT INTO Components(ComponentID, ParentID, ComponentTypeId) VALUES("Fibre1000244_Cable0001", "Cable0001", 5005);
INSERT INTO Components(ComponentID, ParentID, ComponentTypeId) VALUES("Fibre1000245_Cable0001", "Cable0001", 5005);
INSERT INTO Components(ComponentID, ParentID, ComponentTypeId) VALUES("Fibre1000246_Cable0001", "Cable0001", 5005);
INSERT INTO Components(ComponentID, ParentID, ComponentTypeId) VALUES("Fibre1000247_Cable0001", "Cable0001", 5005);
INSERT INTO Components(ComponentID, ParentID, ComponentTypeId) VALUES("Fibre1000248_Cable0001", "Cable0001", 5005);
INSERT INTO Components(ComponentID, ParentID, ComponentTypeId) VALUES("Fibre1000249_Cable0001", "Cable0001", 5005);
INSERT INTO Components(ComponentID, ParentID, ComponentTypeId) VALUES("Fibre1000250_Cable0001", "Cable0001", 5005);
INSERT INTO Components(ComponentID, ParentID, ComponentTypeId) VALUES("Fibre1000251_Cable0001", "Cable0001", 5005);
INSERT INTO Components(ComponentID, ParentID, ComponentTypeId) VALUES("Fibre1000252_Cable0001", "Cable0001", 5005);
INSERT INTO Components(ComponentID, ParentID, ComponentTypeId) VALUES("Fibre1000253_Cable0001", "Cable0001", 5005);
INSERT INTO Components(ComponentID, ParentID, ComponentTypeId) VALUES("Fibre1000254_Cable0001", "Cable0001", 5005);
INSERT INTO Components(ComponentID, ParentID, ComponentTypeId) VALUES("Fibre1000255_Cable0001", "Cable0001", 5005);
INSERT INTO Components(ComponentID, ParentID, ComponentTypeId) VALUES("Fibre1000256_Cable0001", "Cable0001", 5005);
INSERT INTO Components(ComponentID, ParentID, ComponentTypeId) VALUES("Fibre1000257_Cable0001", "Cable0001", 5005);
INSERT INTO Components(ComponentID, ParentID, ComponentTypeId) VALUES("Fibre1000258_Cable0001", "Cable0001", 5005);
INSERT INTO Components(ComponentID, ParentID, ComponentTypeId) VALUES("Fibre1000259_Cable0001", "Cable0001", 5005);
INSERT INTO Components(ComponentID, ParentID, ComponentTypeId) VALUES("Fibre1000260_Cable0001", "Cable0001", 5005);
INSERT INTO Components(ComponentID, ParentID, ComponentTypeId) VALUES("Fibre1000261_Cable0001", "Cable0001", 5005);
INSERT INTO Components(ComponentID, ParentID, ComponentTypeId) VALUES("Fibre1000262_Cable0001", "Cable0001", 5005);
INSERT INTO Components(ComponentID, ParentID, ComponentTypeId) VALUES("Fibre1000263_Cable0001", "Cable0001", 5005);
INSERT INTO Components(ComponentID, ParentID, ComponentTypeId) VALUES("Fibre1000264_Cable0001", "Cable0001", 5005);
INSERT INTO Components(ComponentID, ParentID, ComponentTypeId) VALUES("Fibre1000265_Cable0001", "Cable0001", 5005);
INSERT INTO Components(ComponentID, ParentID, ComponentTypeId) VALUES("Fibre1000266_Cable0001", "Cable0001", 5005);
INSERT INTO Components(ComponentID, ParentID, ComponentTypeId) VALUES("Fibre1000267_Cable0001", "Cable0001", 5005);
INSERT INTO Components(ComponentID, ParentID, ComponentTypeId) VALUES("Fibre1000268_Cable0001", "Cable0001", 5005);
INSERT INTO Components(ComponentID, ParentID, ComponentTypeId) VALUES("Fibre1000269_Cable0001", "Cable0001", 5005);
INSERT INTO Components(ComponentID, ParentID, ComponentTypeId) VALUES("Fibre1000270_Cable0001", "Cable0001", 5005);
INSERT INTO Components(ComponentID, ParentID, ComponentTypeId) VALUES("Fibre1000271_Cable0001", "Cable0001", 5005);
INSERT INTO Components(ComponentID, ParentID, ComponentTypeId) VALUES("Fibre1000272_Cable0001", "Cable0001", 5005);
INSERT INTO Components(ComponentID, ParentID, ComponentTypeId) VALUES("Fibre1000273_Cable0001", "Cable0001", 5005);
INSERT INTO Components(ComponentID, ParentID, ComponentTypeId) VALUES("Fibre1000274_Cable0001", "Cable0001", 5005);
INSERT INTO Components(ComponentID, ParentID, ComponentTypeId) VALUES("Fibre1000275_Cable0001", "Cable0001", 5005);
INSERT INTO Components(ComponentID, ParentID, ComponentTypeId) VALUES("Fibre1000276_Cable0001", "Cable0001", 5005);
INSERT INTO Components(ComponentID, ParentID, ComponentTypeId) VALUES("Fibre1000277_Cable0001", "Cable0001", 5005);
INSERT INTO Components(ComponentID, ParentID, ComponentTypeId) VALUES("Fibre1000278_Cable0001", "Cable0001", 5005);
INSERT INTO Components(ComponentID, ParentID, ComponentTypeId) VALUES("Fibre1000279_Cable0001", "Cable0001", 5005);
INSERT INTO Components(ComponentID, ParentID, ComponentTypeId) VALUES("Fibre1000280_Cable0001", "Cable0001", 5005);
INSERT INTO Components(ComponentID, ParentID, ComponentTypeId) VALUES("Fibre1000281_Cable0001", "Cable0001", 5005);
INSERT INTO Components(ComponentID, ParentID, ComponentTypeId) VALUES("Fibre1000282_Cable0001", "Cable0001", 5005);
INSERT INTO Components(ComponentID, ParentID, ComponentTypeId) VALUES("Fibre1000283_Cable0001", "Cable0001", 5005);
INSERT INTO Components(ComponentID, ParentID, ComponentTypeId) VALUES("Fibre1000284_Cable0001", "Cable0001", 5005);
INSERT INTO Components(ComponentID, ParentID, ComponentTypeId) VALUES("Fibre1000285_Cable0001", "Cable0001", 5005);
INSERT INTO Components(ComponentID, ParentID, ComponentTypeId) VALUES("Fibre1000286_Cable0001", "Cable0001", 5005);
INSERT INTO Components(ComponentID, ParentID, ComponentTypeId) VALUES("Fibre1000287_Cable0001", "Cable0001", 5005);
INSERT INTO Components(ComponentID, ParentID, ComponentTypeId) VALUES("Fibre1000288_Cable0001", "Cable0001", 5005);
INSERT INTO Components(ComponentID, ParentID, ComponentTypeId) VALUES("Fibre1000001_Cable0002", "Cable0002", 5005);
INSERT INTO Components(ComponentID, ParentID, ComponentTypeId) VALUES("Fibre1000002_Cable0002", "Cable0002", 5005);
INSERT INTO Components(ComponentID, ParentID, ComponentTypeId) VALUES("Fibre1000003_Cable0002", "Cable0002", 5005);
INSERT INTO Components(ComponentID, ParentID, ComponentTypeId) VALUES("Fibre1000004_Cable0002", "Cable0002", 5005);
INSERT INTO Components(ComponentID, ParentID, ComponentTypeId) VALUES("Fibre1000005_Cable0002", "Cable0002", 5005);
INSERT INTO Components(ComponentID, ParentID, ComponentTypeId) VALUES("Fibre1000006_Cable0002", "Cable0002", 5005);
INSERT INTO Components(ComponentID, ParentID, ComponentTypeId) VALUES("Fibre1000007_Cable0002", "Cable0002", 5005);
INSERT INTO Components(ComponentID, ParentID, ComponentTypeId) VALUES("Fibre1000008_Cable0002", "Cable0002", 5005);
INSERT INTO Components(ComponentID, ParentID, ComponentTypeId) VALUES("Fibre1000009_Cable0002", "Cable0002", 5005);
INSERT INTO Components(ComponentID, ParentID, ComponentTypeId) VALUES("Fibre1000010_Cable0002", "Cable0002", 5005);
INSERT INTO Components(ComponentID, ParentID, ComponentTypeId) VALUES("Fibre1000011_Cable0002", "Cable0002", 5005);
INSERT INTO Components(ComponentID, ParentID, ComponentTypeId) VALUES("Fibre1000012_Cable0002", "Cable0002", 5005);
INSERT INTO Components(ComponentID, ParentID, ComponentTypeId) VALUES("Fibre1000013_Cable0002", "Cable0002", 5005);
INSERT INTO Components(ComponentID, ParentID, ComponentTypeId) VALUES("Fibre1000014_Cable0002", "Cable0002", 5005);
INSERT INTO Components(ComponentID, ParentID, ComponentTypeId) VALUES("Fibre1000015_Cable0002", "Cable0002", 5005);
INSERT INTO Components(ComponentID, ParentID, ComponentTypeId) VALUES("Fibre1000016_Cable0002", "Cable0002", 5005);
INSERT INTO Components(ComponentID, ParentID, ComponentTypeId) VALUES("Fibre1000017_Cable0002", "Cable0002", 5005);
INSERT INTO Components(ComponentID, ParentID, ComponentTypeId) VALUES("Fibre1000018_Cable0002", "Cable0002", 5005);
INSERT INTO Components(ComponentID, ParentID, ComponentTypeId) VALUES("Fibre1000019_Cable0002", "Cable0002", 5005);
INSERT INTO Components(ComponentID, ParentID, ComponentTypeId) VALUES("Fibre1000020_Cable0002", "Cable0002", 5005);
INSERT INTO Components(ComponentID, ParentID, ComponentTypeId) VALUES("Fibre1000021_Cable0002", "Cable0002", 5005);
INSERT INTO Components(ComponentID, ParentID, ComponentTypeId) VALUES("Fibre1000022_Cable0002", "Cable0002", 5005);
INSERT INTO Components(ComponentID, ParentID, ComponentTypeId) VALUES("Fibre1000023_Cable0002", "Cable0002", 5005);
INSERT INTO Components(ComponentID, ParentID, ComponentTypeId) VALUES("Fibre1000024_Cable0002", "Cable0002", 5005);
INSERT INTO Components(ComponentID, ParentID, ComponentTypeId) VALUES("Fibre1000025_Cable0002", "Cable0002", 5005);
INSERT INTO Components(ComponentID, ParentID, ComponentTypeId) VALUES("Fibre1000026_Cable0002", "Cable0002", 5005);
INSERT INTO Components(ComponentID, ParentID, ComponentTypeId) VALUES("Fibre1000027_Cable0002", "Cable0002", 5005);
INSERT INTO Components(ComponentID, ParentID, ComponentTypeId) VALUES("Fibre1000028_Cable0002", "Cable0002", 5005);
INSERT INTO Components(ComponentID, ParentID, ComponentTypeId) VALUES("Fibre1000029_Cable0002", "Cable0002", 5005);
INSERT INTO Components(ComponentID, ParentID, ComponentTypeId) VALUES("Fibre1000030_Cable0002", "Cable0002", 5005);
INSERT INTO Components(ComponentID, ParentID, ComponentTypeId) VALUES("Fibre1000031_Cable0002", "Cable0002", 5005);
INSERT INTO Components(ComponentID, ParentID, ComponentTypeId) VALUES("Fibre1000032_Cable0002", "Cable0002", 5005);
INSERT INTO Components(ComponentID, ParentID, ComponentTypeId) VALUES("Fibre1000033_Cable0002", "Cable0002", 5005);
INSERT INTO Components(ComponentID, ParentID, ComponentTypeId) VALUES("Fibre1000034_Cable0002", "Cable0002", 5005);
INSERT INTO Components(ComponentID, ParentID, ComponentTypeId) VALUES("Fibre1000035_Cable0002", "Cable0002", 5005);
INSERT INTO Components(ComponentID, ParentID, ComponentTypeId) VALUES("Fibre1000036_Cable0002", "Cable0002", 5005);
INSERT INTO Components(ComponentID, ParentID, ComponentTypeId) VALUES("Fibre1000037_Cable0002", "Cable0002", 5005);
INSERT INTO Components(ComponentID, ParentID, ComponentTypeId) VALUES("Fibre1000038_Cable0002", "Cable0002", 5005);
INSERT INTO Components(ComponentID, ParentID, ComponentTypeId) VALUES("Fibre1000039_Cable0002", "Cable0002", 5005);
INSERT INTO Components(ComponentID, ParentID, ComponentTypeId) VALUES("Fibre1000040_Cable0002", "Cable0002", 5005);
INSERT INTO Components(ComponentID, ParentID, ComponentTypeId) VALUES("Fibre1000041_Cable0002", "Cable0002", 5005);
INSERT INTO Components(ComponentID, ParentID, ComponentTypeId) VALUES("Fibre1000042_Cable0002", "Cable0002", 5005);
INSERT INTO Components(ComponentID, ParentID, ComponentTypeId) VALUES("Fibre1000043_Cable0002", "Cable0002", 5005);
INSERT INTO Components(ComponentID, ParentID, ComponentTypeId) VALUES("Fibre1000044_Cable0002", "Cable0002", 5005);
INSERT INTO Components(ComponentID, ParentID, ComponentTypeId) VALUES("Fibre1000045_Cable0002", "Cable0002", 5005);
INSERT INTO Components(ComponentID, ParentID, ComponentTypeId) VALUES("Fibre1000046_Cable0002", "Cable0002", 5005);
INSERT INTO Components(ComponentID, ParentID, ComponentTypeId) VALUES("Fibre1000047_Cable0002", "Cable0002", 5005);
INSERT INTO Components(ComponentID, ParentID, ComponentTypeId) VALUES("Fibre1000048_Cable0002", "Cable0002", 5005);
INSERT INTO Components(ComponentID, ParentID, ComponentTypeId) VALUES("Fibre1000049_Cable0002", "Cable0002", 5005);
INSERT INTO Components(ComponentID, ParentID, ComponentTypeId) VALUES("Fibre1000050_Cable0002", "Cable0002", 5005);
INSERT INTO Components(ComponentID, ParentID, ComponentTypeId) VALUES("Fibre1000051_Cable0002", "Cable0002", 5005);
INSERT INTO Components(ComponentID, ParentID, ComponentTypeId) VALUES("Fibre1000052_Cable0002", "Cable0002", 5005);
INSERT INTO Components(ComponentID, ParentID, ComponentTypeId) VALUES("Fibre1000053_Cable0002", "Cable0002", 5005);
INSERT INTO Components(ComponentID, ParentID, ComponentTypeId) VALUES("Fibre1000054_Cable0002", "Cable0002", 5005);
INSERT INTO Components(ComponentID, ParentID, ComponentTypeId) VALUES("Fibre1000055_Cable0002", "Cable0002", 5005);
INSERT INTO Components(ComponentID, ParentID, ComponentTypeId) VALUES("Fibre1000056_Cable0002", "Cable0002", 5005);
INSERT INTO Components(ComponentID, ParentID, ComponentTypeId) VALUES("Fibre1000057_Cable0002", "Cable0002", 5005);
INSERT INTO Components(ComponentID, ParentID, ComponentTypeId) VALUES("Fibre1000058_Cable0002", "Cable0002", 5005);
INSERT INTO Components(ComponentID, ParentID, ComponentTypeId) VALUES("Fibre1000059_Cable0002", "Cable0002", 5005);
INSERT INTO Components(ComponentID, ParentID, ComponentTypeId) VALUES("Fibre1000060_Cable0002", "Cable0002", 5005);
INSERT INTO Components(ComponentID, ParentID, ComponentTypeId) VALUES("Fibre1000061_Cable0002", "Cable0002", 5005);
INSERT INTO Components(ComponentID, ParentID, ComponentTypeId) VALUES("Fibre1000062_Cable0002", "Cable0002", 5005);
INSERT INTO Components(ComponentID, ParentID, ComponentTypeId) VALUES("Fibre1000063_Cable0002", "Cable0002", 5005);
INSERT INTO Components(ComponentID, ParentID, ComponentTypeId) VALUES("Fibre1000064_Cable0002", "Cable0002", 5005);
INSERT INTO Components(ComponentID, ParentID, ComponentTypeId) VALUES("Fibre1000065_Cable0002", "Cable0002", 5005);
INSERT INTO Components(ComponentID, ParentID, ComponentTypeId) VALUES("Fibre1000066_Cable0002", "Cable0002", 5005);
INSERT INTO Components(ComponentID, ParentID, ComponentTypeId) VALUES("Fibre1000067_Cable0002", "Cable0002", 5005);
INSERT INTO Components(ComponentID, ParentID, ComponentTypeId) VALUES("Fibre1000068_Cable0002", "Cable0002", 5005);
INSERT INTO Components(ComponentID, ParentID, ComponentTypeId) VALUES("Fibre1000069_Cable0002", "Cable0002", 5005);
INSERT INTO Components(ComponentID, ParentID, ComponentTypeId) VALUES("Fibre1000070_Cable0002", "Cable0002", 5005);
INSERT INTO Components(ComponentID, ParentID, ComponentTypeId) VALUES("Fibre1000071_Cable0002", "Cable0002", 5005);
INSERT INTO Components(ComponentID, ParentID, ComponentTypeId) VALUES("Fibre1000072_Cable0002", "Cable0002", 5005);
INSERT INTO Components(ComponentID, ParentID, ComponentTypeId) VALUES("Fibre1000073_Cable0002", "Cable0002", 5005);
INSERT INTO Components(ComponentID, ParentID, ComponentTypeId) VALUES("Fibre1000074_Cable0002", "Cable0002", 5005);
INSERT INTO Components(ComponentID, ParentID, ComponentTypeId) VALUES("Fibre1000075_Cable0002", "Cable0002", 5005);
INSERT INTO Components(ComponentID, ParentID, ComponentTypeId) VALUES("Fibre1000076_Cable0002", "Cable0002", 5005);
INSERT INTO Components(ComponentID, ParentID, ComponentTypeId) VALUES("Fibre1000077_Cable0002", "Cable0002", 5005);
INSERT INTO Components(ComponentID, ParentID, ComponentTypeId) VALUES("Fibre1000078_Cable0002", "Cable0002", 5005);
INSERT INTO Components(ComponentID, ParentID, ComponentTypeId) VALUES("Fibre1000079_Cable0002", "Cable0002", 5005);
INSERT INTO Components(ComponentID, ParentID, ComponentTypeId) VALUES("Fibre1000080_Cable0002", "Cable0002", 5005);
INSERT INTO Components(ComponentID, ParentID, ComponentTypeId) VALUES("Fibre1000081_Cable0002", "Cable0002", 5005);
INSERT INTO Components(ComponentID, ParentID, ComponentTypeId) VALUES("Fibre1000082_Cable0002", "Cable0002", 5005);
INSERT INTO Components(ComponentID, ParentID, ComponentTypeId) VALUES("Fibre1000083_Cable0002", "Cable0002", 5005);
INSERT INTO Components(ComponentID, ParentID, ComponentTypeId) VALUES("Fibre1000084_Cable0002", "Cable0002", 5005);
INSERT INTO Components(ComponentID, ParentID, ComponentTypeId) VALUES("Fibre1000085_Cable0002", "Cable0002", 5005);
INSERT INTO Components(ComponentID, ParentID, ComponentTypeId) VALUES("Fibre1000086_Cable0002", "Cable0002", 5005);
INSERT INTO Components(ComponentID, ParentID, ComponentTypeId) VALUES("Fibre1000087_Cable0002", "Cable0002", 5005);
INSERT INTO Components(ComponentID, ParentID, ComponentTypeId) VALUES("Fibre1000088_Cable0002", "Cable0002", 5005);
INSERT INTO Components(ComponentID, ParentID, ComponentTypeId) VALUES("Fibre1000089_Cable0002", "Cable0002", 5005);
INSERT INTO Components(ComponentID, ParentID, ComponentTypeId) VALUES("Fibre1000090_Cable0002", "Cable0002", 5005);
INSERT INTO Components(ComponentID, ParentID, ComponentTypeId) VALUES("Fibre1000091_Cable0002", "Cable0002", 5005);
INSERT INTO Components(ComponentID, ParentID, ComponentTypeId) VALUES("Fibre1000092_Cable0002", "Cable0002", 5005);
INSERT INTO Components(ComponentID, ParentID, ComponentTypeId) VALUES("Fibre1000093_Cable0002", "Cable0002", 5005);
INSERT INTO Components(ComponentID, ParentID, ComponentTypeId) VALUES("Fibre1000094_Cable0002", "Cable0002", 5005);
INSERT INTO Components(ComponentID, ParentID, ComponentTypeId) VALUES("Fibre1000095_Cable0002", "Cable0002", 5005);
INSERT INTO Components(ComponentID, ParentID, ComponentTypeId) VALUES("Fibre1000096_Cable0002", "Cable0002", 5005);
INSERT INTO Components(ComponentID, ParentID, ComponentTypeId) VALUES("Fibre1000097_Cable0002", "Cable0002", 5005);
INSERT INTO Components(ComponentID, ParentID, ComponentTypeId) VALUES("Fibre1000098_Cable0002", "Cable0002", 5005);
INSERT INTO Components(ComponentID, ParentID, ComponentTypeId) VALUES("Fibre1000099_Cable0002", "Cable0002", 5005);
INSERT INTO Components(ComponentID, ParentID, ComponentTypeId) VALUES("Fibre1000100_Cable0002", "Cable0002", 5005);
INSERT INTO Components(ComponentID, ParentID, ComponentTypeId) VALUES("Fibre1000101_Cable0002", "Cable0002", 5005);
INSERT INTO Components(ComponentID, ParentID, ComponentTypeId) VALUES("Fibre1000102_Cable0002", "Cable0002", 5005);
INSERT INTO Components(ComponentID, ParentID, ComponentTypeId) VALUES("Fibre1000103_Cable0002", "Cable0002", 5005);
INSERT INTO Components(ComponentID, ParentID, ComponentTypeId) VALUES("Fibre1000104_Cable0002", "Cable0002", 5005);
INSERT INTO Components(ComponentID, ParentID, ComponentTypeId) VALUES("Fibre1000105_Cable0002", "Cable0002", 5005);
INSERT INTO Components(ComponentID, ParentID, ComponentTypeId) VALUES("Fibre1000106_Cable0002", "Cable0002", 5005);
INSERT INTO Components(ComponentID, ParentID, ComponentTypeId) VALUES("Fibre1000107_Cable0002", "Cable0002", 5005);
INSERT INTO Components(ComponentID, ParentID, ComponentTypeId) VALUES("Fibre1000108_Cable0002", "Cable0002", 5005);
INSERT INTO Components(ComponentID, ParentID, ComponentTypeId) VALUES("Fibre1000109_Cable0002", "Cable0002", 5005);
INSERT INTO Components(ComponentID, ParentID, ComponentTypeId) VALUES("Fibre1000110_Cable0002", "Cable0002", 5005);
INSERT INTO Components(ComponentID, ParentID, ComponentTypeId) VALUES("Fibre1000111_Cable0002", "Cable0002", 5005);
INSERT INTO Components(ComponentID, ParentID, ComponentTypeId) VALUES("Fibre1000112_Cable0002", "Cable0002", 5005);
INSERT INTO Components(ComponentID, ParentID, ComponentTypeId) VALUES("Fibre1000113_Cable0002", "Cable0002", 5005);
INSERT INTO Components(ComponentID, ParentID, ComponentTypeId) VALUES("Fibre1000114_Cable0002", "Cable0002", 5005);
INSERT INTO Components(ComponentID, ParentID, ComponentTypeId) VALUES("Fibre1000115_Cable0002", "Cable0002", 5005);
INSERT INTO Components(ComponentID, ParentID, ComponentTypeId) VALUES("Fibre1000116_Cable0002", "Cable0002", 5005);
INSERT INTO Components(ComponentID, ParentID, ComponentTypeId) VALUES("Fibre1000117_Cable0002", "Cable0002", 5005);
INSERT INTO Components(ComponentID, ParentID, ComponentTypeId) VALUES("Fibre1000118_Cable0002", "Cable0002", 5005);
INSERT INTO Components(ComponentID, ParentID, ComponentTypeId) VALUES("Fibre1000119_Cable0002", "Cable0002", 5005);
INSERT INTO Components(ComponentID, ParentID, ComponentTypeId) VALUES("Fibre1000120_Cable0002", "Cable0002", 5005);
INSERT INTO Components(ComponentID, ParentID, ComponentTypeId) VALUES("Fibre1000121_Cable0002", "Cable0002", 5005);
INSERT INTO Components(ComponentID, ParentID, ComponentTypeId) VALUES("Fibre1000122_Cable0002", "Cable0002", 5005);
INSERT INTO Components(ComponentID, ParentID, ComponentTypeId) VALUES("Fibre1000123_Cable0002", "Cable0002", 5005);
INSERT INTO Components(ComponentID, ParentID, ComponentTypeId) VALUES("Fibre1000124_Cable0002", "Cable0002", 5005);
INSERT INTO Components(ComponentID, ParentID, ComponentTypeId) VALUES("Fibre1000125_Cable0002", "Cable0002", 5005);
INSERT INTO Components(ComponentID, ParentID, ComponentTypeId) VALUES("Fibre1000126_Cable0002", "Cable0002", 5005);
INSERT INTO Components(ComponentID, ParentID, ComponentTypeId) VALUES("Fibre1000127_Cable0002", "Cable0002", 5005);
INSERT INTO Components(ComponentID, ParentID, ComponentTypeId) VALUES("Fibre1000128_Cable0002", "Cable0002", 5005);
INSERT INTO Components(ComponentID, ParentID, ComponentTypeId) VALUES("Fibre1000129_Cable0002", "Cable0002", 5005);
INSERT INTO Components(ComponentID, ParentID, ComponentTypeId) VALUES("Fibre1000130_Cable0002", "Cable0002", 5005);
INSERT INTO Components(ComponentID, ParentID, ComponentTypeId) VALUES("Fibre1000131_Cable0002", "Cable0002", 5005);
INSERT INTO Components(ComponentID, ParentID, ComponentTypeId) VALUES("Fibre1000132_Cable0002", "Cable0002", 5005);
INSERT INTO Components(ComponentID, ParentID, ComponentTypeId) VALUES("Fibre1000133_Cable0002", "Cable0002", 5005);
INSERT INTO Components(ComponentID, ParentID, ComponentTypeId) VALUES("Fibre1000134_Cable0002", "Cable0002", 5005);
INSERT INTO Components(ComponentID, ParentID, ComponentTypeId) VALUES("Fibre1000135_Cable0002", "Cable0002", 5005);
INSERT INTO Components(ComponentID, ParentID, ComponentTypeId) VALUES("Fibre1000136_Cable0002", "Cable0002", 5005);
INSERT INTO Components(ComponentID, ParentID, ComponentTypeId) VALUES("Fibre1000137_Cable0002", "Cable0002", 5005);
INSERT INTO Components(ComponentID, ParentID, ComponentTypeId) VALUES("Fibre1000138_Cable0002", "Cable0002", 5005);
INSERT INTO Components(ComponentID, ParentID, ComponentTypeId) VALUES("Fibre1000139_Cable0002", "Cable0002", 5005);
INSERT INTO Components(ComponentID, ParentID, ComponentTypeId) VALUES("Fibre1000140_Cable0002", "Cable0002", 5005);
INSERT INTO Components(ComponentID, ParentID, ComponentTypeId) VALUES("Fibre1000141_Cable0002", "Cable0002", 5005);
INSERT INTO Components(ComponentID, ParentID, ComponentTypeId) VALUES("Fibre1000142_Cable0002", "Cable0002", 5005);
INSERT INTO Components(ComponentID, ParentID, ComponentTypeId) VALUES("Fibre1000143_Cable0002", "Cable0002", 5005);
INSERT INTO Components(ComponentID, ParentID, ComponentTypeId) VALUES("Fibre1000144_Cable0002", "Cable0002", 5005);
INSERT INTO Components(ComponentID, ParentID, ComponentTypeId) VALUES("Fibre1000001_Cable0003", "Cable0003", 5005);
INSERT INTO Components(ComponentID, ParentID, ComponentTypeId) VALUES("Fibre1000002_Cable0003", "Cable0003", 5005);
INSERT INTO Components(ComponentID, ParentID, ComponentTypeId) VALUES("Fibre1000003_Cable0003", "Cable0003", 5005);
INSERT INTO Components(ComponentID, ParentID, ComponentTypeId) VALUES("Fibre1000004_Cable0003", "Cable0003", 5005);
INSERT INTO Components(ComponentID, ParentID, ComponentTypeId) VALUES("Fibre1000005_Cable0003", "Cable0003", 5005);
INSERT INTO Components(ComponentID, ParentID, ComponentTypeId) VALUES("Fibre1000006_Cable0003", "Cable0003", 5005);
INSERT INTO Components(ComponentID, ParentID, ComponentTypeId) VALUES("Fibre1000007_Cable0003", "Cable0003", 5005);
INSERT INTO Components(ComponentID, ParentID, ComponentTypeId) VALUES("Fibre1000008_Cable0003", "Cable0003", 5005);
INSERT INTO Components(ComponentID, ParentID, ComponentTypeId) VALUES("Fibre1000009_Cable0003", "Cable0003", 5005);
INSERT INTO Components(ComponentID, ParentID, ComponentTypeId) VALUES("Fibre1000010_Cable0003", "Cable0003", 5005);
INSERT INTO Components(ComponentID, ParentID, ComponentTypeId) VALUES("Fibre1000011_Cable0003", "Cable0003", 5005);
INSERT INTO Components(ComponentID, ParentID, ComponentTypeId) VALUES("Fibre1000012_Cable0003", "Cable0003", 5005);
INSERT INTO Components(ComponentID, ParentID, ComponentTypeId) VALUES("Fibre1000013_Cable0003", "Cable0003", 5005);
INSERT INTO Components(ComponentID, ParentID, ComponentTypeId) VALUES("Fibre1000014_Cable0003", "Cable0003", 5005);
INSERT INTO Components(ComponentID, ParentID, ComponentTypeId) VALUES("Fibre1000015_Cable0003", "Cable0003", 5005);
INSERT INTO Components(ComponentID, ParentID, ComponentTypeId) VALUES("Fibre1000016_Cable0003", "Cable0003", 5005);
INSERT INTO Components(ComponentID, ParentID, ComponentTypeId) VALUES("Fibre1000017_Cable0003", "Cable0003", 5005);
INSERT INTO Components(ComponentID, ParentID, ComponentTypeId) VALUES("Fibre1000018_Cable0003", "Cable0003", 5005);
INSERT INTO Components(ComponentID, ParentID, ComponentTypeId) VALUES("Fibre1000019_Cable0003", "Cable0003", 5005);
INSERT INTO Components(ComponentID, ParentID, ComponentTypeId) VALUES("Fibre1000020_Cable0003", "Cable0003", 5005);
INSERT INTO Components(ComponentID, ParentID, ComponentTypeId) VALUES("Fibre1000021_Cable0003", "Cable0003", 5005);
INSERT INTO Components(ComponentID, ParentID, ComponentTypeId) VALUES("Fibre1000022_Cable0003", "Cable0003", 5005);
INSERT INTO Components(ComponentID, ParentID, ComponentTypeId) VALUES("Fibre1000023_Cable0003", "Cable0003", 5005);
INSERT INTO Components(ComponentID, ParentID, ComponentTypeId) VALUES("Fibre1000024_Cable0003", "Cable0003", 5005);
INSERT INTO Components(ComponentID, ParentID, ComponentTypeId) VALUES("Fibre1000025_Cable0003", "Cable0003", 5005);
INSERT INTO Components(ComponentID, ParentID, ComponentTypeId) VALUES("Fibre1000026_Cable0003", "Cable0003", 5005);
INSERT INTO Components(ComponentID, ParentID, ComponentTypeId) VALUES("Fibre1000027_Cable0003", "Cable0003", 5005);
INSERT INTO Components(ComponentID, ParentID, ComponentTypeId) VALUES("Fibre1000028_Cable0003", "Cable0003", 5005);
INSERT INTO Components(ComponentID, ParentID, ComponentTypeId) VALUES("Fibre1000029_Cable0003", "Cable0003", 5005);
INSERT INTO Components(ComponentID, ParentID, ComponentTypeId) VALUES("Fibre1000030_Cable0003", "Cable0003", 5005);
INSERT INTO Components(ComponentID, ParentID, ComponentTypeId) VALUES("Fibre1000031_Cable0003", "Cable0003", 5005);
INSERT INTO Components(ComponentID, ParentID, ComponentTypeId) VALUES("Fibre1000032_Cable0003", "Cable0003", 5005);
INSERT INTO Components(ComponentID, ParentID, ComponentTypeId) VALUES("Fibre1000033_Cable0003", "Cable0003", 5005);
INSERT INTO Components(ComponentID, ParentID, ComponentTypeId) VALUES("Fibre1000034_Cable0003", "Cable0003", 5005);
INSERT INTO Components(ComponentID, ParentID, ComponentTypeId) VALUES("Fibre1000035_Cable0003", "Cable0003", 5005);
INSERT INTO Components(ComponentID, ParentID, ComponentTypeId) VALUES("Fibre1000036_Cable0003", "Cable0003", 5005);
INSERT INTO Components(ComponentID, ParentID, ComponentTypeId) VALUES("Fibre1000037_Cable0003", "Cable0003", 5005);
INSERT INTO Components(ComponentID, ParentID, ComponentTypeId) VALUES("Fibre1000038_Cable0003", "Cable0003", 5005);
INSERT INTO Components(ComponentID, ParentID, ComponentTypeId) VALUES("Fibre1000039_Cable0003", "Cable0003", 5005);
INSERT INTO Components(ComponentID, ParentID, ComponentTypeId) VALUES("Fibre1000040_Cable0003", "Cable0003", 5005);
INSERT INTO Components(ComponentID, ParentID, ComponentTypeId) VALUES("Fibre1000041_Cable0003", "Cable0003", 5005);
INSERT INTO Components(ComponentID, ParentID, ComponentTypeId) VALUES("Fibre1000042_Cable0003", "Cable0003", 5005);
INSERT INTO Components(ComponentID, ParentID, ComponentTypeId) VALUES("Fibre1000043_Cable0003", "Cable0003", 5005);
INSERT INTO Components(ComponentID, ParentID, ComponentTypeId) VALUES("Fibre1000044_Cable0003", "Cable0003", 5005);
INSERT INTO Components(ComponentID, ParentID, ComponentTypeId) VALUES("Fibre1000045_Cable0003", "Cable0003", 5005);
INSERT INTO Components(ComponentID, ParentID, ComponentTypeId) VALUES("Fibre1000046_Cable0003", "Cable0003", 5005);
INSERT INTO Components(ComponentID, ParentID, ComponentTypeId) VALUES("Fibre1000047_Cable0003", "Cable0003", 5005);
INSERT INTO Components(ComponentID, ParentID, ComponentTypeId) VALUES("Fibre1000048_Cable0003", "Cable0003", 5005);
INSERT INTO Components(ComponentID, ParentID, ComponentTypeId) VALUES("Fibre1000049_Cable0003", "Cable0003", 5005);
INSERT INTO Components(ComponentID, ParentID, ComponentTypeId) VALUES("Fibre1000050_Cable0003", "Cable0003", 5005);
INSERT INTO Components(ComponentID, ParentID, ComponentTypeId) VALUES("Fibre1000051_Cable0003", "Cable0003", 5005);
INSERT INTO Components(ComponentID, ParentID, ComponentTypeId) VALUES("Fibre1000052_Cable0003", "Cable0003", 5005);
INSERT INTO Components(ComponentID, ParentID, ComponentTypeId) VALUES("Fibre1000053_Cable0003", "Cable0003", 5005);
INSERT INTO Components(ComponentID, ParentID, ComponentTypeId) VALUES("Fibre1000054_Cable0003", "Cable0003", 5005);
INSERT INTO Components(ComponentID, ParentID, ComponentTypeId) VALUES("Fibre1000055_Cable0003", "Cable0003", 5005);
INSERT INTO Components(ComponentID, ParentID, ComponentTypeId) VALUES("Fibre1000056_Cable0003", "Cable0003", 5005);
INSERT INTO Components(ComponentID, ParentID, ComponentTypeId) VALUES("Fibre1000057_Cable0003", "Cable0003", 5005);
INSERT INTO Components(ComponentID, ParentID, ComponentTypeId) VALUES("Fibre1000058_Cable0003", "Cable0003", 5005);
INSERT INTO Components(ComponentID, ParentID, ComponentTypeId) VALUES("Fibre1000059_Cable0003", "Cable0003", 5005);
INSERT INTO Components(ComponentID, ParentID, ComponentTypeId) VALUES("Fibre1000060_Cable0003", "Cable0003", 5005);
INSERT INTO Components(ComponentID, ParentID, ComponentTypeId) VALUES("Fibre1000061_Cable0003", "Cable0003", 5005);
INSERT INTO Components(ComponentID, ParentID, ComponentTypeId) VALUES("Fibre1000062_Cable0003", "Cable0003", 5005);
INSERT INTO Components(ComponentID, ParentID, ComponentTypeId) VALUES("Fibre1000063_Cable0003", "Cable0003", 5005);
INSERT INTO Components(ComponentID, ParentID, ComponentTypeId) VALUES("Fibre1000064_Cable0003", "Cable0003", 5005);
INSERT INTO Components(ComponentID, ParentID, ComponentTypeId) VALUES("Fibre1000065_Cable0003", "Cable0003", 5005);
INSERT INTO Components(ComponentID, ParentID, ComponentTypeId) VALUES("Fibre1000066_Cable0003", "Cable0003", 5005);
INSERT INTO Components(ComponentID, ParentID, ComponentTypeId) VALUES("Fibre1000067_Cable0003", "Cable0003", 5005);
INSERT INTO Components(ComponentID, ParentID, ComponentTypeId) VALUES("Fibre1000068_Cable0003", "Cable0003", 5005);
INSERT INTO Components(ComponentID, ParentID, ComponentTypeId) VALUES("Fibre1000069_Cable0003", "Cable0003", 5005);
INSERT INTO Components(ComponentID, ParentID, ComponentTypeId) VALUES("Fibre1000070_Cable0003", "Cable0003", 5005);
INSERT INTO Components(ComponentID, ParentID, ComponentTypeId) VALUES("Fibre1000071_Cable0003", "Cable0003", 5005);
INSERT INTO Components(ComponentID, ParentID, ComponentTypeId) VALUES("Fibre1000072_Cable0003", "Cable0003", 5005);
INSERT INTO Components(ComponentID, ParentID, ComponentTypeId) VALUES("Fibre1000073_Cable0003", "Cable0003", 5005);
INSERT INTO Components(ComponentID, ParentID, ComponentTypeId) VALUES("Fibre1000074_Cable0003", "Cable0003", 5005);
INSERT INTO Components(ComponentID, ParentID, ComponentTypeId) VALUES("Fibre1000075_Cable0003", "Cable0003", 5005);
INSERT INTO Components(ComponentID, ParentID, ComponentTypeId) VALUES("Fibre1000076_Cable0003", "Cable0003", 5005);
INSERT INTO Components(ComponentID, ParentID, ComponentTypeId) VALUES("Fibre1000077_Cable0003", "Cable0003", 5005);
INSERT INTO Components(ComponentID, ParentID, ComponentTypeId) VALUES("Fibre1000078_Cable0003", "Cable0003", 5005);
INSERT INTO Components(ComponentID, ParentID, ComponentTypeId) VALUES("Fibre1000079_Cable0003", "Cable0003", 5005);
INSERT INTO Components(ComponentID, ParentID, ComponentTypeId) VALUES("Fibre1000080_Cable0003", "Cable0003", 5005);
INSERT INTO Components(ComponentID, ParentID, ComponentTypeId) VALUES("Fibre1000081_Cable0003", "Cable0003", 5005);
INSERT INTO Components(ComponentID, ParentID, ComponentTypeId) VALUES("Fibre1000082_Cable0003", "Cable0003", 5005);
INSERT INTO Components(ComponentID, ParentID, ComponentTypeId) VALUES("Fibre1000083_Cable0003", "Cable0003", 5005);
INSERT INTO Components(ComponentID, ParentID, ComponentTypeId) VALUES("Fibre1000084_Cable0003", "Cable0003", 5005);
INSERT INTO Components(ComponentID, ParentID, ComponentTypeId) VALUES("Fibre1000085_Cable0003", "Cable0003", 5005);
INSERT INTO Components(ComponentID, ParentID, ComponentTypeId) VALUES("Fibre1000086_Cable0003", "Cable0003", 5005);
INSERT INTO Components(ComponentID, ParentID, ComponentTypeId) VALUES("Fibre1000087_Cable0003", "Cable0003", 5005);
INSERT INTO Components(ComponentID, ParentID, ComponentTypeId) VALUES("Fibre1000088_Cable0003", "Cable0003", 5005);
INSERT INTO Components(ComponentID, ParentID, ComponentTypeId) VALUES("Fibre1000089_Cable0003", "Cable0003", 5005);
INSERT INTO Components(ComponentID, ParentID, ComponentTypeId) VALUES("Fibre1000090_Cable0003", "Cable0003", 5005);
INSERT INTO Components(ComponentID, ParentID, ComponentTypeId) VALUES("Fibre1000091_Cable0003", "Cable0003", 5005);
INSERT INTO Components(ComponentID, ParentID, ComponentTypeId) VALUES("Fibre1000092_Cable0003", "Cable0003", 5005);
INSERT INTO Components(ComponentID, ParentID, ComponentTypeId) VALUES("Fibre1000093_Cable0003", "Cable0003", 5005);
INSERT INTO Components(ComponentID, ParentID, ComponentTypeId) VALUES("Fibre1000094_Cable0003", "Cable0003", 5005);
INSERT INTO Components(ComponentID, ParentID, ComponentTypeId) VALUES("Fibre1000095_Cable0003", "Cable0003", 5005);
INSERT INTO Components(ComponentID, ParentID, ComponentTypeId) VALUES("Fibre1000096_Cable0003", "Cable0003", 5005);
INSERT INTO Components(ComponentID, ParentID, ComponentTypeId) VALUES("Fibre1000001_Cable0008", "Cable0008", 5005);
INSERT INTO Components(ComponentID, ParentID, ComponentTypeId) VALUES("Fibre1000002_Cable0008", "Cable0008", 5005);
INSERT INTO Components(ComponentID, ParentID, ComponentTypeId) VALUES("Fibre1000003_Cable0008", "Cable0008", 5005);
INSERT INTO Components(ComponentID, ParentID, ComponentTypeId) VALUES("Fibre1000004_Cable0008", "Cable0008", 5005);
INSERT INTO Components(ComponentID, ParentID, ComponentTypeId) VALUES("Fibre1000005_Cable0008", "Cable0008", 5005);
INSERT INTO Components(ComponentID, ParentID, ComponentTypeId) VALUES("Fibre1000006_Cable0008", "Cable0008", 5005);
INSERT INTO Components(ComponentID, ParentID, ComponentTypeId) VALUES("Fibre1000007_Cable0008", "Cable0008", 5005);
INSERT INTO Components(ComponentID, ParentID, ComponentTypeId) VALUES("Fibre1000008_Cable0008", "Cable0008", 5005);
INSERT INTO Components(ComponentID, ParentID, ComponentTypeId) VALUES("Fibre1000009_Cable0008", "Cable0008", 5005);
INSERT INTO Components(ComponentID, ParentID, ComponentTypeId) VALUES("Fibre1000010_Cable0008", "Cable0008", 5005);
INSERT INTO Components(ComponentID, ParentID, ComponentTypeId) VALUES("Fibre1000011_Cable0008", "Cable0008", 5005);
INSERT INTO Components(ComponentID, ParentID, ComponentTypeId) VALUES("Fibre1000012_Cable0008", "Cable0008", 5005);
INSERT INTO Components(ComponentID, ParentID, ComponentTypeId) VALUES("Fibre1000013_Cable0008", "Cable0008", 5005);
INSERT INTO Components(ComponentID, ParentID, ComponentTypeId) VALUES("Fibre1000014_Cable0008", "Cable0008", 5005);
INSERT INTO Components(ComponentID, ParentID, ComponentTypeId) VALUES("Fibre1000015_Cable0008", "Cable0008", 5005);
INSERT INTO Components(ComponentID, ParentID, ComponentTypeId) VALUES("Fibre1000016_Cable0008", "Cable0008", 5005);
INSERT INTO Components(ComponentID, ParentID, ComponentTypeId) VALUES("Fibre1000017_Cable0008", "Cable0008", 5005);
INSERT INTO Components(ComponentID, ParentID, ComponentTypeId) VALUES("Fibre1000018_Cable0008", "Cable0008", 5005);
INSERT INTO Components(ComponentID, ParentID, ComponentTypeId) VALUES("Fibre1000019_Cable0008", "Cable0008", 5005);
INSERT INTO Components(ComponentID, ParentID, ComponentTypeId) VALUES("Fibre1000020_Cable0008", "Cable0008", 5005);
INSERT INTO Components(ComponentID, ParentID, ComponentTypeId) VALUES("Fibre1000021_Cable0008", "Cable0008", 5005);
INSERT INTO Components(ComponentID, ParentID, ComponentTypeId) VALUES("Fibre1000022_Cable0008", "Cable0008", 5005);
INSERT INTO Components(ComponentID, ParentID, ComponentTypeId) VALUES("Fibre1000023_Cable0008", "Cable0008", 5005);
INSERT INTO Components(ComponentID, ParentID, ComponentTypeId) VALUES("Fibre1000024_Cable0008", "Cable0008", 5005);
INSERT INTO Successors VALUES("Fibre1000001_Cable0001","Fibre1000001_Cable0002");INSERT INTO Predecessors VALUES("Fibre1000001_Cable0002","Fibre1000001_Cable0001");
INSERT INTO Successors VALUES("Fibre1000001_Cable0002","Fibre1000001_Cable0003");INSERT INTO Predecessors VALUES("Fibre1000001_Cable0003","Fibre1000001_Cable0002");
INSERT INTO Successors VALUES("Fibre1000001_Cable0003","Fibre1000001_Cable0008");INSERT INTO Predecessors VALUES("Fibre1000001_Cable0008","Fibre1000001_Cable0003");
INSERT INTO Successors VALUES("Fibre1000002_Cable0001","Fibre1000002_Cable0002");INSERT INTO Predecessors VALUES("Fibre1000002_Cable0002","Fibre1000002_Cable0001");
INSERT INTO Successors VALUES("Fibre1000002_Cable0002","Fibre1000002_Cable0003");INSERT INTO Predecessors VALUES("Fibre1000002_Cable0003","Fibre1000002_Cable0002");
INSERT INTO Successors VALUES("Fibre1000002_Cable0003","Fibre1000002_Cable0008");INSERT INTO Predecessors VALUES("Fibre1000002_Cable0008","Fibre1000002_Cable0003");
INSERT INTO Successors VALUES("Fibre1000003_Cable0001","Fibre1000003_Cable0002");INSERT INTO Predecessors VALUES("Fibre1000003_Cable0002","Fibre1000003_Cable0001");
INSERT INTO Successors VALUES("Fibre1000003_Cable0002","Fibre1000003_Cable0003");INSERT INTO Predecessors VALUES("Fibre1000003_Cable0003","Fibre1000003_Cable0002");
INSERT INTO Successors VALUES("Fibre1000003_Cable0003","Fibre1000003_Cable0008");INSERT INTO Predecessors VALUES("Fibre1000003_Cable0008","Fibre1000003_Cable0003");
INSERT INTO Successors VALUES("Fibre1000004_Cable0001","Fibre1000004_Cable0002");INSERT INTO Predecessors VALUES("Fibre1000004_Cable0002","Fibre1000004_Cable0001");
INSERT INTO Successors VALUES("Fibre1000004_Cable0002","Fibre1000004_Cable0003");INSERT INTO Predecessors VALUES("Fibre1000004_Cable0003","Fibre1000004_Cable0002");
INSERT INTO Successors VALUES("Fibre1000004_Cable0003","Fibre1000004_Cable0008");INSERT INTO Predecessors VALUES("Fibre1000004_Cable0008","Fibre1000004_Cable0003");
INSERT INTO Successors VALUES("Fibre1000005_Cable0001","Fibre1000005_Cable0002");INSERT INTO Predecessors VALUES("Fibre1000005_Cable0002","Fibre1000005_Cable0001");
INSERT INTO Successors VALUES("Fibre1000005_Cable0002","Fibre1000005_Cable0003");INSERT INTO Predecessors VALUES("Fibre1000005_Cable0003","Fibre1000005_Cable0002");
INSERT INTO Successors VALUES("Fibre1000005_Cable0003","Fibre1000005_Cable0008");INSERT INTO Predecessors VALUES("Fibre1000005_Cable0008","Fibre1000005_Cable0003");
INSERT INTO Successors VALUES("Fibre1000006_Cable0001","Fibre1000006_Cable0002");INSERT INTO Predecessors VALUES("Fibre1000006_Cable0002","Fibre1000006_Cable0001");
INSERT INTO Successors VALUES("Fibre1000006_Cable0002","Fibre1000006_Cable0003");INSERT INTO Predecessors VALUES("Fibre1000006_Cable0003","Fibre1000006_Cable0002");
INSERT INTO Successors VALUES("Fibre1000006_Cable0003","Fibre1000006_Cable0008");INSERT INTO Predecessors VALUES("Fibre1000006_Cable0008","Fibre1000006_Cable0003");
INSERT INTO Successors VALUES("Fibre1000007_Cable0001","Fibre1000007_Cable0002");INSERT INTO Predecessors VALUES("Fibre1000007_Cable0002","Fibre1000007_Cable0001");
INSERT INTO Successors VALUES("Fibre1000007_Cable0002","Fibre1000007_Cable0003");INSERT INTO Predecessors VALUES("Fibre1000007_Cable0003","Fibre1000007_Cable0002");
INSERT INTO Successors VALUES("Fibre1000007_Cable0003","Fibre1000007_Cable0008");INSERT INTO Predecessors VALUES("Fibre1000007_Cable0008","Fibre1000007_Cable0003");
INSERT INTO Successors VALUES("Fibre1000008_Cable0001","Fibre1000008_Cable0002");INSERT INTO Predecessors VALUES("Fibre1000008_Cable0002","Fibre1000008_Cable0001");
INSERT INTO Successors VALUES("Fibre1000008_Cable0002","Fibre1000008_Cable0003");INSERT INTO Predecessors VALUES("Fibre1000008_Cable0003","Fibre1000008_Cable0002");
INSERT INTO Successors VALUES("Fibre1000008_Cable0003","Fibre1000008_Cable0008");INSERT INTO Predecessors VALUES("Fibre1000008_Cable0008","Fibre1000008_Cable0003");
INSERT INTO Successors VALUES("Fibre1000009_Cable0001","Fibre1000009_Cable0002");INSERT INTO Predecessors VALUES("Fibre1000009_Cable0002","Fibre1000009_Cable0001");
INSERT INTO Successors VALUES("Fibre1000009_Cable0002","Fibre1000009_Cable0003");INSERT INTO Predecessors VALUES("Fibre1000009_Cable0003","Fibre1000009_Cable0002");
INSERT INTO Successors VALUES("Fibre1000009_Cable0003","Fibre1000009_Cable0008");INSERT INTO Predecessors VALUES("Fibre1000009_Cable0008","Fibre1000009_Cable0003");
INSERT INTO Successors VALUES("Fibre1000010_Cable0001","Fibre1000010_Cable0002");INSERT INTO Predecessors VALUES("Fibre1000010_Cable0002","Fibre1000010_Cable0001");
INSERT INTO Successors VALUES("Fibre1000010_Cable0002","Fibre1000010_Cable0003");INSERT INTO Predecessors VALUES("Fibre1000010_Cable0003","Fibre1000010_Cable0002");
INSERT INTO Successors VALUES("Fibre1000010_Cable0003","Fibre1000010_Cable0008");INSERT INTO Predecessors VALUES("Fibre1000010_Cable0008","Fibre1000010_Cable0003");
INSERT INTO Successors VALUES("Fibre1000011_Cable0001","Fibre1000011_Cable0002");INSERT INTO Predecessors VALUES("Fibre1000011_Cable0002","Fibre1000011_Cable0001");
INSERT INTO Successors VALUES("Fibre1000011_Cable0002","Fibre1000011_Cable0003");INSERT INTO Predecessors VALUES("Fibre1000011_Cable0003","Fibre1000011_Cable0002");
INSERT INTO Successors VALUES("Fibre1000011_Cable0003","Fibre1000011_Cable0008");INSERT INTO Predecessors VALUES("Fibre1000011_Cable0008","Fibre1000011_Cable0003");
INSERT INTO Successors VALUES("Fibre1000012_Cable0001","Fibre1000012_Cable0002");INSERT INTO Predecessors VALUES("Fibre1000012_Cable0002","Fibre1000012_Cable0001");
INSERT INTO Successors VALUES("Fibre1000012_Cable0002","Fibre1000012_Cable0003");INSERT INTO Predecessors VALUES("Fibre1000012_Cable0003","Fibre1000012_Cable0002");
INSERT INTO Successors VALUES("Fibre1000012_Cable0003","Fibre1000012_Cable0008");INSERT INTO Predecessors VALUES("Fibre1000012_Cable0008","Fibre1000012_Cable0003");
INSERT INTO Successors VALUES("Fibre1000013_Cable0001","Fibre1000013_Cable0002");INSERT INTO Predecessors VALUES("Fibre1000013_Cable0002","Fibre1000013_Cable0001");
INSERT INTO Successors VALUES("Fibre1000013_Cable0002","Fibre1000013_Cable0003");INSERT INTO Predecessors VALUES("Fibre1000013_Cable0003","Fibre1000013_Cable0002");
INSERT INTO Successors VALUES("Fibre1000013_Cable0003","Fibre1000013_Cable0008");INSERT INTO Predecessors VALUES("Fibre1000013_Cable0008","Fibre1000013_Cable0003");
INSERT INTO Successors VALUES("Fibre1000014_Cable0001","Fibre1000014_Cable0002");INSERT INTO Predecessors VALUES("Fibre1000014_Cable0002","Fibre1000014_Cable0001");
INSERT INTO Successors VALUES("Fibre1000014_Cable0002","Fibre1000014_Cable0003");INSERT INTO Predecessors VALUES("Fibre1000014_Cable0003","Fibre1000014_Cable0002");
INSERT INTO Successors VALUES("Fibre1000014_Cable0003","Fibre1000014_Cable0008");INSERT INTO Predecessors VALUES("Fibre1000014_Cable0008","Fibre1000014_Cable0003");
INSERT INTO Successors VALUES("Fibre1000015_Cable0001","Fibre1000015_Cable0002");INSERT INTO Predecessors VALUES("Fibre1000015_Cable0002","Fibre1000015_Cable0001");
INSERT INTO Successors VALUES("Fibre1000015_Cable0002","Fibre1000015_Cable0003");INSERT INTO Predecessors VALUES("Fibre1000015_Cable0003","Fibre1000015_Cable0002");
INSERT INTO Successors VALUES("Fibre1000015_Cable0003","Fibre1000015_Cable0008");INSERT INTO Predecessors VALUES("Fibre1000015_Cable0008","Fibre1000015_Cable0003");
INSERT INTO Successors VALUES("Fibre1000016_Cable0001","Fibre1000016_Cable0002");INSERT INTO Predecessors VALUES("Fibre1000016_Cable0002","Fibre1000016_Cable0001");
INSERT INTO Successors VALUES("Fibre1000016_Cable0002","Fibre1000016_Cable0003");INSERT INTO Predecessors VALUES("Fibre1000016_Cable0003","Fibre1000016_Cable0002");
INSERT INTO Successors VALUES("Fibre1000016_Cable0003","Fibre1000016_Cable0008");INSERT INTO Predecessors VALUES("Fibre1000016_Cable0008","Fibre1000016_Cable0003");
INSERT INTO Successors VALUES("Fibre1000017_Cable0001","Fibre1000017_Cable0002");INSERT INTO Predecessors VALUES("Fibre1000017_Cable0002","Fibre1000017_Cable0001");
INSERT INTO Successors VALUES("Fibre1000017_Cable0002","Fibre1000017_Cable0003");INSERT INTO Predecessors VALUES("Fibre1000017_Cable0003","Fibre1000017_Cable0002");
INSERT INTO Successors VALUES("Fibre1000017_Cable0003","Fibre1000017_Cable0008");INSERT INTO Predecessors VALUES("Fibre1000017_Cable0008","Fibre1000017_Cable0003");
INSERT INTO Successors VALUES("Fibre1000018_Cable0001","Fibre1000018_Cable0002");INSERT INTO Predecessors VALUES("Fibre1000018_Cable0002","Fibre1000018_Cable0001");
INSERT INTO Successors VALUES("Fibre1000018_Cable0002","Fibre1000018_Cable0003");INSERT INTO Predecessors VALUES("Fibre1000018_Cable0003","Fibre1000018_Cable0002");
INSERT INTO Successors VALUES("Fibre1000018_Cable0003","Fibre1000018_Cable0008");INSERT INTO Predecessors VALUES("Fibre1000018_Cable0008","Fibre1000018_Cable0003");
INSERT INTO Successors VALUES("Fibre1000019_Cable0001","Fibre1000019_Cable0002");INSERT INTO Predecessors VALUES("Fibre1000019_Cable0002","Fibre1000019_Cable0001");
INSERT INTO Successors VALUES("Fibre1000019_Cable0002","Fibre1000019_Cable0003");INSERT INTO Predecessors VALUES("Fibre1000019_Cable0003","Fibre1000019_Cable0002");
INSERT INTO Successors VALUES("Fibre1000019_Cable0003","Fibre1000019_Cable0008");INSERT INTO Predecessors VALUES("Fibre1000019_Cable0008","Fibre1000019_Cable0003");
INSERT INTO Successors VALUES("Fibre1000020_Cable0001","Fibre1000020_Cable0002");INSERT INTO Predecessors VALUES("Fibre1000020_Cable0002","Fibre1000020_Cable0001");
INSERT INTO Successors VALUES("Fibre1000020_Cable0002","Fibre1000020_Cable0003");INSERT INTO Predecessors VALUES("Fibre1000020_Cable0003","Fibre1000020_Cable0002");
INSERT INTO Successors VALUES("Fibre1000020_Cable0003","Fibre1000020_Cable0008");INSERT INTO Predecessors VALUES("Fibre1000020_Cable0008","Fibre1000020_Cable0003");
INSERT INTO Successors VALUES("Fibre1000021_Cable0001","Fibre1000021_Cable0002");INSERT INTO Predecessors VALUES("Fibre1000021_Cable0002","Fibre1000021_Cable0001");
INSERT INTO Successors VALUES("Fibre1000021_Cable0002","Fibre1000021_Cable0003");INSERT INTO Predecessors VALUES("Fibre1000021_Cable0003","Fibre1000021_Cable0002");
INSERT INTO Successors VALUES("Fibre1000021_Cable0003","Fibre1000021_Cable0008");INSERT INTO Predecessors VALUES("Fibre1000021_Cable0008","Fibre1000021_Cable0003");
INSERT INTO Successors VALUES("Fibre1000022_Cable0001","Fibre1000022_Cable0002");INSERT INTO Predecessors VALUES("Fibre1000022_Cable0002","Fibre1000022_Cable0001");
INSERT INTO Successors VALUES("Fibre1000022_Cable0002","Fibre1000022_Cable0003");INSERT INTO Predecessors VALUES("Fibre1000022_Cable0003","Fibre1000022_Cable0002");
INSERT INTO Successors VALUES("Fibre1000022_Cable0003","Fibre1000022_Cable0008");INSERT INTO Predecessors VALUES("Fibre1000022_Cable0008","Fibre1000022_Cable0003");
INSERT INTO Successors VALUES("Fibre1000023_Cable0001","Fibre1000023_Cable0002");INSERT INTO Predecessors VALUES("Fibre1000023_Cable0002","Fibre1000023_Cable0001");
INSERT INTO Successors VALUES("Fibre1000023_Cable0002","Fibre1000023_Cable0003");INSERT INTO Predecessors VALUES("Fibre1000023_Cable0003","Fibre1000023_Cable0002");
INSERT INTO Successors VALUES("Fibre1000023_Cable0003","Fibre1000023_Cable0008");INSERT INTO Predecessors VALUES("Fibre1000023_Cable0008","Fibre1000023_Cable0003");
INSERT INTO Successors VALUES("Fibre1000024_Cable0001","Fibre1000024_Cable0002");INSERT INTO Predecessors VALUES("Fibre1000024_Cable0002","Fibre1000024_Cable0001");
INSERT INTO Successors VALUES("Fibre1000024_Cable0002","Fibre1000024_Cable0003");INSERT INTO Predecessors VALUES("Fibre1000024_Cable0003","Fibre1000024_Cable0002");
INSERT INTO Successors VALUES("Fibre1000024_Cable0003","Fibre1000024_Cable0008");INSERT INTO Predecessors VALUES("Fibre1000024_Cable0008","Fibre1000024_Cable0003");
INSERT INTO Successors VALUES("Fibre1000025_Cable0001","Fibre1000025_Cable0002");INSERT INTO Predecessors VALUES("Fibre1000025_Cable0002","Fibre1000025_Cable0001");
INSERT INTO Successors VALUES("Fibre1000025_Cable0002","Fibre1000025_Cable0003");INSERT INTO Predecessors VALUES("Fibre1000025_Cable0003","Fibre1000025_Cable0002");
INSERT INTO Successors VALUES("Fibre1000026_Cable0001","Fibre1000026_Cable0002");INSERT INTO Predecessors VALUES("Fibre1000026_Cable0002","Fibre1000026_Cable0001");
INSERT INTO Successors VALUES("Fibre1000026_Cable0002","Fibre1000026_Cable0003");INSERT INTO Predecessors VALUES("Fibre1000026_Cable0003","Fibre1000026_Cable0002");
INSERT INTO Successors VALUES("Fibre1000027_Cable0001","Fibre1000027_Cable0002");INSERT INTO Predecessors VALUES("Fibre1000027_Cable0002","Fibre1000027_Cable0001");
INSERT INTO Successors VALUES("Fibre1000027_Cable0002","Fibre1000027_Cable0003");INSERT INTO Predecessors VALUES("Fibre1000027_Cable0003","Fibre1000027_Cable0002");
INSERT INTO Successors VALUES("Fibre1000028_Cable0001","Fibre1000028_Cable0002");INSERT INTO Predecessors VALUES("Fibre1000028_Cable0002","Fibre1000028_Cable0001");
INSERT INTO Successors VALUES("Fibre1000028_Cable0002","Fibre1000028_Cable0003");INSERT INTO Predecessors VALUES("Fibre1000028_Cable0003","Fibre1000028_Cable0002");
INSERT INTO Successors VALUES("Fibre1000029_Cable0001","Fibre1000029_Cable0002");INSERT INTO Predecessors VALUES("Fibre1000029_Cable0002","Fibre1000029_Cable0001");
INSERT INTO Successors VALUES("Fibre1000029_Cable0002","Fibre1000029_Cable0003");INSERT INTO Predecessors VALUES("Fibre1000029_Cable0003","Fibre1000029_Cable0002");
INSERT INTO Successors VALUES("Fibre1000030_Cable0001","Fibre1000030_Cable0002");INSERT INTO Predecessors VALUES("Fibre1000030_Cable0002","Fibre1000030_Cable0001");
INSERT INTO Successors VALUES("Fibre1000030_Cable0002","Fibre1000030_Cable0003");INSERT INTO Predecessors VALUES("Fibre1000030_Cable0003","Fibre1000030_Cable0002");
INSERT INTO Successors VALUES("Fibre1000031_Cable0001","Fibre1000031_Cable0002");INSERT INTO Predecessors VALUES("Fibre1000031_Cable0002","Fibre1000031_Cable0001");
INSERT INTO Successors VALUES("Fibre1000031_Cable0002","Fibre1000031_Cable0003");INSERT INTO Predecessors VALUES("Fibre1000031_Cable0003","Fibre1000031_Cable0002");
INSERT INTO Successors VALUES("Fibre1000032_Cable0001","Fibre1000032_Cable0002");INSERT INTO Predecessors VALUES("Fibre1000032_Cable0002","Fibre1000032_Cable0001");
INSERT INTO Successors VALUES("Fibre1000032_Cable0002","Fibre1000032_Cable0003");INSERT INTO Predecessors VALUES("Fibre1000032_Cable0003","Fibre1000032_Cable0002");
INSERT INTO Successors VALUES("Fibre1000033_Cable0001","Fibre1000033_Cable0002");INSERT INTO Predecessors VALUES("Fibre1000033_Cable0002","Fibre1000033_Cable0001");
INSERT INTO Successors VALUES("Fibre1000033_Cable0002","Fibre1000033_Cable0003");INSERT INTO Predecessors VALUES("Fibre1000033_Cable0003","Fibre1000033_Cable0002");
INSERT INTO Successors VALUES("Fibre1000034_Cable0001","Fibre1000034_Cable0002");INSERT INTO Predecessors VALUES("Fibre1000034_Cable0002","Fibre1000034_Cable0001");
INSERT INTO Successors VALUES("Fibre1000034_Cable0002","Fibre1000034_Cable0003");INSERT INTO Predecessors VALUES("Fibre1000034_Cable0003","Fibre1000034_Cable0002");
INSERT INTO Successors VALUES("Fibre1000035_Cable0001","Fibre1000035_Cable0002");INSERT INTO Predecessors VALUES("Fibre1000035_Cable0002","Fibre1000035_Cable0001");
INSERT INTO Successors VALUES("Fibre1000035_Cable0002","Fibre1000035_Cable0003");INSERT INTO Predecessors VALUES("Fibre1000035_Cable0003","Fibre1000035_Cable0002");
INSERT INTO Successors VALUES("Fibre1000036_Cable0001","Fibre1000036_Cable0002");INSERT INTO Predecessors VALUES("Fibre1000036_Cable0002","Fibre1000036_Cable0001");
INSERT INTO Successors VALUES("Fibre1000036_Cable0002","Fibre1000036_Cable0003");INSERT INTO Predecessors VALUES("Fibre1000036_Cable0003","Fibre1000036_Cable0002");
INSERT INTO Successors VALUES("Fibre1000037_Cable0001","Fibre1000037_Cable0002");INSERT INTO Predecessors VALUES("Fibre1000037_Cable0002","Fibre1000037_Cable0001");
INSERT INTO Successors VALUES("Fibre1000037_Cable0002","Fibre1000037_Cable0003");INSERT INTO Predecessors VALUES("Fibre1000037_Cable0003","Fibre1000037_Cable0002");
INSERT INTO Successors VALUES("Fibre1000038_Cable0001","Fibre1000038_Cable0002");INSERT INTO Predecessors VALUES("Fibre1000038_Cable0002","Fibre1000038_Cable0001");
INSERT INTO Successors VALUES("Fibre1000038_Cable0002","Fibre1000038_Cable0003");INSERT INTO Predecessors VALUES("Fibre1000038_Cable0003","Fibre1000038_Cable0002");
INSERT INTO Successors VALUES("Fibre1000039_Cable0001","Fibre1000039_Cable0002");INSERT INTO Predecessors VALUES("Fibre1000039_Cable0002","Fibre1000039_Cable0001");
INSERT INTO Successors VALUES("Fibre1000039_Cable0002","Fibre1000039_Cable0003");INSERT INTO Predecessors VALUES("Fibre1000039_Cable0003","Fibre1000039_Cable0002");
INSERT INTO Successors VALUES("Fibre1000040_Cable0001","Fibre1000040_Cable0002");INSERT INTO Predecessors VALUES("Fibre1000040_Cable0002","Fibre1000040_Cable0001");
INSERT INTO Successors VALUES("Fibre1000040_Cable0002","Fibre1000040_Cable0003");INSERT INTO Predecessors VALUES("Fibre1000040_Cable0003","Fibre1000040_Cable0002");
INSERT INTO Successors VALUES("Fibre1000041_Cable0001","Fibre1000041_Cable0002");INSERT INTO Predecessors VALUES("Fibre1000041_Cable0002","Fibre1000041_Cable0001");
INSERT INTO Successors VALUES("Fibre1000041_Cable0002","Fibre1000041_Cable0003");INSERT INTO Predecessors VALUES("Fibre1000041_Cable0003","Fibre1000041_Cable0002");
INSERT INTO Successors VALUES("Fibre1000042_Cable0001","Fibre1000042_Cable0002");INSERT INTO Predecessors VALUES("Fibre1000042_Cable0002","Fibre1000042_Cable0001");
INSERT INTO Successors VALUES("Fibre1000042_Cable0002","Fibre1000042_Cable0003");INSERT INTO Predecessors VALUES("Fibre1000042_Cable0003","Fibre1000042_Cable0002");
INSERT INTO Successors VALUES("Fibre1000043_Cable0001","Fibre1000043_Cable0002");INSERT INTO Predecessors VALUES("Fibre1000043_Cable0002","Fibre1000043_Cable0001");
INSERT INTO Successors VALUES("Fibre1000043_Cable0002","Fibre1000043_Cable0003");INSERT INTO Predecessors VALUES("Fibre1000043_Cable0003","Fibre1000043_Cable0002");
INSERT INTO Successors VALUES("Fibre1000044_Cable0001","Fibre1000044_Cable0002");INSERT INTO Predecessors VALUES("Fibre1000044_Cable0002","Fibre1000044_Cable0001");
INSERT INTO Successors VALUES("Fibre1000044_Cable0002","Fibre1000044_Cable0003");INSERT INTO Predecessors VALUES("Fibre1000044_Cable0003","Fibre1000044_Cable0002");
INSERT INTO Successors VALUES("Fibre1000045_Cable0001","Fibre1000045_Cable0002");INSERT INTO Predecessors VALUES("Fibre1000045_Cable0002","Fibre1000045_Cable0001");
INSERT INTO Successors VALUES("Fibre1000045_Cable0002","Fibre1000045_Cable0003");INSERT INTO Predecessors VALUES("Fibre1000045_Cable0003","Fibre1000045_Cable0002");
INSERT INTO Successors VALUES("Fibre1000046_Cable0001","Fibre1000046_Cable0002");INSERT INTO Predecessors VALUES("Fibre1000046_Cable0002","Fibre1000046_Cable0001");
INSERT INTO Successors VALUES("Fibre1000046_Cable0002","Fibre1000046_Cable0003");INSERT INTO Predecessors VALUES("Fibre1000046_Cable0003","Fibre1000046_Cable0002");
INSERT INTO Successors VALUES("Fibre1000047_Cable0001","Fibre1000047_Cable0002");INSERT INTO Predecessors VALUES("Fibre1000047_Cable0002","Fibre1000047_Cable0001");
INSERT INTO Successors VALUES("Fibre1000047_Cable0002","Fibre1000047_Cable0003");INSERT INTO Predecessors VALUES("Fibre1000047_Cable0003","Fibre1000047_Cable0002");
INSERT INTO Successors VALUES("Fibre1000048_Cable0001","Fibre1000048_Cable0002");INSERT INTO Predecessors VALUES("Fibre1000048_Cable0002","Fibre1000048_Cable0001");
INSERT INTO Successors VALUES("Fibre1000048_Cable0002","Fibre1000048_Cable0003");INSERT INTO Predecessors VALUES("Fibre1000048_Cable0003","Fibre1000048_Cable0002");
INSERT INTO Successors VALUES("Fibre1000049_Cable0001","Fibre1000049_Cable0002");INSERT INTO Predecessors VALUES("Fibre1000049_Cable0002","Fibre1000049_Cable0001");
INSERT INTO Successors VALUES("Fibre1000049_Cable0002","Fibre1000049_Cable0003");INSERT INTO Predecessors VALUES("Fibre1000049_Cable0003","Fibre1000049_Cable0002");
INSERT INTO Successors VALUES("Fibre1000050_Cable0001","Fibre1000050_Cable0002");INSERT INTO Predecessors VALUES("Fibre1000050_Cable0002","Fibre1000050_Cable0001");
INSERT INTO Successors VALUES("Fibre1000050_Cable0002","Fibre1000050_Cable0003");INSERT INTO Predecessors VALUES("Fibre1000050_Cable0003","Fibre1000050_Cable0002");
INSERT INTO Successors VALUES("Fibre1000051_Cable0001","Fibre1000051_Cable0002");INSERT INTO Predecessors VALUES("Fibre1000051_Cable0002","Fibre1000051_Cable0001");
INSERT INTO Successors VALUES("Fibre1000051_Cable0002","Fibre1000051_Cable0003");INSERT INTO Predecessors VALUES("Fibre1000051_Cable0003","Fibre1000051_Cable0002");
INSERT INTO Successors VALUES("Fibre1000052_Cable0001","Fibre1000052_Cable0002");INSERT INTO Predecessors VALUES("Fibre1000052_Cable0002","Fibre1000052_Cable0001");
INSERT INTO Successors VALUES("Fibre1000052_Cable0002","Fibre1000052_Cable0003");INSERT INTO Predecessors VALUES("Fibre1000052_Cable0003","Fibre1000052_Cable0002");
INSERT INTO Successors VALUES("Fibre1000053_Cable0001","Fibre1000053_Cable0002");INSERT INTO Predecessors VALUES("Fibre1000053_Cable0002","Fibre1000053_Cable0001");
INSERT INTO Successors VALUES("Fibre1000053_Cable0002","Fibre1000053_Cable0003");INSERT INTO Predecessors VALUES("Fibre1000053_Cable0003","Fibre1000053_Cable0002");
INSERT INTO Successors VALUES("Fibre1000054_Cable0001","Fibre1000054_Cable0002");INSERT INTO Predecessors VALUES("Fibre1000054_Cable0002","Fibre1000054_Cable0001");
INSERT INTO Successors VALUES("Fibre1000054_Cable0002","Fibre1000054_Cable0003");INSERT INTO Predecessors VALUES("Fibre1000054_Cable0003","Fibre1000054_Cable0002");
INSERT INTO Successors VALUES("Fibre1000055_Cable0001","Fibre1000055_Cable0002");INSERT INTO Predecessors VALUES("Fibre1000055_Cable0002","Fibre1000055_Cable0001");
INSERT INTO Successors VALUES("Fibre1000055_Cable0002","Fibre1000055_Cable0003");INSERT INTO Predecessors VALUES("Fibre1000055_Cable0003","Fibre1000055_Cable0002");
INSERT INTO Successors VALUES("Fibre1000056_Cable0001","Fibre1000056_Cable0002");INSERT INTO Predecessors VALUES("Fibre1000056_Cable0002","Fibre1000056_Cable0001");
INSERT INTO Successors VALUES("Fibre1000056_Cable0002","Fibre1000056_Cable0003");INSERT INTO Predecessors VALUES("Fibre1000056_Cable0003","Fibre1000056_Cable0002");
INSERT INTO Successors VALUES("Fibre1000057_Cable0001","Fibre1000057_Cable0002");INSERT INTO Predecessors VALUES("Fibre1000057_Cable0002","Fibre1000057_Cable0001");
INSERT INTO Successors VALUES("Fibre1000057_Cable0002","Fibre1000057_Cable0003");INSERT INTO Predecessors VALUES("Fibre1000057_Cable0003","Fibre1000057_Cable0002");
INSERT INTO Successors VALUES("Fibre1000058_Cable0001","Fibre1000058_Cable0002");INSERT INTO Predecessors VALUES("Fibre1000058_Cable0002","Fibre1000058_Cable0001");
INSERT INTO Successors VALUES("Fibre1000058_Cable0002","Fibre1000058_Cable0003");INSERT INTO Predecessors VALUES("Fibre1000058_Cable0003","Fibre1000058_Cable0002");
INSERT INTO Successors VALUES("Fibre1000059_Cable0001","Fibre1000059_Cable0002");INSERT INTO Predecessors VALUES("Fibre1000059_Cable0002","Fibre1000059_Cable0001");
INSERT INTO Successors VALUES("Fibre1000059_Cable0002","Fibre1000059_Cable0003");INSERT INTO Predecessors VALUES("Fibre1000059_Cable0003","Fibre1000059_Cable0002");
INSERT INTO Successors VALUES("Fibre1000060_Cable0001","Fibre1000060_Cable0002");INSERT INTO Predecessors VALUES("Fibre1000060_Cable0002","Fibre1000060_Cable0001");
INSERT INTO Successors VALUES("Fibre1000060_Cable0002","Fibre1000060_Cable0003");INSERT INTO Predecessors VALUES("Fibre1000060_Cable0003","Fibre1000060_Cable0002");
INSERT INTO Successors VALUES("Fibre1000061_Cable0001","Fibre1000061_Cable0002");INSERT INTO Predecessors VALUES("Fibre1000061_Cable0002","Fibre1000061_Cable0001");
INSERT INTO Successors VALUES("Fibre1000061_Cable0002","Fibre1000061_Cable0003");INSERT INTO Predecessors VALUES("Fibre1000061_Cable0003","Fibre1000061_Cable0002");
INSERT INTO Successors VALUES("Fibre1000062_Cable0001","Fibre1000062_Cable0002");INSERT INTO Predecessors VALUES("Fibre1000062_Cable0002","Fibre1000062_Cable0001");
INSERT INTO Successors VALUES("Fibre1000062_Cable0002","Fibre1000062_Cable0003");INSERT INTO Predecessors VALUES("Fibre1000062_Cable0003","Fibre1000062_Cable0002");
INSERT INTO Successors VALUES("Fibre1000063_Cable0001","Fibre1000063_Cable0002");INSERT INTO Predecessors VALUES("Fibre1000063_Cable0002","Fibre1000063_Cable0001");
INSERT INTO Successors VALUES("Fibre1000063_Cable0002","Fibre1000063_Cable0003");INSERT INTO Predecessors VALUES("Fibre1000063_Cable0003","Fibre1000063_Cable0002");
INSERT INTO Successors VALUES("Fibre1000064_Cable0001","Fibre1000064_Cable0002");INSERT INTO Predecessors VALUES("Fibre1000064_Cable0002","Fibre1000064_Cable0001");
INSERT INTO Successors VALUES("Fibre1000064_Cable0002","Fibre1000064_Cable0003");INSERT INTO Predecessors VALUES("Fibre1000064_Cable0003","Fibre1000064_Cable0002");
INSERT INTO Successors VALUES("Fibre1000065_Cable0001","Fibre1000065_Cable0002");INSERT INTO Predecessors VALUES("Fibre1000065_Cable0002","Fibre1000065_Cable0001");
INSERT INTO Successors VALUES("Fibre1000065_Cable0002","Fibre1000065_Cable0003");INSERT INTO Predecessors VALUES("Fibre1000065_Cable0003","Fibre1000065_Cable0002");
INSERT INTO Successors VALUES("Fibre1000066_Cable0001","Fibre1000066_Cable0002");INSERT INTO Predecessors VALUES("Fibre1000066_Cable0002","Fibre1000066_Cable0001");
INSERT INTO Successors VALUES("Fibre1000066_Cable0002","Fibre1000066_Cable0003");INSERT INTO Predecessors VALUES("Fibre1000066_Cable0003","Fibre1000066_Cable0002");
INSERT INTO Successors VALUES("Fibre1000067_Cable0001","Fibre1000067_Cable0002");INSERT INTO Predecessors VALUES("Fibre1000067_Cable0002","Fibre1000067_Cable0001");
INSERT INTO Successors VALUES("Fibre1000067_Cable0002","Fibre1000067_Cable0003");INSERT INTO Predecessors VALUES("Fibre1000067_Cable0003","Fibre1000067_Cable0002");
INSERT INTO Successors VALUES("Fibre1000068_Cable0001","Fibre1000068_Cable0002");INSERT INTO Predecessors VALUES("Fibre1000068_Cable0002","Fibre1000068_Cable0001");
INSERT INTO Successors VALUES("Fibre1000068_Cable0002","Fibre1000068_Cable0003");INSERT INTO Predecessors VALUES("Fibre1000068_Cable0003","Fibre1000068_Cable0002");
INSERT INTO Successors VALUES("Fibre1000069_Cable0001","Fibre1000069_Cable0002");INSERT INTO Predecessors VALUES("Fibre1000069_Cable0002","Fibre1000069_Cable0001");
INSERT INTO Successors VALUES("Fibre1000069_Cable0002","Fibre1000069_Cable0003");INSERT INTO Predecessors VALUES("Fibre1000069_Cable0003","Fibre1000069_Cable0002");
INSERT INTO Successors VALUES("Fibre1000070_Cable0001","Fibre1000070_Cable0002");INSERT INTO Predecessors VALUES("Fibre1000070_Cable0002","Fibre1000070_Cable0001");
INSERT INTO Successors VALUES("Fibre1000070_Cable0002","Fibre1000070_Cable0003");INSERT INTO Predecessors VALUES("Fibre1000070_Cable0003","Fibre1000070_Cable0002");
INSERT INTO Successors VALUES("Fibre1000071_Cable0001","Fibre1000071_Cable0002");INSERT INTO Predecessors VALUES("Fibre1000071_Cable0002","Fibre1000071_Cable0001");
INSERT INTO Successors VALUES("Fibre1000071_Cable0002","Fibre1000071_Cable0003");INSERT INTO Predecessors VALUES("Fibre1000071_Cable0003","Fibre1000071_Cable0002");
INSERT INTO Successors VALUES("Fibre1000072_Cable0001","Fibre1000072_Cable0002");INSERT INTO Predecessors VALUES("Fibre1000072_Cable0002","Fibre1000072_Cable0001");
INSERT INTO Successors VALUES("Fibre1000072_Cable0002","Fibre1000072_Cable0003");INSERT INTO Predecessors VALUES("Fibre1000072_Cable0003","Fibre1000072_Cable0002");
INSERT INTO Successors VALUES("Fibre1000073_Cable0001","Fibre1000073_Cable0002");INSERT INTO Predecessors VALUES("Fibre1000073_Cable0002","Fibre1000073_Cable0001");
INSERT INTO Successors VALUES("Fibre1000073_Cable0002","Fibre1000073_Cable0003");INSERT INTO Predecessors VALUES("Fibre1000073_Cable0003","Fibre1000073_Cable0002");
INSERT INTO Successors VALUES("Fibre1000074_Cable0001","Fibre1000074_Cable0002");INSERT INTO Predecessors VALUES("Fibre1000074_Cable0002","Fibre1000074_Cable0001");
INSERT INTO Successors VALUES("Fibre1000074_Cable0002","Fibre1000074_Cable0003");INSERT INTO Predecessors VALUES("Fibre1000074_Cable0003","Fibre1000074_Cable0002");
INSERT INTO Successors VALUES("Fibre1000075_Cable0001","Fibre1000075_Cable0002");INSERT INTO Predecessors VALUES("Fibre1000075_Cable0002","Fibre1000075_Cable0001");
INSERT INTO Successors VALUES("Fibre1000075_Cable0002","Fibre1000075_Cable0003");INSERT INTO Predecessors VALUES("Fibre1000075_Cable0003","Fibre1000075_Cable0002");
INSERT INTO Successors VALUES("Fibre1000076_Cable0001","Fibre1000076_Cable0002");INSERT INTO Predecessors VALUES("Fibre1000076_Cable0002","Fibre1000076_Cable0001");
INSERT INTO Successors VALUES("Fibre1000076_Cable0002","Fibre1000076_Cable0003");INSERT INTO Predecessors VALUES("Fibre1000076_Cable0003","Fibre1000076_Cable0002");
INSERT INTO Successors VALUES("Fibre1000077_Cable0001","Fibre1000077_Cable0002");INSERT INTO Predecessors VALUES("Fibre1000077_Cable0002","Fibre1000077_Cable0001");
INSERT INTO Successors VALUES("Fibre1000077_Cable0002","Fibre1000077_Cable0003");INSERT INTO Predecessors VALUES("Fibre1000077_Cable0003","Fibre1000077_Cable0002");
INSERT INTO Successors VALUES("Fibre1000078_Cable0001","Fibre1000078_Cable0002");INSERT INTO Predecessors VALUES("Fibre1000078_Cable0002","Fibre1000078_Cable0001");
INSERT INTO Successors VALUES("Fibre1000078_Cable0002","Fibre1000078_Cable0003");INSERT INTO Predecessors VALUES("Fibre1000078_Cable0003","Fibre1000078_Cable0002");
INSERT INTO Successors VALUES("Fibre1000079_Cable0001","Fibre1000079_Cable0002");INSERT INTO Predecessors VALUES("Fibre1000079_Cable0002","Fibre1000079_Cable0001");
INSERT INTO Successors VALUES("Fibre1000079_Cable0002","Fibre1000079_Cable0003");INSERT INTO Predecessors VALUES("Fibre1000079_Cable0003","Fibre1000079_Cable0002");
INSERT INTO Successors VALUES("Fibre1000080_Cable0001","Fibre1000080_Cable0002");INSERT INTO Predecessors VALUES("Fibre1000080_Cable0002","Fibre1000080_Cable0001");
INSERT INTO Successors VALUES("Fibre1000080_Cable0002","Fibre1000080_Cable0003");INSERT INTO Predecessors VALUES("Fibre1000080_Cable0003","Fibre1000080_Cable0002");
INSERT INTO Successors VALUES("Fibre1000081_Cable0001","Fibre1000081_Cable0002");INSERT INTO Predecessors VALUES("Fibre1000081_Cable0002","Fibre1000081_Cable0001");
INSERT INTO Successors VALUES("Fibre1000081_Cable0002","Fibre1000081_Cable0003");INSERT INTO Predecessors VALUES("Fibre1000081_Cable0003","Fibre1000081_Cable0002");
INSERT INTO Successors VALUES("Fibre1000082_Cable0001","Fibre1000082_Cable0002");INSERT INTO Predecessors VALUES("Fibre1000082_Cable0002","Fibre1000082_Cable0001");
INSERT INTO Successors VALUES("Fibre1000082_Cable0002","Fibre1000082_Cable0003");INSERT INTO Predecessors VALUES("Fibre1000082_Cable0003","Fibre1000082_Cable0002");
INSERT INTO Successors VALUES("Fibre1000083_Cable0001","Fibre1000083_Cable0002");INSERT INTO Predecessors VALUES("Fibre1000083_Cable0002","Fibre1000083_Cable0001");
INSERT INTO Successors VALUES("Fibre1000083_Cable0002","Fibre1000083_Cable0003");INSERT INTO Predecessors VALUES("Fibre1000083_Cable0003","Fibre1000083_Cable0002");
INSERT INTO Successors VALUES("Fibre1000084_Cable0001","Fibre1000084_Cable0002");INSERT INTO Predecessors VALUES("Fibre1000084_Cable0002","Fibre1000084_Cable0001");
INSERT INTO Successors VALUES("Fibre1000084_Cable0002","Fibre1000084_Cable0003");INSERT INTO Predecessors VALUES("Fibre1000084_Cable0003","Fibre1000084_Cable0002");
INSERT INTO Successors VALUES("Fibre1000085_Cable0001","Fibre1000085_Cable0002");INSERT INTO Predecessors VALUES("Fibre1000085_Cable0002","Fibre1000085_Cable0001");
INSERT INTO Successors VALUES("Fibre1000085_Cable0002","Fibre1000085_Cable0003");INSERT INTO Predecessors VALUES("Fibre1000085_Cable0003","Fibre1000085_Cable0002");
INSERT INTO Successors VALUES("Fibre1000086_Cable0001","Fibre1000086_Cable0002");INSERT INTO Predecessors VALUES("Fibre1000086_Cable0002","Fibre1000086_Cable0001");
INSERT INTO Successors VALUES("Fibre1000086_Cable0002","Fibre1000086_Cable0003");INSERT INTO Predecessors VALUES("Fibre1000086_Cable0003","Fibre1000086_Cable0002");
INSERT INTO Successors VALUES("Fibre1000087_Cable0001","Fibre1000087_Cable0002");INSERT INTO Predecessors VALUES("Fibre1000087_Cable0002","Fibre1000087_Cable0001");
INSERT INTO Successors VALUES("Fibre1000087_Cable0002","Fibre1000087_Cable0003");INSERT INTO Predecessors VALUES("Fibre1000087_Cable0003","Fibre1000087_Cable0002");
INSERT INTO Successors VALUES("Fibre1000088_Cable0001","Fibre1000088_Cable0002");INSERT INTO Predecessors VALUES("Fibre1000088_Cable0002","Fibre1000088_Cable0001");
INSERT INTO Successors VALUES("Fibre1000088_Cable0002","Fibre1000088_Cable0003");INSERT INTO Predecessors VALUES("Fibre1000088_Cable0003","Fibre1000088_Cable0002");
INSERT INTO Successors VALUES("Fibre1000089_Cable0001","Fibre1000089_Cable0002");INSERT INTO Predecessors VALUES("Fibre1000089_Cable0002","Fibre1000089_Cable0001");
INSERT INTO Successors VALUES("Fibre1000089_Cable0002","Fibre1000089_Cable0003");INSERT INTO Predecessors VALUES("Fibre1000089_Cable0003","Fibre1000089_Cable0002");
INSERT INTO Successors VALUES("Fibre1000090_Cable0001","Fibre1000090_Cable0002");INSERT INTO Predecessors VALUES("Fibre1000090_Cable0002","Fibre1000090_Cable0001");
INSERT INTO Successors VALUES("Fibre1000090_Cable0002","Fibre1000090_Cable0003");INSERT INTO Predecessors VALUES("Fibre1000090_Cable0003","Fibre1000090_Cable0002");
INSERT INTO Successors VALUES("Fibre1000091_Cable0001","Fibre1000091_Cable0002");INSERT INTO Predecessors VALUES("Fibre1000091_Cable0002","Fibre1000091_Cable0001");
INSERT INTO Successors VALUES("Fibre1000091_Cable0002","Fibre1000091_Cable0003");INSERT INTO Predecessors VALUES("Fibre1000091_Cable0003","Fibre1000091_Cable0002");
INSERT INTO Successors VALUES("Fibre1000092_Cable0001","Fibre1000092_Cable0002");INSERT INTO Predecessors VALUES("Fibre1000092_Cable0002","Fibre1000092_Cable0001");
INSERT INTO Successors VALUES("Fibre1000092_Cable0002","Fibre1000092_Cable0003");INSERT INTO Predecessors VALUES("Fibre1000092_Cable0003","Fibre1000092_Cable0002");
INSERT INTO Successors VALUES("Fibre1000093_Cable0001","Fibre1000093_Cable0002");INSERT INTO Predecessors VALUES("Fibre1000093_Cable0002","Fibre1000093_Cable0001");
INSERT INTO Successors VALUES("Fibre1000093_Cable0002","Fibre1000093_Cable0003");INSERT INTO Predecessors VALUES("Fibre1000093_Cable0003","Fibre1000093_Cable0002");
INSERT INTO Successors VALUES("Fibre1000094_Cable0001","Fibre1000094_Cable0002");INSERT INTO Predecessors VALUES("Fibre1000094_Cable0002","Fibre1000094_Cable0001");
INSERT INTO Successors VALUES("Fibre1000094_Cable0002","Fibre1000094_Cable0003");INSERT INTO Predecessors VALUES("Fibre1000094_Cable0003","Fibre1000094_Cable0002");
INSERT INTO Successors VALUES("Fibre1000095_Cable0001","Fibre1000095_Cable0002");INSERT INTO Predecessors VALUES("Fibre1000095_Cable0002","Fibre1000095_Cable0001");
INSERT INTO Successors VALUES("Fibre1000095_Cable0002","Fibre1000095_Cable0003");INSERT INTO Predecessors VALUES("Fibre1000095_Cable0003","Fibre1000095_Cable0002");
INSERT INTO Successors VALUES("Fibre1000096_Cable0001","Fibre1000096_Cable0002");INSERT INTO Predecessors VALUES("Fibre1000096_Cable0002","Fibre1000096_Cable0001");
INSERT INTO Successors VALUES("Fibre1000096_Cable0002","Fibre1000096_Cable0003");INSERT INTO Predecessors VALUES("Fibre1000096_Cable0003","Fibre1000096_Cable0002");
INSERT INTO Successors VALUES("Fibre1000097_Cable0001","Fibre1000097_Cable0002");INSERT INTO Predecessors VALUES("Fibre1000097_Cable0002","Fibre1000097_Cable0001");
INSERT INTO Successors VALUES("Fibre1000098_Cable0001","Fibre1000098_Cable0002");INSERT INTO Predecessors VALUES("Fibre1000098_Cable0002","Fibre1000098_Cable0001");
INSERT INTO Successors VALUES("Fibre1000099_Cable0001","Fibre1000099_Cable0002");INSERT INTO Predecessors VALUES("Fibre1000099_Cable0002","Fibre1000099_Cable0001");
INSERT INTO Successors VALUES("Fibre1000100_Cable0001","Fibre1000100_Cable0002");INSERT INTO Predecessors VALUES("Fibre1000100_Cable0002","Fibre1000100_Cable0001");
INSERT INTO Successors VALUES("Fibre1000101_Cable0001","Fibre1000101_Cable0002");INSERT INTO Predecessors VALUES("Fibre1000101_Cable0002","Fibre1000101_Cable0001");
INSERT INTO Successors VALUES("Fibre1000102_Cable0001","Fibre1000102_Cable0002");INSERT INTO Predecessors VALUES("Fibre1000102_Cable0002","Fibre1000102_Cable0001");
INSERT INTO Successors VALUES("Fibre1000103_Cable0001","Fibre1000103_Cable0002");INSERT INTO Predecessors VALUES("Fibre1000103_Cable0002","Fibre1000103_Cable0001");
INSERT INTO Successors VALUES("Fibre1000104_Cable0001","Fibre1000104_Cable0002");INSERT INTO Predecessors VALUES("Fibre1000104_Cable0002","Fibre1000104_Cable0001");
INSERT INTO Successors VALUES("Fibre1000105_Cable0001","Fibre1000105_Cable0002");INSERT INTO Predecessors VALUES("Fibre1000105_Cable0002","Fibre1000105_Cable0001");
INSERT INTO Successors VALUES("Fibre1000106_Cable0001","Fibre1000106_Cable0002");INSERT INTO Predecessors VALUES("Fibre1000106_Cable0002","Fibre1000106_Cable0001");
INSERT INTO Successors VALUES("Fibre1000107_Cable0001","Fibre1000107_Cable0002");INSERT INTO Predecessors VALUES("Fibre1000107_Cable0002","Fibre1000107_Cable0001");
INSERT INTO Successors VALUES("Fibre1000108_Cable0001","Fibre1000108_Cable0002");INSERT INTO Predecessors VALUES("Fibre1000108_Cable0002","Fibre1000108_Cable0001");
INSERT INTO Successors VALUES("Fibre1000109_Cable0001","Fibre1000109_Cable0002");INSERT INTO Predecessors VALUES("Fibre1000109_Cable0002","Fibre1000109_Cable0001");
INSERT INTO Successors VALUES("Fibre1000110_Cable0001","Fibre1000110_Cable0002");INSERT INTO Predecessors VALUES("Fibre1000110_Cable0002","Fibre1000110_Cable0001");
INSERT INTO Successors VALUES("Fibre1000111_Cable0001","Fibre1000111_Cable0002");INSERT INTO Predecessors VALUES("Fibre1000111_Cable0002","Fibre1000111_Cable0001");
INSERT INTO Successors VALUES("Fibre1000112_Cable0001","Fibre1000112_Cable0002");INSERT INTO Predecessors VALUES("Fibre1000112_Cable0002","Fibre1000112_Cable0001");
INSERT INTO Successors VALUES("Fibre1000113_Cable0001","Fibre1000113_Cable0002");INSERT INTO Predecessors VALUES("Fibre1000113_Cable0002","Fibre1000113_Cable0001");
INSERT INTO Successors VALUES("Fibre1000114_Cable0001","Fibre1000114_Cable0002");INSERT INTO Predecessors VALUES("Fibre1000114_Cable0002","Fibre1000114_Cable0001");
INSERT INTO Successors VALUES("Fibre1000115_Cable0001","Fibre1000115_Cable0002");INSERT INTO Predecessors VALUES("Fibre1000115_Cable0002","Fibre1000115_Cable0001");
INSERT INTO Successors VALUES("Fibre1000116_Cable0001","Fibre1000116_Cable0002");INSERT INTO Predecessors VALUES("Fibre1000116_Cable0002","Fibre1000116_Cable0001");
INSERT INTO Successors VALUES("Fibre1000117_Cable0001","Fibre1000117_Cable0002");INSERT INTO Predecessors VALUES("Fibre1000117_Cable0002","Fibre1000117_Cable0001");
INSERT INTO Successors VALUES("Fibre1000118_Cable0001","Fibre1000118_Cable0002");INSERT INTO Predecessors VALUES("Fibre1000118_Cable0002","Fibre1000118_Cable0001");
INSERT INTO Successors VALUES("Fibre1000119_Cable0001","Fibre1000119_Cable0002");INSERT INTO Predecessors VALUES("Fibre1000119_Cable0002","Fibre1000119_Cable0001");
INSERT INTO Successors VALUES("Fibre1000120_Cable0001","Fibre1000120_Cable0002");INSERT INTO Predecessors VALUES("Fibre1000120_Cable0002","Fibre1000120_Cable0001");
INSERT INTO Successors VALUES("Fibre1000121_Cable0001","Fibre1000121_Cable0002");INSERT INTO Predecessors VALUES("Fibre1000121_Cable0002","Fibre1000121_Cable0001");
INSERT INTO Successors VALUES("Fibre1000122_Cable0001","Fibre1000122_Cable0002");INSERT INTO Predecessors VALUES("Fibre1000122_Cable0002","Fibre1000122_Cable0001");
INSERT INTO Successors VALUES("Fibre1000123_Cable0001","Fibre1000123_Cable0002");INSERT INTO Predecessors VALUES("Fibre1000123_Cable0002","Fibre1000123_Cable0001");
INSERT INTO Successors VALUES("Fibre1000124_Cable0001","Fibre1000124_Cable0002");INSERT INTO Predecessors VALUES("Fibre1000124_Cable0002","Fibre1000124_Cable0001");
INSERT INTO Successors VALUES("Fibre1000125_Cable0001","Fibre1000125_Cable0002");INSERT INTO Predecessors VALUES("Fibre1000125_Cable0002","Fibre1000125_Cable0001");
INSERT INTO Successors VALUES("Fibre1000126_Cable0001","Fibre1000126_Cable0002");INSERT INTO Predecessors VALUES("Fibre1000126_Cable0002","Fibre1000126_Cable0001");
INSERT INTO Successors VALUES("Fibre1000127_Cable0001","Fibre1000127_Cable0002");INSERT INTO Predecessors VALUES("Fibre1000127_Cable0002","Fibre1000127_Cable0001");
INSERT INTO Successors VALUES("Fibre1000128_Cable0001","Fibre1000128_Cable0002");INSERT INTO Predecessors VALUES("Fibre1000128_Cable0002","Fibre1000128_Cable0001");
INSERT INTO Successors VALUES("Fibre1000129_Cable0001","Fibre1000129_Cable0002");INSERT INTO Predecessors VALUES("Fibre1000129_Cable0002","Fibre1000129_Cable0001");
INSERT INTO Successors VALUES("Fibre1000130_Cable0001","Fibre1000130_Cable0002");INSERT INTO Predecessors VALUES("Fibre1000130_Cable0002","Fibre1000130_Cable0001");
INSERT INTO Successors VALUES("Fibre1000131_Cable0001","Fibre1000131_Cable0002");INSERT INTO Predecessors VALUES("Fibre1000131_Cable0002","Fibre1000131_Cable0001");
INSERT INTO Successors VALUES("Fibre1000132_Cable0001","Fibre1000132_Cable0002");INSERT INTO Predecessors VALUES("Fibre1000132_Cable0002","Fibre1000132_Cable0001");
INSERT INTO Successors VALUES("Fibre1000133_Cable0001","Fibre1000133_Cable0002");INSERT INTO Predecessors VALUES("Fibre1000133_Cable0002","Fibre1000133_Cable0001");
INSERT INTO Successors VALUES("Fibre1000134_Cable0001","Fibre1000134_Cable0002");INSERT INTO Predecessors VALUES("Fibre1000134_Cable0002","Fibre1000134_Cable0001");
INSERT INTO Successors VALUES("Fibre1000135_Cable0001","Fibre1000135_Cable0002");INSERT INTO Predecessors VALUES("Fibre1000135_Cable0002","Fibre1000135_Cable0001");
INSERT INTO Successors VALUES("Fibre1000136_Cable0001","Fibre1000136_Cable0002");INSERT INTO Predecessors VALUES("Fibre1000136_Cable0002","Fibre1000136_Cable0001");
INSERT INTO Successors VALUES("Fibre1000137_Cable0001","Fibre1000137_Cable0002");INSERT INTO Predecessors VALUES("Fibre1000137_Cable0002","Fibre1000137_Cable0001");
INSERT INTO Successors VALUES("Fibre1000138_Cable0001","Fibre1000138_Cable0002");INSERT INTO Predecessors VALUES("Fibre1000138_Cable0002","Fibre1000138_Cable0001");
INSERT INTO Successors VALUES("Fibre1000139_Cable0001","Fibre1000139_Cable0002");INSERT INTO Predecessors VALUES("Fibre1000139_Cable0002","Fibre1000139_Cable0001");
INSERT INTO Successors VALUES("Fibre1000140_Cable0001","Fibre1000140_Cable0002");INSERT INTO Predecessors VALUES("Fibre1000140_Cable0002","Fibre1000140_Cable0001");
INSERT INTO Successors VALUES("Fibre1000141_Cable0001","Fibre1000141_Cable0002");INSERT INTO Predecessors VALUES("Fibre1000141_Cable0002","Fibre1000141_Cable0001");
INSERT INTO Successors VALUES("Fibre1000142_Cable0001","Fibre1000142_Cable0002");INSERT INTO Predecessors VALUES("Fibre1000142_Cable0002","Fibre1000142_Cable0001");
INSERT INTO Successors VALUES("Fibre1000143_Cable0001","Fibre1000143_Cable0002");INSERT INTO Predecessors VALUES("Fibre1000143_Cable0002","Fibre1000143_Cable0001");
INSERT INTO Successors VALUES("Fibre1000144_Cable0001","Fibre1000144_Cable0002");INSERT INTO Predecessors VALUES("Fibre1000144_Cable0002","Fibre1000144_Cable0001");
INSERT INTO Components(ComponentID, ParentID, ComponentTypeId) VALUES("Fibre1000001_Cable0009", "Cable0009", 5005);
INSERT INTO Components(ComponentID, ParentID, ComponentTypeId) VALUES("Fibre1000002_Cable0009", "Cable0009", 5005);
INSERT INTO Components(ComponentID, ParentID, ComponentTypeId) VALUES("Fibre1000003_Cable0009", "Cable0009", 5005);
INSERT INTO Components(ComponentID, ParentID, ComponentTypeId) VALUES("Fibre1000004_Cable0009", "Cable0009", 5005);
INSERT INTO Components(ComponentID, ParentID, ComponentTypeId) VALUES("Fibre1000005_Cable0009", "Cable0009", 5005);
INSERT INTO Components(ComponentID, ParentID, ComponentTypeId) VALUES("Fibre1000006_Cable0009", "Cable0009", 5005);
INSERT INTO Components(ComponentID, ParentID, ComponentTypeId) VALUES("Fibre1000007_Cable0009", "Cable0009", 5005);
INSERT INTO Components(ComponentID, ParentID, ComponentTypeId) VALUES("Fibre1000008_Cable0009", "Cable0009", 5005);
INSERT INTO Components(ComponentID, ParentID, ComponentTypeId) VALUES("Fibre1000009_Cable0009", "Cable0009", 5005);
INSERT INTO Components(ComponentID, ParentID, ComponentTypeId) VALUES("Fibre1000010_Cable0009", "Cable0009", 5005);
INSERT INTO Components(ComponentID, ParentID, ComponentTypeId) VALUES("Fibre1000011_Cable0009", "Cable0009", 5005);
INSERT INTO Components(ComponentID, ParentID, ComponentTypeId) VALUES("Fibre1000012_Cable0009", "Cable0009", 5005);
INSERT INTO Components(ComponentID, ParentID, ComponentTypeId) VALUES("Fibre1000013_Cable0009", "Cable0009", 5005);
INSERT INTO Components(ComponentID, ParentID, ComponentTypeId) VALUES("Fibre1000014_Cable0009", "Cable0009", 5005);
INSERT INTO Components(ComponentID, ParentID, ComponentTypeId) VALUES("Fibre1000015_Cable0009", "Cable0009", 5005);
INSERT INTO Components(ComponentID, ParentID, ComponentTypeId) VALUES("Fibre1000016_Cable0009", "Cable0009", 5005);
INSERT INTO Components(ComponentID, ParentID, ComponentTypeId) VALUES("Fibre1000017_Cable0009", "Cable0009", 5005);
INSERT INTO Components(ComponentID, ParentID, ComponentTypeId) VALUES("Fibre1000018_Cable0009", "Cable0009", 5005);
INSERT INTO Components(ComponentID, ParentID, ComponentTypeId) VALUES("Fibre1000019_Cable0009", "Cable0009", 5005);
INSERT INTO Components(ComponentID, ParentID, ComponentTypeId) VALUES("Fibre1000020_Cable0009", "Cable0009", 5005);
INSERT INTO Components(ComponentID, ParentID, ComponentTypeId) VALUES("Fibre1000021_Cable0009", "Cable0009", 5005);
INSERT INTO Components(ComponentID, ParentID, ComponentTypeId) VALUES("Fibre1000022_Cable0009", "Cable0009", 5005);
INSERT INTO Components(ComponentID, ParentID, ComponentTypeId) VALUES("Fibre1000023_Cable0009", "Cable0009", 5005);
INSERT INTO Components(ComponentID, ParentID, ComponentTypeId) VALUES("Fibre1000024_Cable0009", "Cable0009", 5005);
INSERT INTO Components(ComponentID, ParentID, ComponentTypeId) VALUES("Fibre1000025_Cable0009", "Cable0009", 5005);
INSERT INTO Components(ComponentID, ParentID, ComponentTypeId) VALUES("Fibre1000026_Cable0009", "Cable0009", 5005);
INSERT INTO Components(ComponentID, ParentID, ComponentTypeId) VALUES("Fibre1000027_Cable0009", "Cable0009", 5005);
INSERT INTO Components(ComponentID, ParentID, ComponentTypeId) VALUES("Fibre1000028_Cable0009", "Cable0009", 5005);
INSERT INTO Components(ComponentID, ParentID, ComponentTypeId) VALUES("Fibre1000029_Cable0009", "Cable0009", 5005);
INSERT INTO Components(ComponentID, ParentID, ComponentTypeId) VALUES("Fibre1000030_Cable0009", "Cable0009", 5005);
INSERT INTO Components(ComponentID, ParentID, ComponentTypeId) VALUES("Fibre1000031_Cable0009", "Cable0009", 5005);
INSERT INTO Components(ComponentID, ParentID, ComponentTypeId) VALUES("Fibre1000032_Cable0009", "Cable0009", 5005);
INSERT INTO Components(ComponentID, ParentID, ComponentTypeId) VALUES("Fibre1000033_Cable0009", "Cable0009", 5005);
INSERT INTO Components(ComponentID, ParentID, ComponentTypeId) VALUES("Fibre1000034_Cable0009", "Cable0009", 5005);
INSERT INTO Components(ComponentID, ParentID, ComponentTypeId) VALUES("Fibre1000035_Cable0009", "Cable0009", 5005);
INSERT INTO Components(ComponentID, ParentID, ComponentTypeId) VALUES("Fibre1000036_Cable0009", "Cable0009", 5005);
INSERT INTO Components(ComponentID, ParentID, ComponentTypeId) VALUES("Fibre1000037_Cable0009", "Cable0009", 5005);
INSERT INTO Components(ComponentID, ParentID, ComponentTypeId) VALUES("Fibre1000038_Cable0009", "Cable0009", 5005);
INSERT INTO Components(ComponentID, ParentID, ComponentTypeId) VALUES("Fibre1000039_Cable0009", "Cable0009", 5005);
INSERT INTO Components(ComponentID, ParentID, ComponentTypeId) VALUES("Fibre1000040_Cable0009", "Cable0009", 5005);
INSERT INTO Components(ComponentID, ParentID, ComponentTypeId) VALUES("Fibre1000041_Cable0009", "Cable0009", 5005);
INSERT INTO Components(ComponentID, ParentID, ComponentTypeId) VALUES("Fibre1000042_Cable0009", "Cable0009", 5005);
INSERT INTO Components(ComponentID, ParentID, ComponentTypeId) VALUES("Fibre1000043_Cable0009", "Cable0009", 5005);
INSERT INTO Components(ComponentID, ParentID, ComponentTypeId) VALUES("Fibre1000044_Cable0009", "Cable0009", 5005);
INSERT INTO Components(ComponentID, ParentID, ComponentTypeId) VALUES("Fibre1000045_Cable0009", "Cable0009", 5005);
INSERT INTO Components(ComponentID, ParentID, ComponentTypeId) VALUES("Fibre1000046_Cable0009", "Cable0009", 5005);
INSERT INTO Components(ComponentID, ParentID, ComponentTypeId) VALUES("Fibre1000047_Cable0009", "Cable0009", 5005);
INSERT INTO Components(ComponentID, ParentID, ComponentTypeId) VALUES("Fibre1000048_Cable0009", "Cable0009", 5005);
INSERT INTO Components(ComponentID, ParentID, ComponentTypeId) VALUES("Fibre1000049_Cable0009", "Cable0009", 5005);
INSERT INTO Components(ComponentID, ParentID, ComponentTypeId) VALUES("Fibre1000050_Cable0009", "Cable0009", 5005);
INSERT INTO Components(ComponentID, ParentID, ComponentTypeId) VALUES("Fibre1000051_Cable0009", "Cable0009", 5005);
INSERT INTO Components(ComponentID, ParentID, ComponentTypeId) VALUES("Fibre1000052_Cable0009", "Cable0009", 5005);
INSERT INTO Components(ComponentID, ParentID, ComponentTypeId) VALUES("Fibre1000053_Cable0009", "Cable0009", 5005);
INSERT INTO Components(ComponentID, ParentID, ComponentTypeId) VALUES("Fibre1000054_Cable0009", "Cable0009", 5005);
INSERT INTO Components(ComponentID, ParentID, ComponentTypeId) VALUES("Fibre1000055_Cable0009", "Cable0009", 5005);
INSERT INTO Components(ComponentID, ParentID, ComponentTypeId) VALUES("Fibre1000056_Cable0009", "Cable0009", 5005);
INSERT INTO Components(ComponentID, ParentID, ComponentTypeId) VALUES("Fibre1000057_Cable0009", "Cable0009", 5005);
INSERT INTO Components(ComponentID, ParentID, ComponentTypeId) VALUES("Fibre1000058_Cable0009", "Cable0009", 5005);
INSERT INTO Components(ComponentID, ParentID, ComponentTypeId) VALUES("Fibre1000059_Cable0009", "Cable0009", 5005);
INSERT INTO Components(ComponentID, ParentID, ComponentTypeId) VALUES("Fibre1000060_Cable0009", "Cable0009", 5005);
INSERT INTO Components(ComponentID, ParentID, ComponentTypeId) VALUES("Fibre1000061_Cable0009", "Cable0009", 5005);
INSERT INTO Components(ComponentID, ParentID, ComponentTypeId) VALUES("Fibre1000062_Cable0009", "Cable0009", 5005);
INSERT INTO Components(ComponentID, ParentID, ComponentTypeId) VALUES("Fibre1000063_Cable0009", "Cable0009", 5005);
INSERT INTO Components(ComponentID, ParentID, ComponentTypeId) VALUES("Fibre1000064_Cable0009", "Cable0009", 5005);
INSERT INTO Components(ComponentID, ParentID, ComponentTypeId) VALUES("Fibre1000065_Cable0009", "Cable0009", 5005);
INSERT INTO Components(ComponentID, ParentID, ComponentTypeId) VALUES("Fibre1000066_Cable0009", "Cable0009", 5005);
INSERT INTO Components(ComponentID, ParentID, ComponentTypeId) VALUES("Fibre1000067_Cable0009", "Cable0009", 5005);
INSERT INTO Components(ComponentID, ParentID, ComponentTypeId) VALUES("Fibre1000068_Cable0009", "Cable0009", 5005);
INSERT INTO Components(ComponentID, ParentID, ComponentTypeId) VALUES("Fibre1000069_Cable0009", "Cable0009", 5005);
INSERT INTO Components(ComponentID, ParentID, ComponentTypeId) VALUES("Fibre1000070_Cable0009", "Cable0009", 5005);
INSERT INTO Components(ComponentID, ParentID, ComponentTypeId) VALUES("Fibre1000071_Cable0009", "Cable0009", 5005);
INSERT INTO Components(ComponentID, ParentID, ComponentTypeId) VALUES("Fibre1000072_Cable0009", "Cable0009", 5005);
INSERT INTO Components(ComponentID, ParentID, ComponentTypeId) VALUES("Fibre1000073_Cable0009", "Cable0009", 5005);
INSERT INTO Components(ComponentID, ParentID, ComponentTypeId) VALUES("Fibre1000074_Cable0009", "Cable0009", 5005);
INSERT INTO Components(ComponentID, ParentID, ComponentTypeId) VALUES("Fibre1000075_Cable0009", "Cable0009", 5005);
INSERT INTO Components(ComponentID, ParentID, ComponentTypeId) VALUES("Fibre1000076_Cable0009", "Cable0009", 5005);
INSERT INTO Components(ComponentID, ParentID, ComponentTypeId) VALUES("Fibre1000077_Cable0009", "Cable0009", 5005);
INSERT INTO Components(ComponentID, ParentID, ComponentTypeId) VALUES("Fibre1000078_Cable0009", "Cable0009", 5005);
INSERT INTO Components(ComponentID, ParentID, ComponentTypeId) VALUES("Fibre1000079_Cable0009", "Cable0009", 5005);
INSERT INTO Components(ComponentID, ParentID, ComponentTypeId) VALUES("Fibre1000080_Cable0009", "Cable0009", 5005);
INSERT INTO Components(ComponentID, ParentID, ComponentTypeId) VALUES("Fibre1000081_Cable0009", "Cable0009", 5005);
INSERT INTO Components(ComponentID, ParentID, ComponentTypeId) VALUES("Fibre1000082_Cable0009", "Cable0009", 5005);
INSERT INTO Components(ComponentID, ParentID, ComponentTypeId) VALUES("Fibre1000083_Cable0009", "Cable0009", 5005);
INSERT INTO Components(ComponentID, ParentID, ComponentTypeId) VALUES("Fibre1000084_Cable0009", "Cable0009", 5005);
INSERT INTO Components(ComponentID, ParentID, ComponentTypeId) VALUES("Fibre1000085_Cable0009", "Cable0009", 5005);
INSERT INTO Components(ComponentID, ParentID, ComponentTypeId) VALUES("Fibre1000086_Cable0009", "Cable0009", 5005);
INSERT INTO Components(ComponentID, ParentID, ComponentTypeId) VALUES("Fibre1000087_Cable0009", "Cable0009", 5005);
INSERT INTO Components(ComponentID, ParentID, ComponentTypeId) VALUES("Fibre1000088_Cable0009", "Cable0009", 5005);
INSERT INTO Components(ComponentID, ParentID, ComponentTypeId) VALUES("Fibre1000089_Cable0009", "Cable0009", 5005);
INSERT INTO Components(ComponentID, ParentID, ComponentTypeId) VALUES("Fibre1000090_Cable0009", "Cable0009", 5005);
INSERT INTO Components(ComponentID, ParentID, ComponentTypeId) VALUES("Fibre1000091_Cable0009", "Cable0009", 5005);
INSERT INTO Components(ComponentID, ParentID, ComponentTypeId) VALUES("Fibre1000092_Cable0009", "Cable0009", 5005);
INSERT INTO Components(ComponentID, ParentID, ComponentTypeId) VALUES("Fibre1000093_Cable0009", "Cable0009", 5005);
INSERT INTO Components(ComponentID, ParentID, ComponentTypeId) VALUES("Fibre1000094_Cable0009", "Cable0009", 5005);
INSERT INTO Components(ComponentID, ParentID, ComponentTypeId) VALUES("Fibre1000095_Cable0009", "Cable0009", 5005);
INSERT INTO Components(ComponentID, ParentID, ComponentTypeId) VALUES("Fibre1000096_Cable0009", "Cable0009", 5005);
INSERT INTO Components(ComponentID, ParentID, ComponentTypeId) VALUES("Fibre1000097_Cable0009", "Cable0009", 5005);
INSERT INTO Components(ComponentID, ParentID, ComponentTypeId) VALUES("Fibre1000098_Cable0009", "Cable0009", 5005);
INSERT INTO Components(ComponentID, ParentID, ComponentTypeId) VALUES("Fibre1000099_Cable0009", "Cable0009", 5005);
INSERT INTO Components(ComponentID, ParentID, ComponentTypeId) VALUES("Fibre1000100_Cable0009", "Cable0009", 5005);
INSERT INTO Components(ComponentID, ParentID, ComponentTypeId) VALUES("Fibre1000101_Cable0009", "Cable0009", 5005);
INSERT INTO Components(ComponentID, ParentID, ComponentTypeId) VALUES("Fibre1000102_Cable0009", "Cable0009", 5005);
INSERT INTO Components(ComponentID, ParentID, ComponentTypeId) VALUES("Fibre1000103_Cable0009", "Cable0009", 5005);
INSERT INTO Components(ComponentID, ParentID, ComponentTypeId) VALUES("Fibre1000104_Cable0009", "Cable0009", 5005);
INSERT INTO Components(ComponentID, ParentID, ComponentTypeId) VALUES("Fibre1000105_Cable0009", "Cable0009", 5005);
INSERT INTO Components(ComponentID, ParentID, ComponentTypeId) VALUES("Fibre1000106_Cable0009", "Cable0009", 5005);
INSERT INTO Components(ComponentID, ParentID, ComponentTypeId) VALUES("Fibre1000107_Cable0009", "Cable0009", 5005);
INSERT INTO Components(ComponentID, ParentID, ComponentTypeId) VALUES("Fibre1000108_Cable0009", "Cable0009", 5005);
INSERT INTO Components(ComponentID, ParentID, ComponentTypeId) VALUES("Fibre1000109_Cable0009", "Cable0009", 5005);
INSERT INTO Components(ComponentID, ParentID, ComponentTypeId) VALUES("Fibre1000110_Cable0009", "Cable0009", 5005);
INSERT INTO Components(ComponentID, ParentID, ComponentTypeId) VALUES("Fibre1000111_Cable0009", "Cable0009", 5005);
INSERT INTO Components(ComponentID, ParentID, ComponentTypeId) VALUES("Fibre1000112_Cable0009", "Cable0009", 5005);
INSERT INTO Components(ComponentID, ParentID, ComponentTypeId) VALUES("Fibre1000113_Cable0009", "Cable0009", 5005);
INSERT INTO Components(ComponentID, ParentID, ComponentTypeId) VALUES("Fibre1000114_Cable0009", "Cable0009", 5005);
INSERT INTO Components(ComponentID, ParentID, ComponentTypeId) VALUES("Fibre1000115_Cable0009", "Cable0009", 5005);
INSERT INTO Components(ComponentID, ParentID, ComponentTypeId) VALUES("Fibre1000116_Cable0009", "Cable0009", 5005);
INSERT INTO Components(ComponentID, ParentID, ComponentTypeId) VALUES("Fibre1000117_Cable0009", "Cable0009", 5005);
INSERT INTO Components(ComponentID, ParentID, ComponentTypeId) VALUES("Fibre1000118_Cable0009", "Cable0009", 5005);
INSERT INTO Components(ComponentID, ParentID, ComponentTypeId) VALUES("Fibre1000119_Cable0009", "Cable0009", 5005);
INSERT INTO Components(ComponentID, ParentID, ComponentTypeId) VALUES("Fibre1000120_Cable0009", "Cable0009", 5005);
INSERT INTO Components(ComponentID, ParentID, ComponentTypeId) VALUES("Fibre1000121_Cable0009", "Cable0009", 5005);
INSERT INTO Components(ComponentID, ParentID, ComponentTypeId) VALUES("Fibre1000122_Cable0009", "Cable0009", 5005);
INSERT INTO Components(ComponentID, ParentID, ComponentTypeId) VALUES("Fibre1000123_Cable0009", "Cable0009", 5005);
INSERT INTO Components(ComponentID, ParentID, ComponentTypeId) VALUES("Fibre1000124_Cable0009", "Cable0009", 5005);
INSERT INTO Components(ComponentID, ParentID, ComponentTypeId) VALUES("Fibre1000125_Cable0009", "Cable0009", 5005);
INSERT INTO Components(ComponentID, ParentID, ComponentTypeId) VALUES("Fibre1000126_Cable0009", "Cable0009", 5005);
INSERT INTO Components(ComponentID, ParentID, ComponentTypeId) VALUES("Fibre1000127_Cable0009", "Cable0009", 5005);
INSERT INTO Components(ComponentID, ParentID, ComponentTypeId) VALUES("Fibre1000128_Cable0009", "Cable0009", 5005);
INSERT INTO Components(ComponentID, ParentID, ComponentTypeId) VALUES("Fibre1000129_Cable0009", "Cable0009", 5005);
INSERT INTO Components(ComponentID, ParentID, ComponentTypeId) VALUES("Fibre1000130_Cable0009", "Cable0009", 5005);
INSERT INTO Components(ComponentID, ParentID, ComponentTypeId) VALUES("Fibre1000131_Cable0009", "Cable0009", 5005);
INSERT INTO Components(ComponentID, ParentID, ComponentTypeId) VALUES("Fibre1000132_Cable0009", "Cable0009", 5005);
INSERT INTO Components(ComponentID, ParentID, ComponentTypeId) VALUES("Fibre1000133_Cable0009", "Cable0009", 5005);
INSERT INTO Components(ComponentID, ParentID, ComponentTypeId) VALUES("Fibre1000134_Cable0009", "Cable0009", 5005);
INSERT INTO Components(ComponentID, ParentID, ComponentTypeId) VALUES("Fibre1000135_Cable0009", "Cable0009", 5005);
INSERT INTO Components(ComponentID, ParentID, ComponentTypeId) VALUES("Fibre1000136_Cable0009", "Cable0009", 5005);
INSERT INTO Components(ComponentID, ParentID, ComponentTypeId) VALUES("Fibre1000137_Cable0009", "Cable0009", 5005);
INSERT INTO Components(ComponentID, ParentID, ComponentTypeId) VALUES("Fibre1000138_Cable0009", "Cable0009", 5005);
INSERT INTO Components(ComponentID, ParentID, ComponentTypeId) VALUES("Fibre1000139_Cable0009", "Cable0009", 5005);
INSERT INTO Components(ComponentID, ParentID, ComponentTypeId) VALUES("Fibre1000140_Cable0009", "Cable0009", 5005);
INSERT INTO Components(ComponentID, ParentID, ComponentTypeId) VALUES("Fibre1000141_Cable0009", "Cable0009", 5005);
INSERT INTO Components(ComponentID, ParentID, ComponentTypeId) VALUES("Fibre1000142_Cable0009", "Cable0009", 5005);
INSERT INTO Components(ComponentID, ParentID, ComponentTypeId) VALUES("Fibre1000143_Cable0009", "Cable0009", 5005);
INSERT INTO Components(ComponentID, ParentID, ComponentTypeId) VALUES("Fibre1000144_Cable0009", "Cable0009", 5005);
INSERT INTO Components(ComponentID, ParentID, ComponentTypeId) VALUES("Fibre1000145_Cable0009", "Cable0009", 5005);
INSERT INTO Components(ComponentID, ParentID, ComponentTypeId) VALUES("Fibre1000146_Cable0009", "Cable0009", 5005);
INSERT INTO Components(ComponentID, ParentID, ComponentTypeId) VALUES("Fibre1000147_Cable0009", "Cable0009", 5005);
INSERT INTO Components(ComponentID, ParentID, ComponentTypeId) VALUES("Fibre1000148_Cable0009", "Cable0009", 5005);
INSERT INTO Components(ComponentID, ParentID, ComponentTypeId) VALUES("Fibre1000149_Cable0009", "Cable0009", 5005);
INSERT INTO Components(ComponentID, ParentID, ComponentTypeId) VALUES("Fibre1000150_Cable0009", "Cable0009", 5005);
INSERT INTO Components(ComponentID, ParentID, ComponentTypeId) VALUES("Fibre1000151_Cable0009", "Cable0009", 5005);
INSERT INTO Components(ComponentID, ParentID, ComponentTypeId) VALUES("Fibre1000152_Cable0009", "Cable0009", 5005);
INSERT INTO Components(ComponentID, ParentID, ComponentTypeId) VALUES("Fibre1000153_Cable0009", "Cable0009", 5005);
INSERT INTO Components(ComponentID, ParentID, ComponentTypeId) VALUES("Fibre1000154_Cable0009", "Cable0009", 5005);
INSERT INTO Components(ComponentID, ParentID, ComponentTypeId) VALUES("Fibre1000155_Cable0009", "Cable0009", 5005);
INSERT INTO Components(ComponentID, ParentID, ComponentTypeId) VALUES("Fibre1000156_Cable0009", "Cable0009", 5005);
INSERT INTO Components(ComponentID, ParentID, ComponentTypeId) VALUES("Fibre1000157_Cable0009", "Cable0009", 5005);
INSERT INTO Components(ComponentID, ParentID, ComponentTypeId) VALUES("Fibre1000158_Cable0009", "Cable0009", 5005);
INSERT INTO Components(ComponentID, ParentID, ComponentTypeId) VALUES("Fibre1000159_Cable0009", "Cable0009", 5005);
INSERT INTO Components(ComponentID, ParentID, ComponentTypeId) VALUES("Fibre1000160_Cable0009", "Cable0009", 5005);
INSERT INTO Components(ComponentID, ParentID, ComponentTypeId) VALUES("Fibre1000161_Cable0009", "Cable0009", 5005);
INSERT INTO Components(ComponentID, ParentID, ComponentTypeId) VALUES("Fibre1000162_Cable0009", "Cable0009", 5005);
INSERT INTO Components(ComponentID, ParentID, ComponentTypeId) VALUES("Fibre1000163_Cable0009", "Cable0009", 5005);
INSERT INTO Components(ComponentID, ParentID, ComponentTypeId) VALUES("Fibre1000164_Cable0009", "Cable0009", 5005);
INSERT INTO Components(ComponentID, ParentID, ComponentTypeId) VALUES("Fibre1000165_Cable0009", "Cable0009", 5005);
INSERT INTO Components(ComponentID, ParentID, ComponentTypeId) VALUES("Fibre1000166_Cable0009", "Cable0009", 5005);
INSERT INTO Components(ComponentID, ParentID, ComponentTypeId) VALUES("Fibre1000167_Cable0009", "Cable0009", 5005);
INSERT INTO Components(ComponentID, ParentID, ComponentTypeId) VALUES("Fibre1000168_Cable0009", "Cable0009", 5005);
INSERT INTO Components(ComponentID, ParentID, ComponentTypeId) VALUES("Fibre1000169_Cable0009", "Cable0009", 5005);
INSERT INTO Components(ComponentID, ParentID, ComponentTypeId) VALUES("Fibre1000170_Cable0009", "Cable0009", 5005);
INSERT INTO Components(ComponentID, ParentID, ComponentTypeId) VALUES("Fibre1000171_Cable0009", "Cable0009", 5005);
INSERT INTO Components(ComponentID, ParentID, ComponentTypeId) VALUES("Fibre1000172_Cable0009", "Cable0009", 5005);
INSERT INTO Components(ComponentID, ParentID, ComponentTypeId) VALUES("Fibre1000173_Cable0009", "Cable0009", 5005);
INSERT INTO Components(ComponentID, ParentID, ComponentTypeId) VALUES("Fibre1000174_Cable0009", "Cable0009", 5005);
INSERT INTO Components(ComponentID, ParentID, ComponentTypeId) VALUES("Fibre1000175_Cable0009", "Cable0009", 5005);
INSERT INTO Components(ComponentID, ParentID, ComponentTypeId) VALUES("Fibre1000176_Cable0009", "Cable0009", 5005);
INSERT INTO Components(ComponentID, ParentID, ComponentTypeId) VALUES("Fibre1000177_Cable0009", "Cable0009", 5005);
INSERT INTO Components(ComponentID, ParentID, ComponentTypeId) VALUES("Fibre1000178_Cable0009", "Cable0009", 5005);
INSERT INTO Components(ComponentID, ParentID, ComponentTypeId) VALUES("Fibre1000179_Cable0009", "Cable0009", 5005);
INSERT INTO Components(ComponentID, ParentID, ComponentTypeId) VALUES("Fibre1000180_Cable0009", "Cable0009", 5005);
INSERT INTO Components(ComponentID, ParentID, ComponentTypeId) VALUES("Fibre1000181_Cable0009", "Cable0009", 5005);
INSERT INTO Components(ComponentID, ParentID, ComponentTypeId) VALUES("Fibre1000182_Cable0009", "Cable0009", 5005);
INSERT INTO Components(ComponentID, ParentID, ComponentTypeId) VALUES("Fibre1000183_Cable0009", "Cable0009", 5005);
INSERT INTO Components(ComponentID, ParentID, ComponentTypeId) VALUES("Fibre1000184_Cable0009", "Cable0009", 5005);
INSERT INTO Components(ComponentID, ParentID, ComponentTypeId) VALUES("Fibre1000185_Cable0009", "Cable0009", 5005);
INSERT INTO Components(ComponentID, ParentID, ComponentTypeId) VALUES("Fibre1000186_Cable0009", "Cable0009", 5005);
INSERT INTO Components(ComponentID, ParentID, ComponentTypeId) VALUES("Fibre1000187_Cable0009", "Cable0009", 5005);
INSERT INTO Components(ComponentID, ParentID, ComponentTypeId) VALUES("Fibre1000188_Cable0009", "Cable0009", 5005);
INSERT INTO Components(ComponentID, ParentID, ComponentTypeId) VALUES("Fibre1000189_Cable0009", "Cable0009", 5005);
INSERT INTO Components(ComponentID, ParentID, ComponentTypeId) VALUES("Fibre1000190_Cable0009", "Cable0009", 5005);
INSERT INTO Components(ComponentID, ParentID, ComponentTypeId) VALUES("Fibre1000191_Cable0009", "Cable0009", 5005);
INSERT INTO Components(ComponentID, ParentID, ComponentTypeId) VALUES("Fibre1000192_Cable0009", "Cable0009", 5005);
INSERT INTO Components(ComponentID, ParentID, ComponentTypeId) VALUES("Fibre1000193_Cable0009", "Cable0009", 5005);
INSERT INTO Components(ComponentID, ParentID, ComponentTypeId) VALUES("Fibre1000194_Cable0009", "Cable0009", 5005);
INSERT INTO Components(ComponentID, ParentID, ComponentTypeId) VALUES("Fibre1000195_Cable0009", "Cable0009", 5005);
INSERT INTO Components(ComponentID, ParentID, ComponentTypeId) VALUES("Fibre1000196_Cable0009", "Cable0009", 5005);
INSERT INTO Components(ComponentID, ParentID, ComponentTypeId) VALUES("Fibre1000197_Cable0009", "Cable0009", 5005);
INSERT INTO Components(ComponentID, ParentID, ComponentTypeId) VALUES("Fibre1000198_Cable0009", "Cable0009", 5005);
INSERT INTO Components(ComponentID, ParentID, ComponentTypeId) VALUES("Fibre1000199_Cable0009", "Cable0009", 5005);
INSERT INTO Components(ComponentID, ParentID, ComponentTypeId) VALUES("Fibre1000200_Cable0009", "Cable0009", 5005);
INSERT INTO Components(ComponentID, ParentID, ComponentTypeId) VALUES("Fibre1000201_Cable0009", "Cable0009", 5005);
INSERT INTO Components(ComponentID, ParentID, ComponentTypeId) VALUES("Fibre1000202_Cable0009", "Cable0009", 5005);
INSERT INTO Components(ComponentID, ParentID, ComponentTypeId) VALUES("Fibre1000203_Cable0009", "Cable0009", 5005);
INSERT INTO Components(ComponentID, ParentID, ComponentTypeId) VALUES("Fibre1000204_Cable0009", "Cable0009", 5005);
INSERT INTO Components(ComponentID, ParentID, ComponentTypeId) VALUES("Fibre1000205_Cable0009", "Cable0009", 5005);
INSERT INTO Components(ComponentID, ParentID, ComponentTypeId) VALUES("Fibre1000206_Cable0009", "Cable0009", 5005);
INSERT INTO Components(ComponentID, ParentID, ComponentTypeId) VALUES("Fibre1000207_Cable0009", "Cable0009", 5005);
INSERT INTO Components(ComponentID, ParentID, ComponentTypeId) VALUES("Fibre1000208_Cable0009", "Cable0009", 5005);
INSERT INTO Components(ComponentID, ParentID, ComponentTypeId) VALUES("Fibre1000209_Cable0009", "Cable0009", 5005);
INSERT INTO Components(ComponentID, ParentID, ComponentTypeId) VALUES("Fibre1000210_Cable0009", "Cable0009", 5005);
INSERT INTO Components(ComponentID, ParentID, ComponentTypeId) VALUES("Fibre1000211_Cable0009", "Cable0009", 5005);
INSERT INTO Components(ComponentID, ParentID, ComponentTypeId) VALUES("Fibre1000212_Cable0009", "Cable0009", 5005);
INSERT INTO Components(ComponentID, ParentID, ComponentTypeId) VALUES("Fibre1000213_Cable0009", "Cable0009", 5005);
INSERT INTO Components(ComponentID, ParentID, ComponentTypeId) VALUES("Fibre1000214_Cable0009", "Cable0009", 5005);
INSERT INTO Components(ComponentID, ParentID, ComponentTypeId) VALUES("Fibre1000215_Cable0009", "Cable0009", 5005);
INSERT INTO Components(ComponentID, ParentID, ComponentTypeId) VALUES("Fibre1000216_Cable0009", "Cable0009", 5005);
INSERT INTO Components(ComponentID, ParentID, ComponentTypeId) VALUES("Fibre1000217_Cable0009", "Cable0009", 5005);
INSERT INTO Components(ComponentID, ParentID, ComponentTypeId) VALUES("Fibre1000218_Cable0009", "Cable0009", 5005);
INSERT INTO Components(ComponentID, ParentID, ComponentTypeId) VALUES("Fibre1000219_Cable0009", "Cable0009", 5005);
INSERT INTO Components(ComponentID, ParentID, ComponentTypeId) VALUES("Fibre1000220_Cable0009", "Cable0009", 5005);
INSERT INTO Components(ComponentID, ParentID, ComponentTypeId) VALUES("Fibre1000221_Cable0009", "Cable0009", 5005);
INSERT INTO Components(ComponentID, ParentID, ComponentTypeId) VALUES("Fibre1000222_Cable0009", "Cable0009", 5005);
INSERT INTO Components(ComponentID, ParentID, ComponentTypeId) VALUES("Fibre1000223_Cable0009", "Cable0009", 5005);
INSERT INTO Components(ComponentID, ParentID, ComponentTypeId) VALUES("Fibre1000224_Cable0009", "Cable0009", 5005);
INSERT INTO Components(ComponentID, ParentID, ComponentTypeId) VALUES("Fibre1000225_Cable0009", "Cable0009", 5005);
INSERT INTO Components(ComponentID, ParentID, ComponentTypeId) VALUES("Fibre1000226_Cable0009", "Cable0009", 5005);
INSERT INTO Components(ComponentID, ParentID, ComponentTypeId) VALUES("Fibre1000227_Cable0009", "Cable0009", 5005);
INSERT INTO Components(ComponentID, ParentID, ComponentTypeId) VALUES("Fibre1000228_Cable0009", "Cable0009", 5005);
INSERT INTO Components(ComponentID, ParentID, ComponentTypeId) VALUES("Fibre1000229_Cable0009", "Cable0009", 5005);
INSERT INTO Components(ComponentID, ParentID, ComponentTypeId) VALUES("Fibre1000230_Cable0009", "Cable0009", 5005);
INSERT INTO Components(ComponentID, ParentID, ComponentTypeId) VALUES("Fibre1000231_Cable0009", "Cable0009", 5005);
INSERT INTO Components(ComponentID, ParentID, ComponentTypeId) VALUES("Fibre1000232_Cable0009", "Cable0009", 5005);
INSERT INTO Components(ComponentID, ParentID, ComponentTypeId) VALUES("Fibre1000233_Cable0009", "Cable0009", 5005);
INSERT INTO Components(ComponentID, ParentID, ComponentTypeId) VALUES("Fibre1000234_Cable0009", "Cable0009", 5005);
INSERT INTO Components(ComponentID, ParentID, ComponentTypeId) VALUES("Fibre1000235_Cable0009", "Cable0009", 5005);
INSERT INTO Components(ComponentID, ParentID, ComponentTypeId) VALUES("Fibre1000236_Cable0009", "Cable0009", 5005);
INSERT INTO Components(ComponentID, ParentID, ComponentTypeId) VALUES("Fibre1000237_Cable0009", "Cable0009", 5005);
INSERT INTO Components(ComponentID, ParentID, ComponentTypeId) VALUES("Fibre1000238_Cable0009", "Cable0009", 5005);
INSERT INTO Components(ComponentID, ParentID, ComponentTypeId) VALUES("Fibre1000239_Cable0009", "Cable0009", 5005);
INSERT INTO Components(ComponentID, ParentID, ComponentTypeId) VALUES("Fibre1000240_Cable0009", "Cable0009", 5005);
INSERT INTO Components(ComponentID, ParentID, ComponentTypeId) VALUES("Fibre1000241_Cable0009", "Cable0009", 5005);
INSERT INTO Components(ComponentID, ParentID, ComponentTypeId) VALUES("Fibre1000242_Cable0009", "Cable0009", 5005);
INSERT INTO Components(ComponentID, ParentID, ComponentTypeId) VALUES("Fibre1000243_Cable0009", "Cable0009", 5005);
INSERT INTO Components(ComponentID, ParentID, ComponentTypeId) VALUES("Fibre1000244_Cable0009", "Cable0009", 5005);
INSERT INTO Components(ComponentID, ParentID, ComponentTypeId) VALUES("Fibre1000245_Cable0009", "Cable0009", 5005);
INSERT INTO Components(ComponentID, ParentID, ComponentTypeId) VALUES("Fibre1000246_Cable0009", "Cable0009", 5005);
INSERT INTO Components(ComponentID, ParentID, ComponentTypeId) VALUES("Fibre1000247_Cable0009", "Cable0009", 5005);
INSERT INTO Components(ComponentID, ParentID, ComponentTypeId) VALUES("Fibre1000248_Cable0009", "Cable0009", 5005);
INSERT INTO Components(ComponentID, ParentID, ComponentTypeId) VALUES("Fibre1000249_Cable0009", "Cable0009", 5005);
INSERT INTO Components(ComponentID, ParentID, ComponentTypeId) VALUES("Fibre1000250_Cable0009", "Cable0009", 5005);
INSERT INTO Components(ComponentID, ParentID, ComponentTypeId) VALUES("Fibre1000251_Cable0009", "Cable0009", 5005);
INSERT INTO Components(ComponentID, ParentID, ComponentTypeId) VALUES("Fibre1000252_Cable0009", "Cable0009", 5005);
INSERT INTO Components(ComponentID, ParentID, ComponentTypeId) VALUES("Fibre1000253_Cable0009", "Cable0009", 5005);
INSERT INTO Components(ComponentID, ParentID, ComponentTypeId) VALUES("Fibre1000254_Cable0009", "Cable0009", 5005);
INSERT INTO Components(ComponentID, ParentID, ComponentTypeId) VALUES("Fibre1000255_Cable0009", "Cable0009", 5005);
INSERT INTO Components(ComponentID, ParentID, ComponentTypeId) VALUES("Fibre1000256_Cable0009", "Cable0009", 5005);
INSERT INTO Components(ComponentID, ParentID, ComponentTypeId) VALUES("Fibre1000257_Cable0009", "Cable0009", 5005);
INSERT INTO Components(ComponentID, ParentID, ComponentTypeId) VALUES("Fibre1000258_Cable0009", "Cable0009", 5005);
INSERT INTO Components(ComponentID, ParentID, ComponentTypeId) VALUES("Fibre1000259_Cable0009", "Cable0009", 5005);
INSERT INTO Components(ComponentID, ParentID, ComponentTypeId) VALUES("Fibre1000260_Cable0009", "Cable0009", 5005);
INSERT INTO Components(ComponentID, ParentID, ComponentTypeId) VALUES("Fibre1000261_Cable0009", "Cable0009", 5005);
INSERT INTO Components(ComponentID, ParentID, ComponentTypeId) VALUES("Fibre1000262_Cable0009", "Cable0009", 5005);
INSERT INTO Components(ComponentID, ParentID, ComponentTypeId) VALUES("Fibre1000263_Cable0009", "Cable0009", 5005);
INSERT INTO Components(ComponentID, ParentID, ComponentTypeId) VALUES("Fibre1000264_Cable0009", "Cable0009", 5005);
INSERT INTO Components(ComponentID, ParentID, ComponentTypeId) VALUES("Fibre1000265_Cable0009", "Cable0009", 5005);
INSERT INTO Components(ComponentID, ParentID, ComponentTypeId) VALUES("Fibre1000266_Cable0009", "Cable0009", 5005);
INSERT INTO Components(ComponentID, ParentID, ComponentTypeId) VALUES("Fibre1000267_Cable0009", "Cable0009", 5005);
INSERT INTO Components(ComponentID, ParentID, ComponentTypeId) VALUES("Fibre1000268_Cable0009", "Cable0009", 5005);
INSERT INTO Components(ComponentID, ParentID, ComponentTypeId) VALUES("Fibre1000269_Cable0009", "Cable0009", 5005);
INSERT INTO Components(ComponentID, ParentID, ComponentTypeId) VALUES("Fibre1000270_Cable0009", "Cable0009", 5005);
INSERT INTO Components(ComponentID, ParentID, ComponentTypeId) VALUES("Fibre1000271_Cable0009", "Cable0009", 5005);
INSERT INTO Components(ComponentID, ParentID, ComponentTypeId) VALUES("Fibre1000272_Cable0009", "Cable0009", 5005);
INSERT INTO Components(ComponentID, ParentID, ComponentTypeId) VALUES("Fibre1000273_Cable0009", "Cable0009", 5005);
INSERT INTO Components(ComponentID, ParentID, ComponentTypeId) VALUES("Fibre1000274_Cable0009", "Cable0009", 5005);
INSERT INTO Components(ComponentID, ParentID, ComponentTypeId) VALUES("Fibre1000275_Cable0009", "Cable0009", 5005);
INSERT INTO Components(ComponentID, ParentID, ComponentTypeId) VALUES("Fibre1000276_Cable0009", "Cable0009", 5005);
INSERT INTO Components(ComponentID, ParentID, ComponentTypeId) VALUES("Fibre1000277_Cable0009", "Cable0009", 5005);
INSERT INTO Components(ComponentID, ParentID, ComponentTypeId) VALUES("Fibre1000278_Cable0009", "Cable0009", 5005);
INSERT INTO Components(ComponentID, ParentID, ComponentTypeId) VALUES("Fibre1000279_Cable0009", "Cable0009", 5005);
INSERT INTO Components(ComponentID, ParentID, ComponentTypeId) VALUES("Fibre1000280_Cable0009", "Cable0009", 5005);
INSERT INTO Components(ComponentID, ParentID, ComponentTypeId) VALUES("Fibre1000281_Cable0009", "Cable0009", 5005);
INSERT INTO Components(ComponentID, ParentID, ComponentTypeId) VALUES("Fibre1000282_Cable0009", "Cable0009", 5005);
INSERT INTO Components(ComponentID, ParentID, ComponentTypeId) VALUES("Fibre1000283_Cable0009", "Cable0009", 5005);
INSERT INTO Components(ComponentID, ParentID, ComponentTypeId) VALUES("Fibre1000284_Cable0009", "Cable0009", 5005);
INSERT INTO Components(ComponentID, ParentID, ComponentTypeId) VALUES("Fibre1000285_Cable0009", "Cable0009", 5005);
INSERT INTO Components(ComponentID, ParentID, ComponentTypeId) VALUES("Fibre1000286_Cable0009", "Cable0009", 5005);
INSERT INTO Components(ComponentID, ParentID, ComponentTypeId) VALUES("Fibre1000287_Cable0009", "Cable0009", 5005);
INSERT INTO Components(ComponentID, ParentID, ComponentTypeId) VALUES("Fibre1000288_Cable0009", "Cable0009", 5005);
INSERT INTO Components(ComponentID, ParentID, ComponentTypeId) VALUES("Fibre1000001_Cable0010", "Cable0010", 5005);
INSERT INTO Components(ComponentID, ParentID, ComponentTypeId) VALUES("Fibre1000002_Cable0010", "Cable0010", 5005);
INSERT INTO Components(ComponentID, ParentID, ComponentTypeId) VALUES("Fibre1000003_Cable0010", "Cable0010", 5005);
INSERT INTO Components(ComponentID, ParentID, ComponentTypeId) VALUES("Fibre1000004_Cable0010", "Cable0010", 5005);
INSERT INTO Components(ComponentID, ParentID, ComponentTypeId) VALUES("Fibre1000005_Cable0010", "Cable0010", 5005);
INSERT INTO Components(ComponentID, ParentID, ComponentTypeId) VALUES("Fibre1000006_Cable0010", "Cable0010", 5005);
INSERT INTO Components(ComponentID, ParentID, ComponentTypeId) VALUES("Fibre1000007_Cable0010", "Cable0010", 5005);
INSERT INTO Components(ComponentID, ParentID, ComponentTypeId) VALUES("Fibre1000008_Cable0010", "Cable0010", 5005);
INSERT INTO Components(ComponentID, ParentID, ComponentTypeId) VALUES("Fibre1000009_Cable0010", "Cable0010", 5005);
INSERT INTO Components(ComponentID, ParentID, ComponentTypeId) VALUES("Fibre1000010_Cable0010", "Cable0010", 5005);
INSERT INTO Components(ComponentID, ParentID, ComponentTypeId) VALUES("Fibre1000011_Cable0010", "Cable0010", 5005);
INSERT INTO Components(ComponentID, ParentID, ComponentTypeId) VALUES("Fibre1000012_Cable0010", "Cable0010", 5005);
INSERT INTO Components(ComponentID, ParentID, ComponentTypeId) VALUES("Fibre1000013_Cable0010", "Cable0010", 5005);
INSERT INTO Components(ComponentID, ParentID, ComponentTypeId) VALUES("Fibre1000014_Cable0010", "Cable0010", 5005);
INSERT INTO Components(ComponentID, ParentID, ComponentTypeId) VALUES("Fibre1000015_Cable0010", "Cable0010", 5005);
INSERT INTO Components(ComponentID, ParentID, ComponentTypeId) VALUES("Fibre1000016_Cable0010", "Cable0010", 5005);
INSERT INTO Components(ComponentID, ParentID, ComponentTypeId) VALUES("Fibre1000017_Cable0010", "Cable0010", 5005);
INSERT INTO Components(ComponentID, ParentID, ComponentTypeId) VALUES("Fibre1000018_Cable0010", "Cable0010", 5005);
INSERT INTO Components(ComponentID, ParentID, ComponentTypeId) VALUES("Fibre1000019_Cable0010", "Cable0010", 5005);
INSERT INTO Components(ComponentID, ParentID, ComponentTypeId) VALUES("Fibre1000020_Cable0010", "Cable0010", 5005);
INSERT INTO Components(ComponentID, ParentID, ComponentTypeId) VALUES("Fibre1000021_Cable0010", "Cable0010", 5005);
INSERT INTO Components(ComponentID, ParentID, ComponentTypeId) VALUES("Fibre1000022_Cable0010", "Cable0010", 5005);
INSERT INTO Components(ComponentID, ParentID, ComponentTypeId) VALUES("Fibre1000023_Cable0010", "Cable0010", 5005);
INSERT INTO Components(ComponentID, ParentID, ComponentTypeId) VALUES("Fibre1000024_Cable0010", "Cable0010", 5005);
INSERT INTO Components(ComponentID, ParentID, ComponentTypeId) VALUES("Fibre1000025_Cable0010", "Cable0010", 5005);
INSERT INTO Components(ComponentID, ParentID, ComponentTypeId) VALUES("Fibre1000026_Cable0010", "Cable0010", 5005);
INSERT INTO Components(ComponentID, ParentID, ComponentTypeId) VALUES("Fibre1000027_Cable0010", "Cable0010", 5005);
INSERT INTO Components(ComponentID, ParentID, ComponentTypeId) VALUES("Fibre1000028_Cable0010", "Cable0010", 5005);
INSERT INTO Components(ComponentID, ParentID, ComponentTypeId) VALUES("Fibre1000029_Cable0010", "Cable0010", 5005);
INSERT INTO Components(ComponentID, ParentID, ComponentTypeId) VALUES("Fibre1000030_Cable0010", "Cable0010", 5005);
INSERT INTO Components(ComponentID, ParentID, ComponentTypeId) VALUES("Fibre1000031_Cable0010", "Cable0010", 5005);
INSERT INTO Components(ComponentID, ParentID, ComponentTypeId) VALUES("Fibre1000032_Cable0010", "Cable0010", 5005);
INSERT INTO Components(ComponentID, ParentID, ComponentTypeId) VALUES("Fibre1000033_Cable0010", "Cable0010", 5005);
INSERT INTO Components(ComponentID, ParentID, ComponentTypeId) VALUES("Fibre1000034_Cable0010", "Cable0010", 5005);
INSERT INTO Components(ComponentID, ParentID, ComponentTypeId) VALUES("Fibre1000035_Cable0010", "Cable0010", 5005);
INSERT INTO Components(ComponentID, ParentID, ComponentTypeId) VALUES("Fibre1000036_Cable0010", "Cable0010", 5005);
INSERT INTO Components(ComponentID, ParentID, ComponentTypeId) VALUES("Fibre1000037_Cable0010", "Cable0010", 5005);
INSERT INTO Components(ComponentID, ParentID, ComponentTypeId) VALUES("Fibre1000038_Cable0010", "Cable0010", 5005);
INSERT INTO Components(ComponentID, ParentID, ComponentTypeId) VALUES("Fibre1000039_Cable0010", "Cable0010", 5005);
INSERT INTO Components(ComponentID, ParentID, ComponentTypeId) VALUES("Fibre1000040_Cable0010", "Cable0010", 5005);
INSERT INTO Components(ComponentID, ParentID, ComponentTypeId) VALUES("Fibre1000041_Cable0010", "Cable0010", 5005);
INSERT INTO Components(ComponentID, ParentID, ComponentTypeId) VALUES("Fibre1000042_Cable0010", "Cable0010", 5005);
INSERT INTO Components(ComponentID, ParentID, ComponentTypeId) VALUES("Fibre1000043_Cable0010", "Cable0010", 5005);
INSERT INTO Components(ComponentID, ParentID, ComponentTypeId) VALUES("Fibre1000044_Cable0010", "Cable0010", 5005);
INSERT INTO Components(ComponentID, ParentID, ComponentTypeId) VALUES("Fibre1000045_Cable0010", "Cable0010", 5005);
INSERT INTO Components(ComponentID, ParentID, ComponentTypeId) VALUES("Fibre1000046_Cable0010", "Cable0010", 5005);
INSERT INTO Components(ComponentID, ParentID, ComponentTypeId) VALUES("Fibre1000047_Cable0010", "Cable0010", 5005);
INSERT INTO Components(ComponentID, ParentID, ComponentTypeId) VALUES("Fibre1000048_Cable0010", "Cable0010", 5005);
INSERT INTO Components(ComponentID, ParentID, ComponentTypeId) VALUES("Fibre1000049_Cable0010", "Cable0010", 5005);
INSERT INTO Components(ComponentID, ParentID, ComponentTypeId) VALUES("Fibre1000050_Cable0010", "Cable0010", 5005);
INSERT INTO Components(ComponentID, ParentID, ComponentTypeId) VALUES("Fibre1000051_Cable0010", "Cable0010", 5005);
INSERT INTO Components(ComponentID, ParentID, ComponentTypeId) VALUES("Fibre1000052_Cable0010", "Cable0010", 5005);
INSERT INTO Components(ComponentID, ParentID, ComponentTypeId) VALUES("Fibre1000053_Cable0010", "Cable0010", 5005);
INSERT INTO Components(ComponentID, ParentID, ComponentTypeId) VALUES("Fibre1000054_Cable0010", "Cable0010", 5005);
INSERT INTO Components(ComponentID, ParentID, ComponentTypeId) VALUES("Fibre1000055_Cable0010", "Cable0010", 5005);
INSERT INTO Components(ComponentID, ParentID, ComponentTypeId) VALUES("Fibre1000056_Cable0010", "Cable0010", 5005);
INSERT INTO Components(ComponentID, ParentID, ComponentTypeId) VALUES("Fibre1000057_Cable0010", "Cable0010", 5005);
INSERT INTO Components(ComponentID, ParentID, ComponentTypeId) VALUES("Fibre1000058_Cable0010", "Cable0010", 5005);
INSERT INTO Components(ComponentID, ParentID, ComponentTypeId) VALUES("Fibre1000059_Cable0010", "Cable0010", 5005);
INSERT INTO Components(ComponentID, ParentID, ComponentTypeId) VALUES("Fibre1000060_Cable0010", "Cable0010", 5005);
INSERT INTO Components(ComponentID, ParentID, ComponentTypeId) VALUES("Fibre1000061_Cable0010", "Cable0010", 5005);
INSERT INTO Components(ComponentID, ParentID, ComponentTypeId) VALUES("Fibre1000062_Cable0010", "Cable0010", 5005);
INSERT INTO Components(ComponentID, ParentID, ComponentTypeId) VALUES("Fibre1000063_Cable0010", "Cable0010", 5005);
INSERT INTO Components(ComponentID, ParentID, ComponentTypeId) VALUES("Fibre1000064_Cable0010", "Cable0010", 5005);
INSERT INTO Components(ComponentID, ParentID, ComponentTypeId) VALUES("Fibre1000065_Cable0010", "Cable0010", 5005);
INSERT INTO Components(ComponentID, ParentID, ComponentTypeId) VALUES("Fibre1000066_Cable0010", "Cable0010", 5005);
INSERT INTO Components(ComponentID, ParentID, ComponentTypeId) VALUES("Fibre1000067_Cable0010", "Cable0010", 5005);
INSERT INTO Components(ComponentID, ParentID, ComponentTypeId) VALUES("Fibre1000068_Cable0010", "Cable0010", 5005);
INSERT INTO Components(ComponentID, ParentID, ComponentTypeId) VALUES("Fibre1000069_Cable0010", "Cable0010", 5005);
INSERT INTO Components(ComponentID, ParentID, ComponentTypeId) VALUES("Fibre1000070_Cable0010", "Cable0010", 5005);
INSERT INTO Components(ComponentID, ParentID, ComponentTypeId) VALUES("Fibre1000071_Cable0010", "Cable0010", 5005);
INSERT INTO Components(ComponentID, ParentID, ComponentTypeId) VALUES("Fibre1000072_Cable0010", "Cable0010", 5005);
INSERT INTO Components(ComponentID, ParentID, ComponentTypeId) VALUES("Fibre1000073_Cable0010", "Cable0010", 5005);
INSERT INTO Components(ComponentID, ParentID, ComponentTypeId) VALUES("Fibre1000074_Cable0010", "Cable0010", 5005);
INSERT INTO Components(ComponentID, ParentID, ComponentTypeId) VALUES("Fibre1000075_Cable0010", "Cable0010", 5005);
INSERT INTO Components(ComponentID, ParentID, ComponentTypeId) VALUES("Fibre1000076_Cable0010", "Cable0010", 5005);
INSERT INTO Components(ComponentID, ParentID, ComponentTypeId) VALUES("Fibre1000077_Cable0010", "Cable0010", 5005);
INSERT INTO Components(ComponentID, ParentID, ComponentTypeId) VALUES("Fibre1000078_Cable0010", "Cable0010", 5005);
INSERT INTO Components(ComponentID, ParentID, ComponentTypeId) VALUES("Fibre1000079_Cable0010", "Cable0010", 5005);
INSERT INTO Components(ComponentID, ParentID, ComponentTypeId) VALUES("Fibre1000080_Cable0010", "Cable0010", 5005);
INSERT INTO Components(ComponentID, ParentID, ComponentTypeId) VALUES("Fibre1000081_Cable0010", "Cable0010", 5005);
INSERT INTO Components(ComponentID, ParentID, ComponentTypeId) VALUES("Fibre1000082_Cable0010", "Cable0010", 5005);
INSERT INTO Components(ComponentID, ParentID, ComponentTypeId) VALUES("Fibre1000083_Cable0010", "Cable0010", 5005);
INSERT INTO Components(ComponentID, ParentID, ComponentTypeId) VALUES("Fibre1000084_Cable0010", "Cable0010", 5005);
INSERT INTO Components(ComponentID, ParentID, ComponentTypeId) VALUES("Fibre1000085_Cable0010", "Cable0010", 5005);
INSERT INTO Components(ComponentID, ParentID, ComponentTypeId) VALUES("Fibre1000086_Cable0010", "Cable0010", 5005);
INSERT INTO Components(ComponentID, ParentID, ComponentTypeId) VALUES("Fibre1000087_Cable0010", "Cable0010", 5005);
INSERT INTO Components(ComponentID, ParentID, ComponentTypeId) VALUES("Fibre1000088_Cable0010", "Cable0010", 5005);
INSERT INTO Components(ComponentID, ParentID, ComponentTypeId) VALUES("Fibre1000089_Cable0010", "Cable0010", 5005);
INSERT INTO Components(ComponentID, ParentID, ComponentTypeId) VALUES("Fibre1000090_Cable0010", "Cable0010", 5005);
INSERT INTO Components(ComponentID, ParentID, ComponentTypeId) VALUES("Fibre1000091_Cable0010", "Cable0010", 5005);
INSERT INTO Components(ComponentID, ParentID, ComponentTypeId) VALUES("Fibre1000092_Cable0010", "Cable0010", 5005);
INSERT INTO Components(ComponentID, ParentID, ComponentTypeId) VALUES("Fibre1000093_Cable0010", "Cable0010", 5005);
INSERT INTO Components(ComponentID, ParentID, ComponentTypeId) VALUES("Fibre1000094_Cable0010", "Cable0010", 5005);
INSERT INTO Components(ComponentID, ParentID, ComponentTypeId) VALUES("Fibre1000095_Cable0010", "Cable0010", 5005);
INSERT INTO Components(ComponentID, ParentID, ComponentTypeId) VALUES("Fibre1000096_Cable0010", "Cable0010", 5005);
INSERT INTO Components(ComponentID, ParentID, ComponentTypeId) VALUES("Fibre1000097_Cable0010", "Cable0010", 5005);
INSERT INTO Components(ComponentID, ParentID, ComponentTypeId) VALUES("Fibre1000098_Cable0010", "Cable0010", 5005);
INSERT INTO Components(ComponentID, ParentID, ComponentTypeId) VALUES("Fibre1000099_Cable0010", "Cable0010", 5005);
INSERT INTO Components(ComponentID, ParentID, ComponentTypeId) VALUES("Fibre1000100_Cable0010", "Cable0010", 5005);
INSERT INTO Components(ComponentID, ParentID, ComponentTypeId) VALUES("Fibre1000101_Cable0010", "Cable0010", 5005);
INSERT INTO Components(ComponentID, ParentID, ComponentTypeId) VALUES("Fibre1000102_Cable0010", "Cable0010", 5005);
INSERT INTO Components(ComponentID, ParentID, ComponentTypeId) VALUES("Fibre1000103_Cable0010", "Cable0010", 5005);
INSERT INTO Components(ComponentID, ParentID, ComponentTypeId) VALUES("Fibre1000104_Cable0010", "Cable0010", 5005);
INSERT INTO Components(ComponentID, ParentID, ComponentTypeId) VALUES("Fibre1000105_Cable0010", "Cable0010", 5005);
INSERT INTO Components(ComponentID, ParentID, ComponentTypeId) VALUES("Fibre1000106_Cable0010", "Cable0010", 5005);
INSERT INTO Components(ComponentID, ParentID, ComponentTypeId) VALUES("Fibre1000107_Cable0010", "Cable0010", 5005);
INSERT INTO Components(ComponentID, ParentID, ComponentTypeId) VALUES("Fibre1000108_Cable0010", "Cable0010", 5005);
INSERT INTO Components(ComponentID, ParentID, ComponentTypeId) VALUES("Fibre1000109_Cable0010", "Cable0010", 5005);
INSERT INTO Components(ComponentID, ParentID, ComponentTypeId) VALUES("Fibre1000110_Cable0010", "Cable0010", 5005);
INSERT INTO Components(ComponentID, ParentID, ComponentTypeId) VALUES("Fibre1000111_Cable0010", "Cable0010", 5005);
INSERT INTO Components(ComponentID, ParentID, ComponentTypeId) VALUES("Fibre1000112_Cable0010", "Cable0010", 5005);
INSERT INTO Components(ComponentID, ParentID, ComponentTypeId) VALUES("Fibre1000113_Cable0010", "Cable0010", 5005);
INSERT INTO Components(ComponentID, ParentID, ComponentTypeId) VALUES("Fibre1000114_Cable0010", "Cable0010", 5005);
INSERT INTO Components(ComponentID, ParentID, ComponentTypeId) VALUES("Fibre1000115_Cable0010", "Cable0010", 5005);
INSERT INTO Components(ComponentID, ParentID, ComponentTypeId) VALUES("Fibre1000116_Cable0010", "Cable0010", 5005);
INSERT INTO Components(ComponentID, ParentID, ComponentTypeId) VALUES("Fibre1000117_Cable0010", "Cable0010", 5005);
INSERT INTO Components(ComponentID, ParentID, ComponentTypeId) VALUES("Fibre1000118_Cable0010", "Cable0010", 5005);
INSERT INTO Components(ComponentID, ParentID, ComponentTypeId) VALUES("Fibre1000119_Cable0010", "Cable0010", 5005);
INSERT INTO Components(ComponentID, ParentID, ComponentTypeId) VALUES("Fibre1000120_Cable0010", "Cable0010", 5005);
INSERT INTO Components(ComponentID, ParentID, ComponentTypeId) VALUES("Fibre1000121_Cable0010", "Cable0010", 5005);
INSERT INTO Components(ComponentID, ParentID, ComponentTypeId) VALUES("Fibre1000122_Cable0010", "Cable0010", 5005);
INSERT INTO Components(ComponentID, ParentID, ComponentTypeId) VALUES("Fibre1000123_Cable0010", "Cable0010", 5005);
INSERT INTO Components(ComponentID, ParentID, ComponentTypeId) VALUES("Fibre1000124_Cable0010", "Cable0010", 5005);
INSERT INTO Components(ComponentID, ParentID, ComponentTypeId) VALUES("Fibre1000125_Cable0010", "Cable0010", 5005);
INSERT INTO Components(ComponentID, ParentID, ComponentTypeId) VALUES("Fibre1000126_Cable0010", "Cable0010", 5005);
INSERT INTO Components(ComponentID, ParentID, ComponentTypeId) VALUES("Fibre1000127_Cable0010", "Cable0010", 5005);
INSERT INTO Components(ComponentID, ParentID, ComponentTypeId) VALUES("Fibre1000128_Cable0010", "Cable0010", 5005);
INSERT INTO Components(ComponentID, ParentID, ComponentTypeId) VALUES("Fibre1000129_Cable0010", "Cable0010", 5005);
INSERT INTO Components(ComponentID, ParentID, ComponentTypeId) VALUES("Fibre1000130_Cable0010", "Cable0010", 5005);
INSERT INTO Components(ComponentID, ParentID, ComponentTypeId) VALUES("Fibre1000131_Cable0010", "Cable0010", 5005);
INSERT INTO Components(ComponentID, ParentID, ComponentTypeId) VALUES("Fibre1000132_Cable0010", "Cable0010", 5005);
INSERT INTO Components(ComponentID, ParentID, ComponentTypeId) VALUES("Fibre1000133_Cable0010", "Cable0010", 5005);
INSERT INTO Components(ComponentID, ParentID, ComponentTypeId) VALUES("Fibre1000134_Cable0010", "Cable0010", 5005);
INSERT INTO Components(ComponentID, ParentID, ComponentTypeId) VALUES("Fibre1000135_Cable0010", "Cable0010", 5005);
INSERT INTO Components(ComponentID, ParentID, ComponentTypeId) VALUES("Fibre1000136_Cable0010", "Cable0010", 5005);
INSERT INTO Components(ComponentID, ParentID, ComponentTypeId) VALUES("Fibre1000137_Cable0010", "Cable0010", 5005);
INSERT INTO Components(ComponentID, ParentID, ComponentTypeId) VALUES("Fibre1000138_Cable0010", "Cable0010", 5005);
INSERT INTO Components(ComponentID, ParentID, ComponentTypeId) VALUES("Fibre1000139_Cable0010", "Cable0010", 5005);
INSERT INTO Components(ComponentID, ParentID, ComponentTypeId) VALUES("Fibre1000140_Cable0010", "Cable0010", 5005);
INSERT INTO Components(ComponentID, ParentID, ComponentTypeId) VALUES("Fibre1000141_Cable0010", "Cable0010", 5005);
INSERT INTO Components(ComponentID, ParentID, ComponentTypeId) VALUES("Fibre1000142_Cable0010", "Cable0010", 5005);
INSERT INTO Components(ComponentID, ParentID, ComponentTypeId) VALUES("Fibre1000143_Cable0010", "Cable0010", 5005);
INSERT INTO Components(ComponentID, ParentID, ComponentTypeId) VALUES("Fibre1000144_Cable0010", "Cable0010", 5005);
INSERT INTO Components(ComponentID, ParentID, ComponentTypeId) VALUES("Fibre1000145_Cable0012", "Cable0012", 5005);
INSERT INTO Components(ComponentID, ParentID, ComponentTypeId) VALUES("Fibre1000146_Cable0012", "Cable0012", 5005);
INSERT INTO Components(ComponentID, ParentID, ComponentTypeId) VALUES("Fibre1000147_Cable0012", "Cable0012", 5005);
INSERT INTO Components(ComponentID, ParentID, ComponentTypeId) VALUES("Fibre1000148_Cable0012", "Cable0012", 5005);
INSERT INTO Components(ComponentID, ParentID, ComponentTypeId) VALUES("Fibre1000149_Cable0012", "Cable0012", 5005);
INSERT INTO Components(ComponentID, ParentID, ComponentTypeId) VALUES("Fibre1000150_Cable0012", "Cable0012", 5005);
INSERT INTO Components(ComponentID, ParentID, ComponentTypeId) VALUES("Fibre1000151_Cable0012", "Cable0012", 5005);
INSERT INTO Components(ComponentID, ParentID, ComponentTypeId) VALUES("Fibre1000152_Cable0012", "Cable0012", 5005);
INSERT INTO Components(ComponentID, ParentID, ComponentTypeId) VALUES("Fibre1000153_Cable0012", "Cable0012", 5005);
INSERT INTO Components(ComponentID, ParentID, ComponentTypeId) VALUES("Fibre1000154_Cable0012", "Cable0012", 5005);
INSERT INTO Components(ComponentID, ParentID, ComponentTypeId) VALUES("Fibre1000155_Cable0012", "Cable0012", 5005);
INSERT INTO Components(ComponentID, ParentID, ComponentTypeId) VALUES("Fibre1000156_Cable0012", "Cable0012", 5005);
INSERT INTO Components(ComponentID, ParentID, ComponentTypeId) VALUES("Fibre1000157_Cable0012", "Cable0012", 5005);
INSERT INTO Components(ComponentID, ParentID, ComponentTypeId) VALUES("Fibre1000158_Cable0012", "Cable0012", 5005);
INSERT INTO Components(ComponentID, ParentID, ComponentTypeId) VALUES("Fibre1000159_Cable0012", "Cable0012", 5005);
INSERT INTO Components(ComponentID, ParentID, ComponentTypeId) VALUES("Fibre1000160_Cable0012", "Cable0012", 5005);
INSERT INTO Components(ComponentID, ParentID, ComponentTypeId) VALUES("Fibre1000161_Cable0012", "Cable0012", 5005);
INSERT INTO Components(ComponentID, ParentID, ComponentTypeId) VALUES("Fibre1000162_Cable0012", "Cable0012", 5005);
INSERT INTO Components(ComponentID, ParentID, ComponentTypeId) VALUES("Fibre1000163_Cable0012", "Cable0012", 5005);
INSERT INTO Components(ComponentID, ParentID, ComponentTypeId) VALUES("Fibre1000164_Cable0012", "Cable0012", 5005);
INSERT INTO Components(ComponentID, ParentID, ComponentTypeId) VALUES("Fibre1000165_Cable0012", "Cable0012", 5005);
INSERT INTO Components(ComponentID, ParentID, ComponentTypeId) VALUES("Fibre1000166_Cable0012", "Cable0012", 5005);
INSERT INTO Components(ComponentID, ParentID, ComponentTypeId) VALUES("Fibre1000167_Cable0012", "Cable0012", 5005);
INSERT INTO Components(ComponentID, ParentID, ComponentTypeId) VALUES("Fibre1000168_Cable0012", "Cable0012", 5005);
INSERT INTO Components(ComponentID, ParentID, ComponentTypeId) VALUES("Fibre1000169_Cable0012", "Cable0012", 5005);
INSERT INTO Components(ComponentID, ParentID, ComponentTypeId) VALUES("Fibre1000170_Cable0012", "Cable0012", 5005);
INSERT INTO Components(ComponentID, ParentID, ComponentTypeId) VALUES("Fibre1000171_Cable0012", "Cable0012", 5005);
INSERT INTO Components(ComponentID, ParentID, ComponentTypeId) VALUES("Fibre1000172_Cable0012", "Cable0012", 5005);
INSERT INTO Components(ComponentID, ParentID, ComponentTypeId) VALUES("Fibre1000173_Cable0012", "Cable0012", 5005);
INSERT INTO Components(ComponentID, ParentID, ComponentTypeId) VALUES("Fibre1000174_Cable0012", "Cable0012", 5005);
INSERT INTO Components(ComponentID, ParentID, ComponentTypeId) VALUES("Fibre1000175_Cable0012", "Cable0012", 5005);
INSERT INTO Components(ComponentID, ParentID, ComponentTypeId) VALUES("Fibre1000176_Cable0012", "Cable0012", 5005);
INSERT INTO Components(ComponentID, ParentID, ComponentTypeId) VALUES("Fibre1000177_Cable0012", "Cable0012", 5005);
INSERT INTO Components(ComponentID, ParentID, ComponentTypeId) VALUES("Fibre1000178_Cable0012", "Cable0012", 5005);
INSERT INTO Components(ComponentID, ParentID, ComponentTypeId) VALUES("Fibre1000179_Cable0012", "Cable0012", 5005);
INSERT INTO Components(ComponentID, ParentID, ComponentTypeId) VALUES("Fibre1000180_Cable0012", "Cable0012", 5005);
INSERT INTO Components(ComponentID, ParentID, ComponentTypeId) VALUES("Fibre1000181_Cable0012", "Cable0012", 5005);
INSERT INTO Components(ComponentID, ParentID, ComponentTypeId) VALUES("Fibre1000182_Cable0012", "Cable0012", 5005);
INSERT INTO Components(ComponentID, ParentID, ComponentTypeId) VALUES("Fibre1000183_Cable0012", "Cable0012", 5005);
INSERT INTO Components(ComponentID, ParentID, ComponentTypeId) VALUES("Fibre1000184_Cable0012", "Cable0012", 5005);
INSERT INTO Components(ComponentID, ParentID, ComponentTypeId) VALUES("Fibre1000185_Cable0012", "Cable0012", 5005);
INSERT INTO Components(ComponentID, ParentID, ComponentTypeId) VALUES("Fibre1000186_Cable0012", "Cable0012", 5005);
INSERT INTO Components(ComponentID, ParentID, ComponentTypeId) VALUES("Fibre1000187_Cable0012", "Cable0012", 5005);
INSERT INTO Components(ComponentID, ParentID, ComponentTypeId) VALUES("Fibre1000188_Cable0012", "Cable0012", 5005);
INSERT INTO Components(ComponentID, ParentID, ComponentTypeId) VALUES("Fibre1000189_Cable0012", "Cable0012", 5005);
INSERT INTO Components(ComponentID, ParentID, ComponentTypeId) VALUES("Fibre1000190_Cable0012", "Cable0012", 5005);
INSERT INTO Components(ComponentID, ParentID, ComponentTypeId) VALUES("Fibre1000191_Cable0012", "Cable0012", 5005);
INSERT INTO Components(ComponentID, ParentID, ComponentTypeId) VALUES("Fibre1000192_Cable0012", "Cable0012", 5005);
INSERT INTO Components(ComponentID, ParentID, ComponentTypeId) VALUES("Fibre1000193_Cable0012", "Cable0012", 5005);
INSERT INTO Components(ComponentID, ParentID, ComponentTypeId) VALUES("Fibre1000194_Cable0012", "Cable0012", 5005);
INSERT INTO Components(ComponentID, ParentID, ComponentTypeId) VALUES("Fibre1000195_Cable0012", "Cable0012", 5005);
INSERT INTO Components(ComponentID, ParentID, ComponentTypeId) VALUES("Fibre1000196_Cable0012", "Cable0012", 5005);
INSERT INTO Components(ComponentID, ParentID, ComponentTypeId) VALUES("Fibre1000197_Cable0012", "Cable0012", 5005);
INSERT INTO Components(ComponentID, ParentID, ComponentTypeId) VALUES("Fibre1000198_Cable0012", "Cable0012", 5005);
INSERT INTO Components(ComponentID, ParentID, ComponentTypeId) VALUES("Fibre1000199_Cable0012", "Cable0012", 5005);
INSERT INTO Components(ComponentID, ParentID, ComponentTypeId) VALUES("Fibre1000200_Cable0012", "Cable0012", 5005);
INSERT INTO Components(ComponentID, ParentID, ComponentTypeId) VALUES("Fibre1000201_Cable0012", "Cable0012", 5005);
INSERT INTO Components(ComponentID, ParentID, ComponentTypeId) VALUES("Fibre1000202_Cable0012", "Cable0012", 5005);
INSERT INTO Components(ComponentID, ParentID, ComponentTypeId) VALUES("Fibre1000203_Cable0012", "Cable0012", 5005);
INSERT INTO Components(ComponentID, ParentID, ComponentTypeId) VALUES("Fibre1000204_Cable0012", "Cable0012", 5005);
INSERT INTO Components(ComponentID, ParentID, ComponentTypeId) VALUES("Fibre1000205_Cable0012", "Cable0012", 5005);
INSERT INTO Components(ComponentID, ParentID, ComponentTypeId) VALUES("Fibre1000206_Cable0012", "Cable0012", 5005);
INSERT INTO Components(ComponentID, ParentID, ComponentTypeId) VALUES("Fibre1000207_Cable0012", "Cable0012", 5005);
INSERT INTO Components(ComponentID, ParentID, ComponentTypeId) VALUES("Fibre1000208_Cable0012", "Cable0012", 5005);
INSERT INTO Components(ComponentID, ParentID, ComponentTypeId) VALUES("Fibre1000209_Cable0012", "Cable0012", 5005);
INSERT INTO Components(ComponentID, ParentID, ComponentTypeId) VALUES("Fibre1000210_Cable0012", "Cable0012", 5005);
INSERT INTO Components(ComponentID, ParentID, ComponentTypeId) VALUES("Fibre1000211_Cable0012", "Cable0012", 5005);
INSERT INTO Components(ComponentID, ParentID, ComponentTypeId) VALUES("Fibre1000212_Cable0012", "Cable0012", 5005);
INSERT INTO Components(ComponentID, ParentID, ComponentTypeId) VALUES("Fibre1000213_Cable0012", "Cable0012", 5005);
INSERT INTO Components(ComponentID, ParentID, ComponentTypeId) VALUES("Fibre1000214_Cable0012", "Cable0012", 5005);
INSERT INTO Components(ComponentID, ParentID, ComponentTypeId) VALUES("Fibre1000215_Cable0012", "Cable0012", 5005);
INSERT INTO Components(ComponentID, ParentID, ComponentTypeId) VALUES("Fibre1000216_Cable0012", "Cable0012", 5005);
INSERT INTO Components(ComponentID, ParentID, ComponentTypeId) VALUES("Fibre1000217_Cable0012", "Cable0012", 5005);
INSERT INTO Components(ComponentID, ParentID, ComponentTypeId) VALUES("Fibre1000218_Cable0012", "Cable0012", 5005);
INSERT INTO Components(ComponentID, ParentID, ComponentTypeId) VALUES("Fibre1000219_Cable0012", "Cable0012", 5005);
INSERT INTO Components(ComponentID, ParentID, ComponentTypeId) VALUES("Fibre1000220_Cable0012", "Cable0012", 5005);
INSERT INTO Components(ComponentID, ParentID, ComponentTypeId) VALUES("Fibre1000221_Cable0012", "Cable0012", 5005);
INSERT INTO Components(ComponentID, ParentID, ComponentTypeId) VALUES("Fibre1000222_Cable0012", "Cable0012", 5005);
INSERT INTO Components(ComponentID, ParentID, ComponentTypeId) VALUES("Fibre1000223_Cable0012", "Cable0012", 5005);
INSERT INTO Components(ComponentID, ParentID, ComponentTypeId) VALUES("Fibre1000224_Cable0012", "Cable0012", 5005);
INSERT INTO Components(ComponentID, ParentID, ComponentTypeId) VALUES("Fibre1000225_Cable0012", "Cable0012", 5005);
INSERT INTO Components(ComponentID, ParentID, ComponentTypeId) VALUES("Fibre1000226_Cable0012", "Cable0012", 5005);
INSERT INTO Components(ComponentID, ParentID, ComponentTypeId) VALUES("Fibre1000227_Cable0012", "Cable0012", 5005);
INSERT INTO Components(ComponentID, ParentID, ComponentTypeId) VALUES("Fibre1000228_Cable0012", "Cable0012", 5005);
INSERT INTO Components(ComponentID, ParentID, ComponentTypeId) VALUES("Fibre1000229_Cable0012", "Cable0012", 5005);
INSERT INTO Components(ComponentID, ParentID, ComponentTypeId) VALUES("Fibre1000230_Cable0012", "Cable0012", 5005);
INSERT INTO Components(ComponentID, ParentID, ComponentTypeId) VALUES("Fibre1000231_Cable0012", "Cable0012", 5005);
INSERT INTO Components(ComponentID, ParentID, ComponentTypeId) VALUES("Fibre1000232_Cable0012", "Cable0012", 5005);
INSERT INTO Components(ComponentID, ParentID, ComponentTypeId) VALUES("Fibre1000233_Cable0012", "Cable0012", 5005);
INSERT INTO Components(ComponentID, ParentID, ComponentTypeId) VALUES("Fibre1000234_Cable0012", "Cable0012", 5005);
INSERT INTO Components(ComponentID, ParentID, ComponentTypeId) VALUES("Fibre1000235_Cable0012", "Cable0012", 5005);
INSERT INTO Components(ComponentID, ParentID, ComponentTypeId) VALUES("Fibre1000236_Cable0012", "Cable0012", 5005);
INSERT INTO Components(ComponentID, ParentID, ComponentTypeId) VALUES("Fibre1000237_Cable0012", "Cable0012", 5005);
INSERT INTO Components(ComponentID, ParentID, ComponentTypeId) VALUES("Fibre1000238_Cable0012", "Cable0012", 5005);
INSERT INTO Components(ComponentID, ParentID, ComponentTypeId) VALUES("Fibre1000239_Cable0012", "Cable0012", 5005);
INSERT INTO Components(ComponentID, ParentID, ComponentTypeId) VALUES("Fibre1000240_Cable0012", "Cable0012", 5005);
INSERT INTO Components(ComponentID, ParentID, ComponentTypeId) VALUES("Fibre1000241_Cable0012", "Cable0012", 5005);
INSERT INTO Components(ComponentID, ParentID, ComponentTypeId) VALUES("Fibre1000242_Cable0012", "Cable0012", 5005);
INSERT INTO Components(ComponentID, ParentID, ComponentTypeId) VALUES("Fibre1000243_Cable0012", "Cable0012", 5005);
INSERT INTO Components(ComponentID, ParentID, ComponentTypeId) VALUES("Fibre1000244_Cable0012", "Cable0012", 5005);
INSERT INTO Components(ComponentID, ParentID, ComponentTypeId) VALUES("Fibre1000245_Cable0012", "Cable0012", 5005);
INSERT INTO Components(ComponentID, ParentID, ComponentTypeId) VALUES("Fibre1000246_Cable0012", "Cable0012", 5005);
INSERT INTO Components(ComponentID, ParentID, ComponentTypeId) VALUES("Fibre1000247_Cable0012", "Cable0012", 5005);
INSERT INTO Components(ComponentID, ParentID, ComponentTypeId) VALUES("Fibre1000248_Cable0012", "Cable0012", 5005);
INSERT INTO Components(ComponentID, ParentID, ComponentTypeId) VALUES("Fibre1000249_Cable0012", "Cable0012", 5005);
INSERT INTO Components(ComponentID, ParentID, ComponentTypeId) VALUES("Fibre1000250_Cable0012", "Cable0012", 5005);
INSERT INTO Components(ComponentID, ParentID, ComponentTypeId) VALUES("Fibre1000251_Cable0012", "Cable0012", 5005);
INSERT INTO Components(ComponentID, ParentID, ComponentTypeId) VALUES("Fibre1000252_Cable0012", "Cable0012", 5005);
INSERT INTO Components(ComponentID, ParentID, ComponentTypeId) VALUES("Fibre1000253_Cable0012", "Cable0012", 5005);
INSERT INTO Components(ComponentID, ParentID, ComponentTypeId) VALUES("Fibre1000254_Cable0012", "Cable0012", 5005);
INSERT INTO Components(ComponentID, ParentID, ComponentTypeId) VALUES("Fibre1000255_Cable0012", "Cable0012", 5005);
INSERT INTO Components(ComponentID, ParentID, ComponentTypeId) VALUES("Fibre1000256_Cable0012", "Cable0012", 5005);
INSERT INTO Components(ComponentID, ParentID, ComponentTypeId) VALUES("Fibre1000257_Cable0012", "Cable0012", 5005);
INSERT INTO Components(ComponentID, ParentID, ComponentTypeId) VALUES("Fibre1000258_Cable0012", "Cable0012", 5005);
INSERT INTO Components(ComponentID, ParentID, ComponentTypeId) VALUES("Fibre1000259_Cable0012", "Cable0012", 5005);
INSERT INTO Components(ComponentID, ParentID, ComponentTypeId) VALUES("Fibre1000260_Cable0012", "Cable0012", 5005);
INSERT INTO Components(ComponentID, ParentID, ComponentTypeId) VALUES("Fibre1000261_Cable0012", "Cable0012", 5005);
INSERT INTO Components(ComponentID, ParentID, ComponentTypeId) VALUES("Fibre1000262_Cable0012", "Cable0012", 5005);
INSERT INTO Components(ComponentID, ParentID, ComponentTypeId) VALUES("Fibre1000263_Cable0012", "Cable0012", 5005);
INSERT INTO Components(ComponentID, ParentID, ComponentTypeId) VALUES("Fibre1000264_Cable0012", "Cable0012", 5005);
INSERT INTO Components(ComponentID, ParentID, ComponentTypeId) VALUES("Fibre1000265_Cable0012", "Cable0012", 5005);
INSERT INTO Components(ComponentID, ParentID, ComponentTypeId) VALUES("Fibre1000266_Cable0012", "Cable0012", 5005);
INSERT INTO Components(ComponentID, ParentID, ComponentTypeId) VALUES("Fibre1000267_Cable0012", "Cable0012", 5005);
INSERT INTO Components(ComponentID, ParentID, ComponentTypeId) VALUES("Fibre1000268_Cable0012", "Cable0012", 5005);
INSERT INTO Components(ComponentID, ParentID, ComponentTypeId) VALUES("Fibre1000269_Cable0012", "Cable0012", 5005);
INSERT INTO Components(ComponentID, ParentID, ComponentTypeId) VALUES("Fibre1000270_Cable0012", "Cable0012", 5005);
INSERT INTO Components(ComponentID, ParentID, ComponentTypeId) VALUES("Fibre1000271_Cable0012", "Cable0012", 5005);
INSERT INTO Components(ComponentID, ParentID, ComponentTypeId) VALUES("Fibre1000272_Cable0012", "Cable0012", 5005);
INSERT INTO Components(ComponentID, ParentID, ComponentTypeId) VALUES("Fibre1000273_Cable0012", "Cable0012", 5005);
INSERT INTO Components(ComponentID, ParentID, ComponentTypeId) VALUES("Fibre1000274_Cable0012", "Cable0012", 5005);
INSERT INTO Components(ComponentID, ParentID, ComponentTypeId) VALUES("Fibre1000275_Cable0012", "Cable0012", 5005);
INSERT INTO Components(ComponentID, ParentID, ComponentTypeId) VALUES("Fibre1000276_Cable0012", "Cable0012", 5005);
INSERT INTO Components(ComponentID, ParentID, ComponentTypeId) VALUES("Fibre1000277_Cable0012", "Cable0012", 5005);
INSERT INTO Components(ComponentID, ParentID, ComponentTypeId) VALUES("Fibre1000278_Cable0012", "Cable0012", 5005);
INSERT INTO Components(ComponentID, ParentID, ComponentTypeId) VALUES("Fibre1000279_Cable0012", "Cable0012", 5005);
INSERT INTO Components(ComponentID, ParentID, ComponentTypeId) VALUES("Fibre1000280_Cable0012", "Cable0012", 5005);
INSERT INTO Components(ComponentID, ParentID, ComponentTypeId) VALUES("Fibre1000281_Cable0012", "Cable0012", 5005);
INSERT INTO Components(ComponentID, ParentID, ComponentTypeId) VALUES("Fibre1000282_Cable0012", "Cable0012", 5005);
INSERT INTO Components(ComponentID, ParentID, ComponentTypeId) VALUES("Fibre1000283_Cable0012", "Cable0012", 5005);
INSERT INTO Components(ComponentID, ParentID, ComponentTypeId) VALUES("Fibre1000284_Cable0012", "Cable0012", 5005);
INSERT INTO Components(ComponentID, ParentID, ComponentTypeId) VALUES("Fibre1000285_Cable0012", "Cable0012", 5005);
INSERT INTO Components(ComponentID, ParentID, ComponentTypeId) VALUES("Fibre1000286_Cable0012", "Cable0012", 5005);
INSERT INTO Components(ComponentID, ParentID, ComponentTypeId) VALUES("Fibre1000287_Cable0012", "Cable0012", 5005);
INSERT INTO Components(ComponentID, ParentID, ComponentTypeId) VALUES("Fibre1000288_Cable0012", "Cable0012", 5005);
INSERT INTO Components(ComponentID, ParentID, ComponentTypeId) VALUES("Fibre1000001_Cable0011", "Cable0011", 5005);
INSERT INTO Components(ComponentID, ParentID, ComponentTypeId) VALUES("Fibre1000002_Cable0011", "Cable0011", 5005);
INSERT INTO Components(ComponentID, ParentID, ComponentTypeId) VALUES("Fibre1000003_Cable0011", "Cable0011", 5005);
INSERT INTO Components(ComponentID, ParentID, ComponentTypeId) VALUES("Fibre1000004_Cable0011", "Cable0011", 5005);
INSERT INTO Components(ComponentID, ParentID, ComponentTypeId) VALUES("Fibre1000005_Cable0011", "Cable0011", 5005);
INSERT INTO Components(ComponentID, ParentID, ComponentTypeId) VALUES("Fibre1000006_Cable0011", "Cable0011", 5005);
INSERT INTO Components(ComponentID, ParentID, ComponentTypeId) VALUES("Fibre1000007_Cable0011", "Cable0011", 5005);
INSERT INTO Components(ComponentID, ParentID, ComponentTypeId) VALUES("Fibre1000008_Cable0011", "Cable0011", 5005);
INSERT INTO Components(ComponentID, ParentID, ComponentTypeId) VALUES("Fibre1000009_Cable0011", "Cable0011", 5005);
INSERT INTO Components(ComponentID, ParentID, ComponentTypeId) VALUES("Fibre1000010_Cable0011", "Cable0011", 5005);
INSERT INTO Components(ComponentID, ParentID, ComponentTypeId) VALUES("Fibre1000011_Cable0011", "Cable0011", 5005);
INSERT INTO Components(ComponentID, ParentID, ComponentTypeId) VALUES("Fibre1000012_Cable0011", "Cable0011", 5005);
INSERT INTO Components(ComponentID, ParentID, ComponentTypeId) VALUES("Fibre1000013_Cable0011", "Cable0011", 5005);
INSERT INTO Components(ComponentID, ParentID, ComponentTypeId) VALUES("Fibre1000014_Cable0011", "Cable0011", 5005);
INSERT INTO Components(ComponentID, ParentID, ComponentTypeId) VALUES("Fibre1000015_Cable0011", "Cable0011", 5005);
INSERT INTO Components(ComponentID, ParentID, ComponentTypeId) VALUES("Fibre1000016_Cable0011", "Cable0011", 5005);
INSERT INTO Components(ComponentID, ParentID, ComponentTypeId) VALUES("Fibre1000017_Cable0011", "Cable0011", 5005);
INSERT INTO Components(ComponentID, ParentID, ComponentTypeId) VALUES("Fibre1000018_Cable0011", "Cable0011", 5005);
INSERT INTO Components(ComponentID, ParentID, ComponentTypeId) VALUES("Fibre1000019_Cable0011", "Cable0011", 5005);
INSERT INTO Components(ComponentID, ParentID, ComponentTypeId) VALUES("Fibre1000020_Cable0011", "Cable0011", 5005);
INSERT INTO Components(ComponentID, ParentID, ComponentTypeId) VALUES("Fibre1000021_Cable0011", "Cable0011", 5005);
INSERT INTO Components(ComponentID, ParentID, ComponentTypeId) VALUES("Fibre1000022_Cable0011", "Cable0011", 5005);
INSERT INTO Components(ComponentID, ParentID, ComponentTypeId) VALUES("Fibre1000023_Cable0011", "Cable0011", 5005);
INSERT INTO Components(ComponentID, ParentID, ComponentTypeId) VALUES("Fibre1000024_Cable0011", "Cable0011", 5005);
INSERT INTO Components(ComponentID, ParentID, ComponentTypeId) VALUES("Fibre1000025_Cable0011", "Cable0011", 5005);
INSERT INTO Components(ComponentID, ParentID, ComponentTypeId) VALUES("Fibre1000026_Cable0011", "Cable0011", 5005);
INSERT INTO Components(ComponentID, ParentID, ComponentTypeId) VALUES("Fibre1000027_Cable0011", "Cable0011", 5005);
INSERT INTO Components(ComponentID, ParentID, ComponentTypeId) VALUES("Fibre1000028_Cable0011", "Cable0011", 5005);
INSERT INTO Components(ComponentID, ParentID, ComponentTypeId) VALUES("Fibre1000029_Cable0011", "Cable0011", 5005);
INSERT INTO Components(ComponentID, ParentID, ComponentTypeId) VALUES("Fibre1000030_Cable0011", "Cable0011", 5005);
INSERT INTO Components(ComponentID, ParentID, ComponentTypeId) VALUES("Fibre1000031_Cable0011", "Cable0011", 5005);
INSERT INTO Components(ComponentID, ParentID, ComponentTypeId) VALUES("Fibre1000032_Cable0011", "Cable0011", 5005);
INSERT INTO Components(ComponentID, ParentID, ComponentTypeId) VALUES("Fibre1000033_Cable0011", "Cable0011", 5005);
INSERT INTO Components(ComponentID, ParentID, ComponentTypeId) VALUES("Fibre1000034_Cable0011", "Cable0011", 5005);
INSERT INTO Components(ComponentID, ParentID, ComponentTypeId) VALUES("Fibre1000035_Cable0011", "Cable0011", 5005);
INSERT INTO Components(ComponentID, ParentID, ComponentTypeId) VALUES("Fibre1000036_Cable0011", "Cable0011", 5005);
INSERT INTO Components(ComponentID, ParentID, ComponentTypeId) VALUES("Fibre1000037_Cable0011", "Cable0011", 5005);
INSERT INTO Components(ComponentID, ParentID, ComponentTypeId) VALUES("Fibre1000038_Cable0011", "Cable0011", 5005);
INSERT INTO Components(ComponentID, ParentID, ComponentTypeId) VALUES("Fibre1000039_Cable0011", "Cable0011", 5005);
INSERT INTO Components(ComponentID, ParentID, ComponentTypeId) VALUES("Fibre1000040_Cable0011", "Cable0011", 5005);
INSERT INTO Components(ComponentID, ParentID, ComponentTypeId) VALUES("Fibre1000041_Cable0011", "Cable0011", 5005);
INSERT INTO Components(ComponentID, ParentID, ComponentTypeId) VALUES("Fibre1000042_Cable0011", "Cable0011", 5005);
INSERT INTO Components(ComponentID, ParentID, ComponentTypeId) VALUES("Fibre1000043_Cable0011", "Cable0011", 5005);
INSERT INTO Components(ComponentID, ParentID, ComponentTypeId) VALUES("Fibre1000044_Cable0011", "Cable0011", 5005);
INSERT INTO Components(ComponentID, ParentID, ComponentTypeId) VALUES("Fibre1000045_Cable0011", "Cable0011", 5005);
INSERT INTO Components(ComponentID, ParentID, ComponentTypeId) VALUES("Fibre1000046_Cable0011", "Cable0011", 5005);
INSERT INTO Components(ComponentID, ParentID, ComponentTypeId) VALUES("Fibre1000047_Cable0011", "Cable0011", 5005);
INSERT INTO Components(ComponentID, ParentID, ComponentTypeId) VALUES("Fibre1000048_Cable0011", "Cable0011", 5005);
INSERT INTO Components(ComponentID, ParentID, ComponentTypeId) VALUES("Fibre1000049_Cable0011", "Cable0011", 5005);
INSERT INTO Components(ComponentID, ParentID, ComponentTypeId) VALUES("Fibre1000050_Cable0011", "Cable0011", 5005);
INSERT INTO Components(ComponentID, ParentID, ComponentTypeId) VALUES("Fibre1000051_Cable0011", "Cable0011", 5005);
INSERT INTO Components(ComponentID, ParentID, ComponentTypeId) VALUES("Fibre1000052_Cable0011", "Cable0011", 5005);
INSERT INTO Components(ComponentID, ParentID, ComponentTypeId) VALUES("Fibre1000053_Cable0011", "Cable0011", 5005);
INSERT INTO Components(ComponentID, ParentID, ComponentTypeId) VALUES("Fibre1000054_Cable0011", "Cable0011", 5005);
INSERT INTO Components(ComponentID, ParentID, ComponentTypeId) VALUES("Fibre1000055_Cable0011", "Cable0011", 5005);
INSERT INTO Components(ComponentID, ParentID, ComponentTypeId) VALUES("Fibre1000056_Cable0011", "Cable0011", 5005);
INSERT INTO Components(ComponentID, ParentID, ComponentTypeId) VALUES("Fibre1000057_Cable0011", "Cable0011", 5005);
INSERT INTO Components(ComponentID, ParentID, ComponentTypeId) VALUES("Fibre1000058_Cable0011", "Cable0011", 5005);
INSERT INTO Components(ComponentID, ParentID, ComponentTypeId) VALUES("Fibre1000059_Cable0011", "Cable0011", 5005);
INSERT INTO Components(ComponentID, ParentID, ComponentTypeId) VALUES("Fibre1000060_Cable0011", "Cable0011", 5005);
INSERT INTO Components(ComponentID, ParentID, ComponentTypeId) VALUES("Fibre1000061_Cable0011", "Cable0011", 5005);
INSERT INTO Components(ComponentID, ParentID, ComponentTypeId) VALUES("Fibre1000062_Cable0011", "Cable0011", 5005);
INSERT INTO Components(ComponentID, ParentID, ComponentTypeId) VALUES("Fibre1000063_Cable0011", "Cable0011", 5005);
INSERT INTO Components(ComponentID, ParentID, ComponentTypeId) VALUES("Fibre1000064_Cable0011", "Cable0011", 5005);
INSERT INTO Components(ComponentID, ParentID, ComponentTypeId) VALUES("Fibre1000065_Cable0011", "Cable0011", 5005);
INSERT INTO Components(ComponentID, ParentID, ComponentTypeId) VALUES("Fibre1000066_Cable0011", "Cable0011", 5005);
INSERT INTO Components(ComponentID, ParentID, ComponentTypeId) VALUES("Fibre1000067_Cable0011", "Cable0011", 5005);
INSERT INTO Components(ComponentID, ParentID, ComponentTypeId) VALUES("Fibre1000068_Cable0011", "Cable0011", 5005);
INSERT INTO Components(ComponentID, ParentID, ComponentTypeId) VALUES("Fibre1000069_Cable0011", "Cable0011", 5005);
INSERT INTO Components(ComponentID, ParentID, ComponentTypeId) VALUES("Fibre1000070_Cable0011", "Cable0011", 5005);
INSERT INTO Components(ComponentID, ParentID, ComponentTypeId) VALUES("Fibre1000071_Cable0011", "Cable0011", 5005);
INSERT INTO Components(ComponentID, ParentID, ComponentTypeId) VALUES("Fibre1000072_Cable0011", "Cable0011", 5005);
INSERT INTO Components(ComponentID, ParentID, ComponentTypeId) VALUES("Fibre1000073_Cable0011", "Cable0011", 5005);
INSERT INTO Components(ComponentID, ParentID, ComponentTypeId) VALUES("Fibre1000074_Cable0011", "Cable0011", 5005);
INSERT INTO Components(ComponentID, ParentID, ComponentTypeId) VALUES("Fibre1000075_Cable0011", "Cable0011", 5005);
INSERT INTO Components(ComponentID, ParentID, ComponentTypeId) VALUES("Fibre1000076_Cable0011", "Cable0011", 5005);
INSERT INTO Components(ComponentID, ParentID, ComponentTypeId) VALUES("Fibre1000077_Cable0011", "Cable0011", 5005);
INSERT INTO Components(ComponentID, ParentID, ComponentTypeId) VALUES("Fibre1000078_Cable0011", "Cable0011", 5005);
INSERT INTO Components(ComponentID, ParentID, ComponentTypeId) VALUES("Fibre1000079_Cable0011", "Cable0011", 5005);
INSERT INTO Components(ComponentID, ParentID, ComponentTypeId) VALUES("Fibre1000080_Cable0011", "Cable0011", 5005);
INSERT INTO Components(ComponentID, ParentID, ComponentTypeId) VALUES("Fibre1000081_Cable0011", "Cable0011", 5005);
INSERT INTO Components(ComponentID, ParentID, ComponentTypeId) VALUES("Fibre1000082_Cable0011", "Cable0011", 5005);
INSERT INTO Components(ComponentID, ParentID, ComponentTypeId) VALUES("Fibre1000083_Cable0011", "Cable0011", 5005);
INSERT INTO Components(ComponentID, ParentID, ComponentTypeId) VALUES("Fibre1000084_Cable0011", "Cable0011", 5005);
INSERT INTO Components(ComponentID, ParentID, ComponentTypeId) VALUES("Fibre1000085_Cable0011", "Cable0011", 5005);
INSERT INTO Components(ComponentID, ParentID, ComponentTypeId) VALUES("Fibre1000086_Cable0011", "Cable0011", 5005);
INSERT INTO Components(ComponentID, ParentID, ComponentTypeId) VALUES("Fibre1000087_Cable0011", "Cable0011", 5005);
INSERT INTO Components(ComponentID, ParentID, ComponentTypeId) VALUES("Fibre1000088_Cable0011", "Cable0011", 5005);
INSERT INTO Components(ComponentID, ParentID, ComponentTypeId) VALUES("Fibre1000089_Cable0011", "Cable0011", 5005);
INSERT INTO Components(ComponentID, ParentID, ComponentTypeId) VALUES("Fibre1000090_Cable0011", "Cable0011", 5005);
INSERT INTO Components(ComponentID, ParentID, ComponentTypeId) VALUES("Fibre1000091_Cable0011", "Cable0011", 5005);
INSERT INTO Components(ComponentID, ParentID, ComponentTypeId) VALUES("Fibre1000092_Cable0011", "Cable0011", 5005);
INSERT INTO Components(ComponentID, ParentID, ComponentTypeId) VALUES("Fibre1000093_Cable0011", "Cable0011", 5005);
INSERT INTO Components(ComponentID, ParentID, ComponentTypeId) VALUES("Fibre1000094_Cable0011", "Cable0011", 5005);
INSERT INTO Components(ComponentID, ParentID, ComponentTypeId) VALUES("Fibre1000095_Cable0011", "Cable0011", 5005);
INSERT INTO Components(ComponentID, ParentID, ComponentTypeId) VALUES("Fibre1000096_Cable0011", "Cable0011", 5005);
INSERT INTO Components(ComponentID, ParentID, ComponentTypeId) VALUES("Fibre1000097_Cable0011", "Cable0011", 5005);
INSERT INTO Components(ComponentID, ParentID, ComponentTypeId) VALUES("Fibre1000098_Cable0011", "Cable0011", 5005);
INSERT INTO Components(ComponentID, ParentID, ComponentTypeId) VALUES("Fibre1000099_Cable0011", "Cable0011", 5005);
INSERT INTO Components(ComponentID, ParentID, ComponentTypeId) VALUES("Fibre1000100_Cable0011", "Cable0011", 5005);
INSERT INTO Components(ComponentID, ParentID, ComponentTypeId) VALUES("Fibre1000101_Cable0011", "Cable0011", 5005);
INSERT INTO Components(ComponentID, ParentID, ComponentTypeId) VALUES("Fibre1000102_Cable0011", "Cable0011", 5005);
INSERT INTO Components(ComponentID, ParentID, ComponentTypeId) VALUES("Fibre1000103_Cable0011", "Cable0011", 5005);
INSERT INTO Components(ComponentID, ParentID, ComponentTypeId) VALUES("Fibre1000104_Cable0011", "Cable0011", 5005);
INSERT INTO Components(ComponentID, ParentID, ComponentTypeId) VALUES("Fibre1000105_Cable0011", "Cable0011", 5005);
INSERT INTO Components(ComponentID, ParentID, ComponentTypeId) VALUES("Fibre1000106_Cable0011", "Cable0011", 5005);
INSERT INTO Components(ComponentID, ParentID, ComponentTypeId) VALUES("Fibre1000107_Cable0011", "Cable0011", 5005);
INSERT INTO Components(ComponentID, ParentID, ComponentTypeId) VALUES("Fibre1000108_Cable0011", "Cable0011", 5005);
INSERT INTO Components(ComponentID, ParentID, ComponentTypeId) VALUES("Fibre1000109_Cable0011", "Cable0011", 5005);
INSERT INTO Components(ComponentID, ParentID, ComponentTypeId) VALUES("Fibre1000110_Cable0011", "Cable0011", 5005);
INSERT INTO Components(ComponentID, ParentID, ComponentTypeId) VALUES("Fibre1000111_Cable0011", "Cable0011", 5005);
INSERT INTO Components(ComponentID, ParentID, ComponentTypeId) VALUES("Fibre1000112_Cable0011", "Cable0011", 5005);
INSERT INTO Components(ComponentID, ParentID, ComponentTypeId) VALUES("Fibre1000113_Cable0011", "Cable0011", 5005);
INSERT INTO Components(ComponentID, ParentID, ComponentTypeId) VALUES("Fibre1000114_Cable0011", "Cable0011", 5005);
INSERT INTO Components(ComponentID, ParentID, ComponentTypeId) VALUES("Fibre1000115_Cable0011", "Cable0011", 5005);
INSERT INTO Components(ComponentID, ParentID, ComponentTypeId) VALUES("Fibre1000116_Cable0011", "Cable0011", 5005);
INSERT INTO Components(ComponentID, ParentID, ComponentTypeId) VALUES("Fibre1000117_Cable0011", "Cable0011", 5005);
INSERT INTO Components(ComponentID, ParentID, ComponentTypeId) VALUES("Fibre1000118_Cable0011", "Cable0011", 5005);
INSERT INTO Components(ComponentID, ParentID, ComponentTypeId) VALUES("Fibre1000119_Cable0011", "Cable0011", 5005);
INSERT INTO Components(ComponentID, ParentID, ComponentTypeId) VALUES("Fibre1000120_Cable0011", "Cable0011", 5005);
INSERT INTO Components(ComponentID, ParentID, ComponentTypeId) VALUES("Fibre1000121_Cable0011", "Cable0011", 5005);
INSERT INTO Components(ComponentID, ParentID, ComponentTypeId) VALUES("Fibre1000122_Cable0011", "Cable0011", 5005);
INSERT INTO Components(ComponentID, ParentID, ComponentTypeId) VALUES("Fibre1000123_Cable0011", "Cable0011", 5005);
INSERT INTO Components(ComponentID, ParentID, ComponentTypeId) VALUES("Fibre1000124_Cable0011", "Cable0011", 5005);
INSERT INTO Components(ComponentID, ParentID, ComponentTypeId) VALUES("Fibre1000125_Cable0011", "Cable0011", 5005);
INSERT INTO Components(ComponentID, ParentID, ComponentTypeId) VALUES("Fibre1000126_Cable0011", "Cable0011", 5005);
INSERT INTO Components(ComponentID, ParentID, ComponentTypeId) VALUES("Fibre1000127_Cable0011", "Cable0011", 5005);
INSERT INTO Components(ComponentID, ParentID, ComponentTypeId) VALUES("Fibre1000128_Cable0011", "Cable0011", 5005);
INSERT INTO Components(ComponentID, ParentID, ComponentTypeId) VALUES("Fibre1000129_Cable0011", "Cable0011", 5005);
INSERT INTO Components(ComponentID, ParentID, ComponentTypeId) VALUES("Fibre1000130_Cable0011", "Cable0011", 5005);
INSERT INTO Components(ComponentID, ParentID, ComponentTypeId) VALUES("Fibre1000131_Cable0011", "Cable0011", 5005);
INSERT INTO Components(ComponentID, ParentID, ComponentTypeId) VALUES("Fibre1000132_Cable0011", "Cable0011", 5005);
INSERT INTO Components(ComponentID, ParentID, ComponentTypeId) VALUES("Fibre1000133_Cable0011", "Cable0011", 5005);
INSERT INTO Components(ComponentID, ParentID, ComponentTypeId) VALUES("Fibre1000134_Cable0011", "Cable0011", 5005);
INSERT INTO Components(ComponentID, ParentID, ComponentTypeId) VALUES("Fibre1000135_Cable0011", "Cable0011", 5005);
INSERT INTO Components(ComponentID, ParentID, ComponentTypeId) VALUES("Fibre1000136_Cable0011", "Cable0011", 5005);
INSERT INTO Components(ComponentID, ParentID, ComponentTypeId) VALUES("Fibre1000137_Cable0011", "Cable0011", 5005);
INSERT INTO Components(ComponentID, ParentID, ComponentTypeId) VALUES("Fibre1000138_Cable0011", "Cable0011", 5005);
INSERT INTO Components(ComponentID, ParentID, ComponentTypeId) VALUES("Fibre1000139_Cable0011", "Cable0011", 5005);
INSERT INTO Components(ComponentID, ParentID, ComponentTypeId) VALUES("Fibre1000140_Cable0011", "Cable0011", 5005);
INSERT INTO Components(ComponentID, ParentID, ComponentTypeId) VALUES("Fibre1000141_Cable0011", "Cable0011", 5005);
INSERT INTO Components(ComponentID, ParentID, ComponentTypeId) VALUES("Fibre1000142_Cable0011", "Cable0011", 5005);
INSERT INTO Components(ComponentID, ParentID, ComponentTypeId) VALUES("Fibre1000143_Cable0011", "Cable0011", 5005);
INSERT INTO Components(ComponentID, ParentID, ComponentTypeId) VALUES("Fibre1000144_Cable0011", "Cable0011", 5005);
INSERT INTO Components(ComponentID, ParentID, ComponentTypeId) VALUES("Fibre1000145_Cable0013", "Cable0013", 5005);
INSERT INTO Components(ComponentID, ParentID, ComponentTypeId) VALUES("Fibre1000146_Cable0013", "Cable0013", 5005);
INSERT INTO Components(ComponentID, ParentID, ComponentTypeId) VALUES("Fibre1000147_Cable0013", "Cable0013", 5005);
INSERT INTO Components(ComponentID, ParentID, ComponentTypeId) VALUES("Fibre1000148_Cable0013", "Cable0013", 5005);
INSERT INTO Components(ComponentID, ParentID, ComponentTypeId) VALUES("Fibre1000149_Cable0013", "Cable0013", 5005);
INSERT INTO Components(ComponentID, ParentID, ComponentTypeId) VALUES("Fibre1000150_Cable0013", "Cable0013", 5005);
INSERT INTO Components(ComponentID, ParentID, ComponentTypeId) VALUES("Fibre1000151_Cable0013", "Cable0013", 5005);
INSERT INTO Components(ComponentID, ParentID, ComponentTypeId) VALUES("Fibre1000152_Cable0013", "Cable0013", 5005);
INSERT INTO Components(ComponentID, ParentID, ComponentTypeId) VALUES("Fibre1000153_Cable0013", "Cable0013", 5005);
INSERT INTO Components(ComponentID, ParentID, ComponentTypeId) VALUES("Fibre1000154_Cable0013", "Cable0013", 5005);
INSERT INTO Components(ComponentID, ParentID, ComponentTypeId) VALUES("Fibre1000155_Cable0013", "Cable0013", 5005);
INSERT INTO Components(ComponentID, ParentID, ComponentTypeId) VALUES("Fibre1000156_Cable0013", "Cable0013", 5005);
INSERT INTO Components(ComponentID, ParentID, ComponentTypeId) VALUES("Fibre1000157_Cable0013", "Cable0013", 5005);
INSERT INTO Components(ComponentID, ParentID, ComponentTypeId) VALUES("Fibre1000158_Cable0013", "Cable0013", 5005);
INSERT INTO Components(ComponentID, ParentID, ComponentTypeId) VALUES("Fibre1000159_Cable0013", "Cable0013", 5005);
INSERT INTO Components(ComponentID, ParentID, ComponentTypeId) VALUES("Fibre1000160_Cable0013", "Cable0013", 5005);
INSERT INTO Components(ComponentID, ParentID, ComponentTypeId) VALUES("Fibre1000161_Cable0013", "Cable0013", 5005);
INSERT INTO Components(ComponentID, ParentID, ComponentTypeId) VALUES("Fibre1000162_Cable0013", "Cable0013", 5005);
INSERT INTO Components(ComponentID, ParentID, ComponentTypeId) VALUES("Fibre1000163_Cable0013", "Cable0013", 5005);
INSERT INTO Components(ComponentID, ParentID, ComponentTypeId) VALUES("Fibre1000164_Cable0013", "Cable0013", 5005);
INSERT INTO Components(ComponentID, ParentID, ComponentTypeId) VALUES("Fibre1000165_Cable0013", "Cable0013", 5005);
INSERT INTO Components(ComponentID, ParentID, ComponentTypeId) VALUES("Fibre1000166_Cable0013", "Cable0013", 5005);
INSERT INTO Components(ComponentID, ParentID, ComponentTypeId) VALUES("Fibre1000167_Cable0013", "Cable0013", 5005);
INSERT INTO Components(ComponentID, ParentID, ComponentTypeId) VALUES("Fibre1000168_Cable0013", "Cable0013", 5005);
INSERT INTO Components(ComponentID, ParentID, ComponentTypeId) VALUES("Fibre1000169_Cable0013", "Cable0013", 5005);
INSERT INTO Components(ComponentID, ParentID, ComponentTypeId) VALUES("Fibre1000170_Cable0013", "Cable0013", 5005);
INSERT INTO Components(ComponentID, ParentID, ComponentTypeId) VALUES("Fibre1000171_Cable0013", "Cable0013", 5005);
INSERT INTO Components(ComponentID, ParentID, ComponentTypeId) VALUES("Fibre1000172_Cable0013", "Cable0013", 5005);
INSERT INTO Components(ComponentID, ParentID, ComponentTypeId) VALUES("Fibre1000173_Cable0013", "Cable0013", 5005);
INSERT INTO Components(ComponentID, ParentID, ComponentTypeId) VALUES("Fibre1000174_Cable0013", "Cable0013", 5005);
INSERT INTO Components(ComponentID, ParentID, ComponentTypeId) VALUES("Fibre1000175_Cable0013", "Cable0013", 5005);
INSERT INTO Components(ComponentID, ParentID, ComponentTypeId) VALUES("Fibre1000176_Cable0013", "Cable0013", 5005);
INSERT INTO Components(ComponentID, ParentID, ComponentTypeId) VALUES("Fibre1000177_Cable0013", "Cable0013", 5005);
INSERT INTO Components(ComponentID, ParentID, ComponentTypeId) VALUES("Fibre1000178_Cable0013", "Cable0013", 5005);
INSERT INTO Components(ComponentID, ParentID, ComponentTypeId) VALUES("Fibre1000179_Cable0013", "Cable0013", 5005);
INSERT INTO Components(ComponentID, ParentID, ComponentTypeId) VALUES("Fibre1000180_Cable0013", "Cable0013", 5005);
INSERT INTO Components(ComponentID, ParentID, ComponentTypeId) VALUES("Fibre1000181_Cable0013", "Cable0013", 5005);
INSERT INTO Components(ComponentID, ParentID, ComponentTypeId) VALUES("Fibre1000182_Cable0013", "Cable0013", 5005);
INSERT INTO Components(ComponentID, ParentID, ComponentTypeId) VALUES("Fibre1000183_Cable0013", "Cable0013", 5005);
INSERT INTO Components(ComponentID, ParentID, ComponentTypeId) VALUES("Fibre1000184_Cable0013", "Cable0013", 5005);
INSERT INTO Components(ComponentID, ParentID, ComponentTypeId) VALUES("Fibre1000185_Cable0013", "Cable0013", 5005);
INSERT INTO Components(ComponentID, ParentID, ComponentTypeId) VALUES("Fibre1000186_Cable0013", "Cable0013", 5005);
INSERT INTO Components(ComponentID, ParentID, ComponentTypeId) VALUES("Fibre1000187_Cable0013", "Cable0013", 5005);
INSERT INTO Components(ComponentID, ParentID, ComponentTypeId) VALUES("Fibre1000188_Cable0013", "Cable0013", 5005);
INSERT INTO Components(ComponentID, ParentID, ComponentTypeId) VALUES("Fibre1000189_Cable0013", "Cable0013", 5005);
INSERT INTO Components(ComponentID, ParentID, ComponentTypeId) VALUES("Fibre1000190_Cable0013", "Cable0013", 5005);
INSERT INTO Components(ComponentID, ParentID, ComponentTypeId) VALUES("Fibre1000191_Cable0013", "Cable0013", 5005);
INSERT INTO Components(ComponentID, ParentID, ComponentTypeId) VALUES("Fibre1000192_Cable0013", "Cable0013", 5005);
INSERT INTO Components(ComponentID, ParentID, ComponentTypeId) VALUES("Fibre1000193_Cable0013", "Cable0013", 5005);
INSERT INTO Components(ComponentID, ParentID, ComponentTypeId) VALUES("Fibre1000194_Cable0013", "Cable0013", 5005);
INSERT INTO Components(ComponentID, ParentID, ComponentTypeId) VALUES("Fibre1000195_Cable0013", "Cable0013", 5005);
INSERT INTO Components(ComponentID, ParentID, ComponentTypeId) VALUES("Fibre1000196_Cable0013", "Cable0013", 5005);
INSERT INTO Components(ComponentID, ParentID, ComponentTypeId) VALUES("Fibre1000197_Cable0013", "Cable0013", 5005);
INSERT INTO Components(ComponentID, ParentID, ComponentTypeId) VALUES("Fibre1000198_Cable0013", "Cable0013", 5005);
INSERT INTO Components(ComponentID, ParentID, ComponentTypeId) VALUES("Fibre1000199_Cable0013", "Cable0013", 5005);
INSERT INTO Components(ComponentID, ParentID, ComponentTypeId) VALUES("Fibre1000200_Cable0013", "Cable0013", 5005);
INSERT INTO Components(ComponentID, ParentID, ComponentTypeId) VALUES("Fibre1000201_Cable0013", "Cable0013", 5005);
INSERT INTO Components(ComponentID, ParentID, ComponentTypeId) VALUES("Fibre1000202_Cable0013", "Cable0013", 5005);
INSERT INTO Components(ComponentID, ParentID, ComponentTypeId) VALUES("Fibre1000203_Cable0013", "Cable0013", 5005);
INSERT INTO Components(ComponentID, ParentID, ComponentTypeId) VALUES("Fibre1000204_Cable0013", "Cable0013", 5005);
INSERT INTO Components(ComponentID, ParentID, ComponentTypeId) VALUES("Fibre1000205_Cable0013", "Cable0013", 5005);
INSERT INTO Components(ComponentID, ParentID, ComponentTypeId) VALUES("Fibre1000206_Cable0013", "Cable0013", 5005);
INSERT INTO Components(ComponentID, ParentID, ComponentTypeId) VALUES("Fibre1000207_Cable0013", "Cable0013", 5005);
INSERT INTO Components(ComponentID, ParentID, ComponentTypeId) VALUES("Fibre1000208_Cable0013", "Cable0013", 5005);
INSERT INTO Components(ComponentID, ParentID, ComponentTypeId) VALUES("Fibre1000209_Cable0013", "Cable0013", 5005);
INSERT INTO Components(ComponentID, ParentID, ComponentTypeId) VALUES("Fibre1000210_Cable0013", "Cable0013", 5005);
INSERT INTO Components(ComponentID, ParentID, ComponentTypeId) VALUES("Fibre1000211_Cable0013", "Cable0013", 5005);
INSERT INTO Components(ComponentID, ParentID, ComponentTypeId) VALUES("Fibre1000212_Cable0013", "Cable0013", 5005);
INSERT INTO Components(ComponentID, ParentID, ComponentTypeId) VALUES("Fibre1000213_Cable0013", "Cable0013", 5005);
INSERT INTO Components(ComponentID, ParentID, ComponentTypeId) VALUES("Fibre1000214_Cable0013", "Cable0013", 5005);
INSERT INTO Components(ComponentID, ParentID, ComponentTypeId) VALUES("Fibre1000215_Cable0013", "Cable0013", 5005);
INSERT INTO Components(ComponentID, ParentID, ComponentTypeId) VALUES("Fibre1000216_Cable0013", "Cable0013", 5005);
INSERT INTO Components(ComponentID, ParentID, ComponentTypeId) VALUES("Fibre1000217_Cable0013", "Cable0013", 5005);
INSERT INTO Components(ComponentID, ParentID, ComponentTypeId) VALUES("Fibre1000218_Cable0013", "Cable0013", 5005);
INSERT INTO Components(ComponentID, ParentID, ComponentTypeId) VALUES("Fibre1000219_Cable0013", "Cable0013", 5005);
INSERT INTO Components(ComponentID, ParentID, ComponentTypeId) VALUES("Fibre1000220_Cable0013", "Cable0013", 5005);
INSERT INTO Components(ComponentID, ParentID, ComponentTypeId) VALUES("Fibre1000221_Cable0013", "Cable0013", 5005);
INSERT INTO Components(ComponentID, ParentID, ComponentTypeId) VALUES("Fibre1000222_Cable0013", "Cable0013", 5005);
INSERT INTO Components(ComponentID, ParentID, ComponentTypeId) VALUES("Fibre1000223_Cable0013", "Cable0013", 5005);
INSERT INTO Components(ComponentID, ParentID, ComponentTypeId) VALUES("Fibre1000224_Cable0013", "Cable0013", 5005);
INSERT INTO Components(ComponentID, ParentID, ComponentTypeId) VALUES("Fibre1000225_Cable0013", "Cable0013", 5005);
INSERT INTO Components(ComponentID, ParentID, ComponentTypeId) VALUES("Fibre1000226_Cable0013", "Cable0013", 5005);
INSERT INTO Components(ComponentID, ParentID, ComponentTypeId) VALUES("Fibre1000227_Cable0013", "Cable0013", 5005);
INSERT INTO Components(ComponentID, ParentID, ComponentTypeId) VALUES("Fibre1000228_Cable0013", "Cable0013", 5005);
INSERT INTO Components(ComponentID, ParentID, ComponentTypeId) VALUES("Fibre1000229_Cable0013", "Cable0013", 5005);
INSERT INTO Components(ComponentID, ParentID, ComponentTypeId) VALUES("Fibre1000230_Cable0013", "Cable0013", 5005);
INSERT INTO Components(ComponentID, ParentID, ComponentTypeId) VALUES("Fibre1000231_Cable0013", "Cable0013", 5005);
INSERT INTO Components(ComponentID, ParentID, ComponentTypeId) VALUES("Fibre1000232_Cable0013", "Cable0013", 5005);
INSERT INTO Components(ComponentID, ParentID, ComponentTypeId) VALUES("Fibre1000233_Cable0013", "Cable0013", 5005);
INSERT INTO Components(ComponentID, ParentID, ComponentTypeId) VALUES("Fibre1000234_Cable0013", "Cable0013", 5005);
INSERT INTO Components(ComponentID, ParentID, ComponentTypeId) VALUES("Fibre1000235_Cable0013", "Cable0013", 5005);
INSERT INTO Components(ComponentID, ParentID, ComponentTypeId) VALUES("Fibre1000236_Cable0013", "Cable0013", 5005);
INSERT INTO Components(ComponentID, ParentID, ComponentTypeId) VALUES("Fibre1000237_Cable0013", "Cable0013", 5005);
INSERT INTO Components(ComponentID, ParentID, ComponentTypeId) VALUES("Fibre1000238_Cable0013", "Cable0013", 5005);
INSERT INTO Components(ComponentID, ParentID, ComponentTypeId) VALUES("Fibre1000239_Cable0013", "Cable0013", 5005);
INSERT INTO Components(ComponentID, ParentID, ComponentTypeId) VALUES("Fibre1000240_Cable0013", "Cable0013", 5005);
INSERT INTO Components(ComponentID, ParentID, ComponentTypeId) VALUES("Fibre1000241_Cable0013", "Cable0013", 5005);
INSERT INTO Components(ComponentID, ParentID, ComponentTypeId) VALUES("Fibre1000242_Cable0013", "Cable0013", 5005);
INSERT INTO Components(ComponentID, ParentID, ComponentTypeId) VALUES("Fibre1000243_Cable0013", "Cable0013", 5005);
INSERT INTO Components(ComponentID, ParentID, ComponentTypeId) VALUES("Fibre1000244_Cable0013", "Cable0013", 5005);
INSERT INTO Components(ComponentID, ParentID, ComponentTypeId) VALUES("Fibre1000245_Cable0013", "Cable0013", 5005);
INSERT INTO Components(ComponentID, ParentID, ComponentTypeId) VALUES("Fibre1000246_Cable0013", "Cable0013", 5005);
INSERT INTO Components(ComponentID, ParentID, ComponentTypeId) VALUES("Fibre1000247_Cable0013", "Cable0013", 5005);
INSERT INTO Components(ComponentID, ParentID, ComponentTypeId) VALUES("Fibre1000248_Cable0013", "Cable0013", 5005);
INSERT INTO Components(ComponentID, ParentID, ComponentTypeId) VALUES("Fibre1000249_Cable0013", "Cable0013", 5005);
INSERT INTO Components(ComponentID, ParentID, ComponentTypeId) VALUES("Fibre1000250_Cable0013", "Cable0013", 5005);
INSERT INTO Components(ComponentID, ParentID, ComponentTypeId) VALUES("Fibre1000251_Cable0013", "Cable0013", 5005);
INSERT INTO Components(ComponentID, ParentID, ComponentTypeId) VALUES("Fibre1000252_Cable0013", "Cable0013", 5005);
INSERT INTO Components(ComponentID, ParentID, ComponentTypeId) VALUES("Fibre1000253_Cable0013", "Cable0013", 5005);
INSERT INTO Components(ComponentID, ParentID, ComponentTypeId) VALUES("Fibre1000254_Cable0013", "Cable0013", 5005);
INSERT INTO Components(ComponentID, ParentID, ComponentTypeId) VALUES("Fibre1000255_Cable0013", "Cable0013", 5005);
INSERT INTO Components(ComponentID, ParentID, ComponentTypeId) VALUES("Fibre1000256_Cable0013", "Cable0013", 5005);
INSERT INTO Components(ComponentID, ParentID, ComponentTypeId) VALUES("Fibre1000257_Cable0013", "Cable0013", 5005);
INSERT INTO Components(ComponentID, ParentID, ComponentTypeId) VALUES("Fibre1000258_Cable0013", "Cable0013", 5005);
INSERT INTO Components(ComponentID, ParentID, ComponentTypeId) VALUES("Fibre1000259_Cable0013", "Cable0013", 5005);
INSERT INTO Components(ComponentID, ParentID, ComponentTypeId) VALUES("Fibre1000260_Cable0013", "Cable0013", 5005);
INSERT INTO Components(ComponentID, ParentID, ComponentTypeId) VALUES("Fibre1000261_Cable0013", "Cable0013", 5005);
INSERT INTO Components(ComponentID, ParentID, ComponentTypeId) VALUES("Fibre1000262_Cable0013", "Cable0013", 5005);
INSERT INTO Components(ComponentID, ParentID, ComponentTypeId) VALUES("Fibre1000263_Cable0013", "Cable0013", 5005);
INSERT INTO Components(ComponentID, ParentID, ComponentTypeId) VALUES("Fibre1000264_Cable0013", "Cable0013", 5005);
INSERT INTO Components(ComponentID, ParentID, ComponentTypeId) VALUES("Fibre1000265_Cable0013", "Cable0013", 5005);
INSERT INTO Components(ComponentID, ParentID, ComponentTypeId) VALUES("Fibre1000266_Cable0013", "Cable0013", 5005);
INSERT INTO Components(ComponentID, ParentID, ComponentTypeId) VALUES("Fibre1000267_Cable0013", "Cable0013", 5005);
INSERT INTO Components(ComponentID, ParentID, ComponentTypeId) VALUES("Fibre1000268_Cable0013", "Cable0013", 5005);
INSERT INTO Components(ComponentID, ParentID, ComponentTypeId) VALUES("Fibre1000269_Cable0013", "Cable0013", 5005);
INSERT INTO Components(ComponentID, ParentID, ComponentTypeId) VALUES("Fibre1000270_Cable0013", "Cable0013", 5005);
INSERT INTO Components(ComponentID, ParentID, ComponentTypeId) VALUES("Fibre1000271_Cable0013", "Cable0013", 5005);
INSERT INTO Components(ComponentID, ParentID, ComponentTypeId) VALUES("Fibre1000272_Cable0013", "Cable0013", 5005);
INSERT INTO Components(ComponentID, ParentID, ComponentTypeId) VALUES("Fibre1000273_Cable0013", "Cable0013", 5005);
INSERT INTO Components(ComponentID, ParentID, ComponentTypeId) VALUES("Fibre1000274_Cable0013", "Cable0013", 5005);
INSERT INTO Components(ComponentID, ParentID, ComponentTypeId) VALUES("Fibre1000275_Cable0013", "Cable0013", 5005);
INSERT INTO Components(ComponentID, ParentID, ComponentTypeId) VALUES("Fibre1000276_Cable0013", "Cable0013", 5005);
INSERT INTO Components(ComponentID, ParentID, ComponentTypeId) VALUES("Fibre1000277_Cable0013", "Cable0013", 5005);
INSERT INTO Components(ComponentID, ParentID, ComponentTypeId) VALUES("Fibre1000278_Cable0013", "Cable0013", 5005);
INSERT INTO Components(ComponentID, ParentID, ComponentTypeId) VALUES("Fibre1000279_Cable0013", "Cable0013", 5005);
INSERT INTO Components(ComponentID, ParentID, ComponentTypeId) VALUES("Fibre1000280_Cable0013", "Cable0013", 5005);
INSERT INTO Components(ComponentID, ParentID, ComponentTypeId) VALUES("Fibre1000281_Cable0013", "Cable0013", 5005);
INSERT INTO Components(ComponentID, ParentID, ComponentTypeId) VALUES("Fibre1000282_Cable0013", "Cable0013", 5005);
INSERT INTO Components(ComponentID, ParentID, ComponentTypeId) VALUES("Fibre1000283_Cable0013", "Cable0013", 5005);
INSERT INTO Components(ComponentID, ParentID, ComponentTypeId) VALUES("Fibre1000284_Cable0013", "Cable0013", 5005);
INSERT INTO Components(ComponentID, ParentID, ComponentTypeId) VALUES("Fibre1000285_Cable0013", "Cable0013", 5005);
INSERT INTO Components(ComponentID, ParentID, ComponentTypeId) VALUES("Fibre1000286_Cable0013", "Cable0013", 5005);
INSERT INTO Components(ComponentID, ParentID, ComponentTypeId) VALUES("Fibre1000287_Cable0013", "Cable0013", 5005);
INSERT INTO Components(ComponentID, ParentID, ComponentTypeId) VALUES("Fibre1000288_Cable0013", "Cable0013", 5005);
INSERT INTO Components(ComponentID, ParentID, ComponentTypeId) VALUES("Fibre1000001_Cable30001", "Cable30001", 5005);
INSERT INTO Components(ComponentID, ParentID, ComponentTypeId) VALUES("Fibre1000002_Cable30001", "Cable30001", 5005);
INSERT INTO Components(ComponentID, ParentID, ComponentTypeId) VALUES("Fibre1000003_Cable30001", "Cable30001", 5005);
INSERT INTO Components(ComponentID, ParentID, ComponentTypeId) VALUES("Fibre1000004_Cable30001", "Cable30001", 5005);
INSERT INTO Components(ComponentID, ParentID, ComponentTypeId) VALUES("Fibre1000005_Cable30001", "Cable30001", 5005);
INSERT INTO Components(ComponentID, ParentID, ComponentTypeId) VALUES("Fibre1000006_Cable30001", "Cable30001", 5005);
INSERT INTO Components(ComponentID, ParentID, ComponentTypeId) VALUES("Fibre1000007_Cable30001", "Cable30001", 5005);
INSERT INTO Components(ComponentID, ParentID, ComponentTypeId) VALUES("Fibre1000008_Cable30001", "Cable30001", 5005);
INSERT INTO Components(ComponentID, ParentID, ComponentTypeId) VALUES("Fibre1000009_Cable30003", "Cable30003", 5005);
INSERT INTO Components(ComponentID, ParentID, ComponentTypeId) VALUES("Fibre1000010_Cable30003", "Cable30003", 5005);
INSERT INTO Components(ComponentID, ParentID, ComponentTypeId) VALUES("Fibre1000011_Cable30003", "Cable30003", 5005);
INSERT INTO Components(ComponentID, ParentID, ComponentTypeId) VALUES("Fibre1000012_Cable30003", "Cable30003", 5005);
INSERT INTO Components(ComponentID, ParentID, ComponentTypeId) VALUES("Fibre1000013_Cable30003", "Cable30003", 5005);
INSERT INTO Components(ComponentID, ParentID, ComponentTypeId) VALUES("Fibre1000014_Cable30003", "Cable30003", 5005);
INSERT INTO Components(ComponentID, ParentID, ComponentTypeId) VALUES("Fibre1000015_Cable30003", "Cable30003", 5005);
INSERT INTO Components(ComponentID, ParentID, ComponentTypeId) VALUES("Fibre1000016_Cable30003", "Cable30003", 5005);
INSERT INTO Components(ComponentID, ParentID, ComponentTypeId) VALUES("Fibre1000001_Cable30002", "Cable30002", 5005);
INSERT INTO Components(ComponentID, ParentID, ComponentTypeId) VALUES("Fibre1000002_Cable30002", "Cable30002", 5005);
INSERT INTO Components(ComponentID, ParentID, ComponentTypeId) VALUES("Fibre1000003_Cable30002", "Cable30002", 5005);
INSERT INTO Components(ComponentID, ParentID, ComponentTypeId) VALUES("Fibre1000004_Cable30002", "Cable30002", 5005);
INSERT INTO Components(ComponentID, ParentID, ComponentTypeId) VALUES("Fibre1000005_Cable30002", "Cable30002", 5005);
INSERT INTO Components(ComponentID, ParentID, ComponentTypeId) VALUES("Fibre1000006_Cable30002", "Cable30002", 5005);
INSERT INTO Components(ComponentID, ParentID, ComponentTypeId) VALUES("Fibre1000007_Cable30002", "Cable30002", 5005);
INSERT INTO Components(ComponentID, ParentID, ComponentTypeId) VALUES("Fibre1000008_Cable30002", "Cable30002", 5005);
INSERT INTO Components(ComponentID, ParentID, ComponentTypeId) VALUES("Fibre1000009_Cable30004", "Cable30004", 5005);
INSERT INTO Components(ComponentID, ParentID, ComponentTypeId) VALUES("Fibre1000010_Cable30004", "Cable30004", 5005);
INSERT INTO Components(ComponentID, ParentID, ComponentTypeId) VALUES("Fibre1000011_Cable30004", "Cable30004", 5005);
INSERT INTO Components(ComponentID, ParentID, ComponentTypeId) VALUES("Fibre1000012_Cable30004", "Cable30004", 5005);
INSERT INTO Components(ComponentID, ParentID, ComponentTypeId) VALUES("Fibre1000013_Cable30004", "Cable30004", 5005);
INSERT INTO Components(ComponentID, ParentID, ComponentTypeId) VALUES("Fibre1000014_Cable30004", "Cable30004", 5005);
INSERT INTO Components(ComponentID, ParentID, ComponentTypeId) VALUES("Fibre1000015_Cable30004", "Cable30004", 5005);
INSERT INTO Components(ComponentID, ParentID, ComponentTypeId) VALUES("Fibre1000016_Cable30004", "Cable30004", 5005);
INSERT INTO Successors VALUES("Fibre1000001_Cable0009","Fibre1000001_Cable0010");INSERT INTO Predecessors VALUES("Fibre1000001_Cable0010","Fibre1000001_Cable0009");
INSERT INTO Successors VALUES("Fibre1000001_Cable0010","Fibre1000001_Cable0011");INSERT INTO Predecessors VALUES("Fibre1000001_Cable0011","Fibre1000001_Cable0010");
INSERT INTO Successors VALUES("Fibre1000001_Cable0011","Fibre1000001_Cable30001");INSERT INTO Predecessors VALUES("Fibre1000001_Cable30001","Fibre1000001_Cable0011");
INSERT INTO Successors VALUES("Fibre1000001_Cable30001","Fibre1000001_Cable30002");INSERT INTO Predecessors VALUES("Fibre1000001_Cable30002","Fibre1000001_Cable30001");
INSERT INTO Successors VALUES("Fibre1000002_Cable0009","Fibre1000002_Cable0010");INSERT INTO Predecessors VALUES("Fibre1000002_Cable0010","Fibre1000002_Cable0009");
INSERT INTO Successors VALUES("Fibre1000002_Cable0010","Fibre1000002_Cable0011");INSERT INTO Predecessors VALUES("Fibre1000002_Cable0011","Fibre1000002_Cable0010");
INSERT INTO Successors VALUES("Fibre1000002_Cable0011","Fibre1000002_Cable30001");INSERT INTO Predecessors VALUES("Fibre1000002_Cable30001","Fibre1000002_Cable0011");
INSERT INTO Successors VALUES("Fibre1000002_Cable30001","Fibre1000002_Cable30002");INSERT INTO Predecessors VALUES("Fibre1000002_Cable30002","Fibre1000002_Cable30001");
INSERT INTO Successors VALUES("Fibre1000003_Cable0009","Fibre1000003_Cable0010");INSERT INTO Predecessors VALUES("Fibre1000003_Cable0010","Fibre1000003_Cable0009");
INSERT INTO Successors VALUES("Fibre1000003_Cable0010","Fibre1000003_Cable0011");INSERT INTO Predecessors VALUES("Fibre1000003_Cable0011","Fibre1000003_Cable0010");
INSERT INTO Successors VALUES("Fibre1000003_Cable0011","Fibre1000003_Cable30001");INSERT INTO Predecessors VALUES("Fibre1000003_Cable30001","Fibre1000003_Cable0011");
INSERT INTO Successors VALUES("Fibre1000003_Cable30001","Fibre1000003_Cable30002");INSERT INTO Predecessors VALUES("Fibre1000003_Cable30002","Fibre1000003_Cable30001");
INSERT INTO Successors VALUES("Fibre1000004_Cable0009","Fibre1000004_Cable0010");INSERT INTO Predecessors VALUES("Fibre1000004_Cable0010","Fibre1000004_Cable0009");
INSERT INTO Successors VALUES("Fibre1000004_Cable0010","Fibre1000004_Cable0011");INSERT INTO Predecessors VALUES("Fibre1000004_Cable0011","Fibre1000004_Cable0010");
INSERT INTO Successors VALUES("Fibre1000004_Cable0011","Fibre1000004_Cable30001");INSERT INTO Predecessors VALUES("Fibre1000004_Cable30001","Fibre1000004_Cable0011");
INSERT INTO Successors VALUES("Fibre1000004_Cable30001","Fibre1000004_Cable30002");INSERT INTO Predecessors VALUES("Fibre1000004_Cable30002","Fibre1000004_Cable30001");
INSERT INTO Successors VALUES("Fibre1000005_Cable0009","Fibre1000005_Cable0010");INSERT INTO Predecessors VALUES("Fibre1000005_Cable0010","Fibre1000005_Cable0009");
INSERT INTO Successors VALUES("Fibre1000005_Cable0010","Fibre1000005_Cable0011");INSERT INTO Predecessors VALUES("Fibre1000005_Cable0011","Fibre1000005_Cable0010");
INSERT INTO Successors VALUES("Fibre1000005_Cable0011","Fibre1000005_Cable30001");INSERT INTO Predecessors VALUES("Fibre1000005_Cable30001","Fibre1000005_Cable0011");
INSERT INTO Successors VALUES("Fibre1000005_Cable30001","Fibre1000005_Cable30002");INSERT INTO Predecessors VALUES("Fibre1000005_Cable30002","Fibre1000005_Cable30001");
INSERT INTO Successors VALUES("Fibre1000006_Cable0009","Fibre1000006_Cable0010");INSERT INTO Predecessors VALUES("Fibre1000006_Cable0010","Fibre1000006_Cable0009");
INSERT INTO Successors VALUES("Fibre1000006_Cable0010","Fibre1000006_Cable0011");INSERT INTO Predecessors VALUES("Fibre1000006_Cable0011","Fibre1000006_Cable0010");
INSERT INTO Successors VALUES("Fibre1000006_Cable0011","Fibre1000006_Cable30001");INSERT INTO Predecessors VALUES("Fibre1000006_Cable30001","Fibre1000006_Cable0011");
INSERT INTO Successors VALUES("Fibre1000006_Cable30001","Fibre1000006_Cable30002");INSERT INTO Predecessors VALUES("Fibre1000006_Cable30002","Fibre1000006_Cable30001");
INSERT INTO Successors VALUES("Fibre1000007_Cable0009","Fibre1000007_Cable0010");INSERT INTO Predecessors VALUES("Fibre1000007_Cable0010","Fibre1000007_Cable0009");
INSERT INTO Successors VALUES("Fibre1000007_Cable0010","Fibre1000007_Cable0011");INSERT INTO Predecessors VALUES("Fibre1000007_Cable0011","Fibre1000007_Cable0010");
INSERT INTO Successors VALUES("Fibre1000007_Cable0011","Fibre1000007_Cable30001");INSERT INTO Predecessors VALUES("Fibre1000007_Cable30001","Fibre1000007_Cable0011");
INSERT INTO Successors VALUES("Fibre1000007_Cable30001","Fibre1000007_Cable30002");INSERT INTO Predecessors VALUES("Fibre1000007_Cable30002","Fibre1000007_Cable30001");
INSERT INTO Successors VALUES("Fibre1000008_Cable0009","Fibre1000008_Cable0010");INSERT INTO Predecessors VALUES("Fibre1000008_Cable0010","Fibre1000008_Cable0009");
INSERT INTO Successors VALUES("Fibre1000008_Cable0010","Fibre1000008_Cable0011");INSERT INTO Predecessors VALUES("Fibre1000008_Cable0011","Fibre1000008_Cable0010");
INSERT INTO Successors VALUES("Fibre1000008_Cable0011","Fibre1000008_Cable30001");INSERT INTO Predecessors VALUES("Fibre1000008_Cable30001","Fibre1000008_Cable0011");
INSERT INTO Successors VALUES("Fibre1000008_Cable30001","Fibre1000008_Cable30002");INSERT INTO Predecessors VALUES("Fibre1000008_Cable30002","Fibre1000008_Cable30001");
INSERT INTO Successors VALUES("Fibre1000009_Cable0009","Fibre1000009_Cable0010");INSERT INTO Predecessors VALUES("Fibre1000009_Cable0010","Fibre1000009_Cable0009");
INSERT INTO Successors VALUES("Fibre1000009_Cable0010","Fibre1000009_Cable0011");INSERT INTO Predecessors VALUES("Fibre1000009_Cable0011","Fibre1000009_Cable0010");
INSERT INTO Successors VALUES("Fibre1000009_Cable0011","Fibre1000009_Cable30003");INSERT INTO Predecessors VALUES("Fibre1000009_Cable30003","Fibre1000009_Cable0011");
INSERT INTO Successors VALUES("Fibre1000009_Cable30003","Fibre1000009_Cable30004");INSERT INTO Predecessors VALUES("Fibre1000009_Cable30004","Fibre1000009_Cable30003");
INSERT INTO Successors VALUES("Fibre1000010_Cable0009","Fibre1000010_Cable0010");INSERT INTO Predecessors VALUES("Fibre1000010_Cable0010","Fibre1000010_Cable0009");
INSERT INTO Successors VALUES("Fibre1000010_Cable0010","Fibre1000010_Cable0011");INSERT INTO Predecessors VALUES("Fibre1000010_Cable0011","Fibre1000010_Cable0010");
INSERT INTO Successors VALUES("Fibre1000010_Cable0011","Fibre1000010_Cable30003");INSERT INTO Predecessors VALUES("Fibre1000010_Cable30003","Fibre1000010_Cable0011");
INSERT INTO Successors VALUES("Fibre1000010_Cable30003","Fibre1000010_Cable30004");INSERT INTO Predecessors VALUES("Fibre1000010_Cable30004","Fibre1000010_Cable30003");
INSERT INTO Successors VALUES("Fibre1000011_Cable0009","Fibre1000011_Cable0010");INSERT INTO Predecessors VALUES("Fibre1000011_Cable0010","Fibre1000011_Cable0009");
INSERT INTO Successors VALUES("Fibre1000011_Cable0010","Fibre1000011_Cable0011");INSERT INTO Predecessors VALUES("Fibre1000011_Cable0011","Fibre1000011_Cable0010");
INSERT INTO Successors VALUES("Fibre1000011_Cable0011","Fibre1000011_Cable30003");INSERT INTO Predecessors VALUES("Fibre1000011_Cable30003","Fibre1000011_Cable0011");
INSERT INTO Successors VALUES("Fibre1000011_Cable30003","Fibre1000011_Cable30004");INSERT INTO Predecessors VALUES("Fibre1000011_Cable30004","Fibre1000011_Cable30003");
INSERT INTO Successors VALUES("Fibre1000012_Cable0009","Fibre1000012_Cable0010");INSERT INTO Predecessors VALUES("Fibre1000012_Cable0010","Fibre1000012_Cable0009");
INSERT INTO Successors VALUES("Fibre1000012_Cable0010","Fibre1000012_Cable0011");INSERT INTO Predecessors VALUES("Fibre1000012_Cable0011","Fibre1000012_Cable0010");
INSERT INTO Successors VALUES("Fibre1000012_Cable0011","Fibre1000012_Cable30003");INSERT INTO Predecessors VALUES("Fibre1000012_Cable30003","Fibre1000012_Cable0011");
INSERT INTO Successors VALUES("Fibre1000012_Cable30003","Fibre1000012_Cable30004");INSERT INTO Predecessors VALUES("Fibre1000012_Cable30004","Fibre1000012_Cable30003");
INSERT INTO Successors VALUES("Fibre1000013_Cable0009","Fibre1000013_Cable0010");INSERT INTO Predecessors VALUES("Fibre1000013_Cable0010","Fibre1000013_Cable0009");
INSERT INTO Successors VALUES("Fibre1000013_Cable0010","Fibre1000013_Cable0011");INSERT INTO Predecessors VALUES("Fibre1000013_Cable0011","Fibre1000013_Cable0010");
INSERT INTO Successors VALUES("Fibre1000013_Cable0011","Fibre1000013_Cable30003");INSERT INTO Predecessors VALUES("Fibre1000013_Cable30003","Fibre1000013_Cable0011");
INSERT INTO Successors VALUES("Fibre1000013_Cable30003","Fibre1000013_Cable30004");INSERT INTO Predecessors VALUES("Fibre1000013_Cable30004","Fibre1000013_Cable30003");
INSERT INTO Successors VALUES("Fibre1000014_Cable0009","Fibre1000014_Cable0010");INSERT INTO Predecessors VALUES("Fibre1000014_Cable0010","Fibre1000014_Cable0009");
INSERT INTO Successors VALUES("Fibre1000014_Cable0010","Fibre1000014_Cable0011");INSERT INTO Predecessors VALUES("Fibre1000014_Cable0011","Fibre1000014_Cable0010");
INSERT INTO Successors VALUES("Fibre1000014_Cable0011","Fibre1000014_Cable30003");INSERT INTO Predecessors VALUES("Fibre1000014_Cable30003","Fibre1000014_Cable0011");
INSERT INTO Successors VALUES("Fibre1000014_Cable30003","Fibre1000014_Cable30004");INSERT INTO Predecessors VALUES("Fibre1000014_Cable30004","Fibre1000014_Cable30003");
INSERT INTO Successors VALUES("Fibre1000015_Cable0009","Fibre1000015_Cable0010");INSERT INTO Predecessors VALUES("Fibre1000015_Cable0010","Fibre1000015_Cable0009");
INSERT INTO Successors VALUES("Fibre1000015_Cable0010","Fibre1000015_Cable0011");INSERT INTO Predecessors VALUES("Fibre1000015_Cable0011","Fibre1000015_Cable0010");
INSERT INTO Successors VALUES("Fibre1000015_Cable0011","Fibre1000015_Cable30003");INSERT INTO Predecessors VALUES("Fibre1000015_Cable30003","Fibre1000015_Cable0011");
INSERT INTO Successors VALUES("Fibre1000015_Cable30003","Fibre1000015_Cable30004");INSERT INTO Predecessors VALUES("Fibre1000015_Cable30004","Fibre1000015_Cable30003");
INSERT INTO Successors VALUES("Fibre1000016_Cable0009","Fibre1000016_Cable0010");INSERT INTO Predecessors VALUES("Fibre1000016_Cable0010","Fibre1000016_Cable0009");
INSERT INTO Successors VALUES("Fibre1000016_Cable0010","Fibre1000016_Cable0011");INSERT INTO Predecessors VALUES("Fibre1000016_Cable0011","Fibre1000016_Cable0010");
INSERT INTO Successors VALUES("Fibre1000016_Cable0011","Fibre1000016_Cable30003");INSERT INTO Predecessors VALUES("Fibre1000016_Cable30003","Fibre1000016_Cable0011");
INSERT INTO Successors VALUES("Fibre1000016_Cable30003","Fibre1000016_Cable30004");INSERT INTO Predecessors VALUES("Fibre1000016_Cable30004","Fibre1000016_Cable30003");
INSERT INTO Successors VALUES("Fibre1000017_Cable0009","Fibre1000017_Cable0010");INSERT INTO Predecessors VALUES("Fibre1000017_Cable0010","Fibre1000017_Cable0009");
INSERT INTO Successors VALUES("Fibre1000017_Cable0010","Fibre1000017_Cable0011");INSERT INTO Predecessors VALUES("Fibre1000017_Cable0011","Fibre1000017_Cable0010");
INSERT INTO Successors VALUES("Fibre1000018_Cable0009","Fibre1000018_Cable0010");INSERT INTO Predecessors VALUES("Fibre1000018_Cable0010","Fibre1000018_Cable0009");
INSERT INTO Successors VALUES("Fibre1000018_Cable0010","Fibre1000018_Cable0011");INSERT INTO Predecessors VALUES("Fibre1000018_Cable0011","Fibre1000018_Cable0010");
INSERT INTO Successors VALUES("Fibre1000019_Cable0009","Fibre1000019_Cable0010");INSERT INTO Predecessors VALUES("Fibre1000019_Cable0010","Fibre1000019_Cable0009");
INSERT INTO Successors VALUES("Fibre1000019_Cable0010","Fibre1000019_Cable0011");INSERT INTO Predecessors VALUES("Fibre1000019_Cable0011","Fibre1000019_Cable0010");
INSERT INTO Successors VALUES("Fibre1000020_Cable0009","Fibre1000020_Cable0010");INSERT INTO Predecessors VALUES("Fibre1000020_Cable0010","Fibre1000020_Cable0009");
INSERT INTO Successors VALUES("Fibre1000020_Cable0010","Fibre1000020_Cable0011");INSERT INTO Predecessors VALUES("Fibre1000020_Cable0011","Fibre1000020_Cable0010");
INSERT INTO Successors VALUES("Fibre1000021_Cable0009","Fibre1000021_Cable0010");INSERT INTO Predecessors VALUES("Fibre1000021_Cable0010","Fibre1000021_Cable0009");
INSERT INTO Successors VALUES("Fibre1000021_Cable0010","Fibre1000021_Cable0011");INSERT INTO Predecessors VALUES("Fibre1000021_Cable0011","Fibre1000021_Cable0010");
INSERT INTO Successors VALUES("Fibre1000022_Cable0009","Fibre1000022_Cable0010");INSERT INTO Predecessors VALUES("Fibre1000022_Cable0010","Fibre1000022_Cable0009");
INSERT INTO Successors VALUES("Fibre1000022_Cable0010","Fibre1000022_Cable0011");INSERT INTO Predecessors VALUES("Fibre1000022_Cable0011","Fibre1000022_Cable0010");
INSERT INTO Successors VALUES("Fibre1000023_Cable0009","Fibre1000023_Cable0010");INSERT INTO Predecessors VALUES("Fibre1000023_Cable0010","Fibre1000023_Cable0009");
INSERT INTO Successors VALUES("Fibre1000023_Cable0010","Fibre1000023_Cable0011");INSERT INTO Predecessors VALUES("Fibre1000023_Cable0011","Fibre1000023_Cable0010");
INSERT INTO Successors VALUES("Fibre1000024_Cable0009","Fibre1000024_Cable0010");INSERT INTO Predecessors VALUES("Fibre1000024_Cable0010","Fibre1000024_Cable0009");
INSERT INTO Successors VALUES("Fibre1000024_Cable0010","Fibre1000024_Cable0011");INSERT INTO Predecessors VALUES("Fibre1000024_Cable0011","Fibre1000024_Cable0010");
INSERT INTO Successors VALUES("Fibre1000025_Cable0009","Fibre1000025_Cable0010");INSERT INTO Predecessors VALUES("Fibre1000025_Cable0010","Fibre1000025_Cable0009");
INSERT INTO Successors VALUES("Fibre1000025_Cable0010","Fibre1000025_Cable0011");INSERT INTO Predecessors VALUES("Fibre1000025_Cable0011","Fibre1000025_Cable0010");
INSERT INTO Successors VALUES("Fibre1000026_Cable0009","Fibre1000026_Cable0010");INSERT INTO Predecessors VALUES("Fibre1000026_Cable0010","Fibre1000026_Cable0009");
INSERT INTO Successors VALUES("Fibre1000026_Cable0010","Fibre1000026_Cable0011");INSERT INTO Predecessors VALUES("Fibre1000026_Cable0011","Fibre1000026_Cable0010");
INSERT INTO Successors VALUES("Fibre1000027_Cable0009","Fibre1000027_Cable0010");INSERT INTO Predecessors VALUES("Fibre1000027_Cable0010","Fibre1000027_Cable0009");
INSERT INTO Successors VALUES("Fibre1000027_Cable0010","Fibre1000027_Cable0011");INSERT INTO Predecessors VALUES("Fibre1000027_Cable0011","Fibre1000027_Cable0010");
INSERT INTO Successors VALUES("Fibre1000028_Cable0009","Fibre1000028_Cable0010");INSERT INTO Predecessors VALUES("Fibre1000028_Cable0010","Fibre1000028_Cable0009");
INSERT INTO Successors VALUES("Fibre1000028_Cable0010","Fibre1000028_Cable0011");INSERT INTO Predecessors VALUES("Fibre1000028_Cable0011","Fibre1000028_Cable0010");
INSERT INTO Successors VALUES("Fibre1000029_Cable0009","Fibre1000029_Cable0010");INSERT INTO Predecessors VALUES("Fibre1000029_Cable0010","Fibre1000029_Cable0009");
INSERT INTO Successors VALUES("Fibre1000029_Cable0010","Fibre1000029_Cable0011");INSERT INTO Predecessors VALUES("Fibre1000029_Cable0011","Fibre1000029_Cable0010");
INSERT INTO Successors VALUES("Fibre1000030_Cable0009","Fibre1000030_Cable0010");INSERT INTO Predecessors VALUES("Fibre1000030_Cable0010","Fibre1000030_Cable0009");
INSERT INTO Successors VALUES("Fibre1000030_Cable0010","Fibre1000030_Cable0011");INSERT INTO Predecessors VALUES("Fibre1000030_Cable0011","Fibre1000030_Cable0010");
INSERT INTO Successors VALUES("Fibre1000031_Cable0009","Fibre1000031_Cable0010");INSERT INTO Predecessors VALUES("Fibre1000031_Cable0010","Fibre1000031_Cable0009");
INSERT INTO Successors VALUES("Fibre1000031_Cable0010","Fibre1000031_Cable0011");INSERT INTO Predecessors VALUES("Fibre1000031_Cable0011","Fibre1000031_Cable0010");
INSERT INTO Successors VALUES("Fibre1000032_Cable0009","Fibre1000032_Cable0010");INSERT INTO Predecessors VALUES("Fibre1000032_Cable0010","Fibre1000032_Cable0009");
INSERT INTO Successors VALUES("Fibre1000032_Cable0010","Fibre1000032_Cable0011");INSERT INTO Predecessors VALUES("Fibre1000032_Cable0011","Fibre1000032_Cable0010");
INSERT INTO Successors VALUES("Fibre1000033_Cable0009","Fibre1000033_Cable0010");INSERT INTO Predecessors VALUES("Fibre1000033_Cable0010","Fibre1000033_Cable0009");
INSERT INTO Successors VALUES("Fibre1000033_Cable0010","Fibre1000033_Cable0011");INSERT INTO Predecessors VALUES("Fibre1000033_Cable0011","Fibre1000033_Cable0010");
INSERT INTO Successors VALUES("Fibre1000034_Cable0009","Fibre1000034_Cable0010");INSERT INTO Predecessors VALUES("Fibre1000034_Cable0010","Fibre1000034_Cable0009");
INSERT INTO Successors VALUES("Fibre1000034_Cable0010","Fibre1000034_Cable0011");INSERT INTO Predecessors VALUES("Fibre1000034_Cable0011","Fibre1000034_Cable0010");
INSERT INTO Successors VALUES("Fibre1000035_Cable0009","Fibre1000035_Cable0010");INSERT INTO Predecessors VALUES("Fibre1000035_Cable0010","Fibre1000035_Cable0009");
INSERT INTO Successors VALUES("Fibre1000035_Cable0010","Fibre1000035_Cable0011");INSERT INTO Predecessors VALUES("Fibre1000035_Cable0011","Fibre1000035_Cable0010");
INSERT INTO Successors VALUES("Fibre1000036_Cable0009","Fibre1000036_Cable0010");INSERT INTO Predecessors VALUES("Fibre1000036_Cable0010","Fibre1000036_Cable0009");
INSERT INTO Successors VALUES("Fibre1000036_Cable0010","Fibre1000036_Cable0011");INSERT INTO Predecessors VALUES("Fibre1000036_Cable0011","Fibre1000036_Cable0010");
INSERT INTO Successors VALUES("Fibre1000037_Cable0009","Fibre1000037_Cable0010");INSERT INTO Predecessors VALUES("Fibre1000037_Cable0010","Fibre1000037_Cable0009");
INSERT INTO Successors VALUES("Fibre1000037_Cable0010","Fibre1000037_Cable0011");INSERT INTO Predecessors VALUES("Fibre1000037_Cable0011","Fibre1000037_Cable0010");
INSERT INTO Successors VALUES("Fibre1000038_Cable0009","Fibre1000038_Cable0010");INSERT INTO Predecessors VALUES("Fibre1000038_Cable0010","Fibre1000038_Cable0009");
INSERT INTO Successors VALUES("Fibre1000038_Cable0010","Fibre1000038_Cable0011");INSERT INTO Predecessors VALUES("Fibre1000038_Cable0011","Fibre1000038_Cable0010");
INSERT INTO Successors VALUES("Fibre1000039_Cable0009","Fibre1000039_Cable0010");INSERT INTO Predecessors VALUES("Fibre1000039_Cable0010","Fibre1000039_Cable0009");
INSERT INTO Successors VALUES("Fibre1000039_Cable0010","Fibre1000039_Cable0011");INSERT INTO Predecessors VALUES("Fibre1000039_Cable0011","Fibre1000039_Cable0010");
INSERT INTO Successors VALUES("Fibre1000040_Cable0009","Fibre1000040_Cable0010");INSERT INTO Predecessors VALUES("Fibre1000040_Cable0010","Fibre1000040_Cable0009");
INSERT INTO Successors VALUES("Fibre1000040_Cable0010","Fibre1000040_Cable0011");INSERT INTO Predecessors VALUES("Fibre1000040_Cable0011","Fibre1000040_Cable0010");
INSERT INTO Successors VALUES("Fibre1000041_Cable0009","Fibre1000041_Cable0010");INSERT INTO Predecessors VALUES("Fibre1000041_Cable0010","Fibre1000041_Cable0009");
INSERT INTO Successors VALUES("Fibre1000041_Cable0010","Fibre1000041_Cable0011");INSERT INTO Predecessors VALUES("Fibre1000041_Cable0011","Fibre1000041_Cable0010");
INSERT INTO Successors VALUES("Fibre1000042_Cable0009","Fibre1000042_Cable0010");INSERT INTO Predecessors VALUES("Fibre1000042_Cable0010","Fibre1000042_Cable0009");
INSERT INTO Successors VALUES("Fibre1000042_Cable0010","Fibre1000042_Cable0011");INSERT INTO Predecessors VALUES("Fibre1000042_Cable0011","Fibre1000042_Cable0010");
INSERT INTO Successors VALUES("Fibre1000043_Cable0009","Fibre1000043_Cable0010");INSERT INTO Predecessors VALUES("Fibre1000043_Cable0010","Fibre1000043_Cable0009");
INSERT INTO Successors VALUES("Fibre1000043_Cable0010","Fibre1000043_Cable0011");INSERT INTO Predecessors VALUES("Fibre1000043_Cable0011","Fibre1000043_Cable0010");
INSERT INTO Successors VALUES("Fibre1000044_Cable0009","Fibre1000044_Cable0010");INSERT INTO Predecessors VALUES("Fibre1000044_Cable0010","Fibre1000044_Cable0009");
INSERT INTO Successors VALUES("Fibre1000044_Cable0010","Fibre1000044_Cable0011");INSERT INTO Predecessors VALUES("Fibre1000044_Cable0011","Fibre1000044_Cable0010");
INSERT INTO Successors VALUES("Fibre1000045_Cable0009","Fibre1000045_Cable0010");INSERT INTO Predecessors VALUES("Fibre1000045_Cable0010","Fibre1000045_Cable0009");
INSERT INTO Successors VALUES("Fibre1000045_Cable0010","Fibre1000045_Cable0011");INSERT INTO Predecessors VALUES("Fibre1000045_Cable0011","Fibre1000045_Cable0010");
INSERT INTO Successors VALUES("Fibre1000046_Cable0009","Fibre1000046_Cable0010");INSERT INTO Predecessors VALUES("Fibre1000046_Cable0010","Fibre1000046_Cable0009");
INSERT INTO Successors VALUES("Fibre1000046_Cable0010","Fibre1000046_Cable0011");INSERT INTO Predecessors VALUES("Fibre1000046_Cable0011","Fibre1000046_Cable0010");
INSERT INTO Successors VALUES("Fibre1000047_Cable0009","Fibre1000047_Cable0010");INSERT INTO Predecessors VALUES("Fibre1000047_Cable0010","Fibre1000047_Cable0009");
INSERT INTO Successors VALUES("Fibre1000047_Cable0010","Fibre1000047_Cable0011");INSERT INTO Predecessors VALUES("Fibre1000047_Cable0011","Fibre1000047_Cable0010");
INSERT INTO Successors VALUES("Fibre1000048_Cable0009","Fibre1000048_Cable0010");INSERT INTO Predecessors VALUES("Fibre1000048_Cable0010","Fibre1000048_Cable0009");
INSERT INTO Successors VALUES("Fibre1000048_Cable0010","Fibre1000048_Cable0011");INSERT INTO Predecessors VALUES("Fibre1000048_Cable0011","Fibre1000048_Cable0010");
INSERT INTO Successors VALUES("Fibre1000049_Cable0009","Fibre1000049_Cable0010");INSERT INTO Predecessors VALUES("Fibre1000049_Cable0010","Fibre1000049_Cable0009");
INSERT INTO Successors VALUES("Fibre1000049_Cable0010","Fibre1000049_Cable0011");INSERT INTO Predecessors VALUES("Fibre1000049_Cable0011","Fibre1000049_Cable0010");
INSERT INTO Successors VALUES("Fibre1000050_Cable0009","Fibre1000050_Cable0010");INSERT INTO Predecessors VALUES("Fibre1000050_Cable0010","Fibre1000050_Cable0009");
INSERT INTO Successors VALUES("Fibre1000050_Cable0010","Fibre1000050_Cable0011");INSERT INTO Predecessors VALUES("Fibre1000050_Cable0011","Fibre1000050_Cable0010");
INSERT INTO Successors VALUES("Fibre1000051_Cable0009","Fibre1000051_Cable0010");INSERT INTO Predecessors VALUES("Fibre1000051_Cable0010","Fibre1000051_Cable0009");
INSERT INTO Successors VALUES("Fibre1000051_Cable0010","Fibre1000051_Cable0011");INSERT INTO Predecessors VALUES("Fibre1000051_Cable0011","Fibre1000051_Cable0010");
INSERT INTO Successors VALUES("Fibre1000052_Cable0009","Fibre1000052_Cable0010");INSERT INTO Predecessors VALUES("Fibre1000052_Cable0010","Fibre1000052_Cable0009");
INSERT INTO Successors VALUES("Fibre1000052_Cable0010","Fibre1000052_Cable0011");INSERT INTO Predecessors VALUES("Fibre1000052_Cable0011","Fibre1000052_Cable0010");
INSERT INTO Successors VALUES("Fibre1000053_Cable0009","Fibre1000053_Cable0010");INSERT INTO Predecessors VALUES("Fibre1000053_Cable0010","Fibre1000053_Cable0009");
INSERT INTO Successors VALUES("Fibre1000053_Cable0010","Fibre1000053_Cable0011");INSERT INTO Predecessors VALUES("Fibre1000053_Cable0011","Fibre1000053_Cable0010");
INSERT INTO Successors VALUES("Fibre1000054_Cable0009","Fibre1000054_Cable0010");INSERT INTO Predecessors VALUES("Fibre1000054_Cable0010","Fibre1000054_Cable0009");
INSERT INTO Successors VALUES("Fibre1000054_Cable0010","Fibre1000054_Cable0011");INSERT INTO Predecessors VALUES("Fibre1000054_Cable0011","Fibre1000054_Cable0010");
INSERT INTO Successors VALUES("Fibre1000055_Cable0009","Fibre1000055_Cable0010");INSERT INTO Predecessors VALUES("Fibre1000055_Cable0010","Fibre1000055_Cable0009");
INSERT INTO Successors VALUES("Fibre1000055_Cable0010","Fibre1000055_Cable0011");INSERT INTO Predecessors VALUES("Fibre1000055_Cable0011","Fibre1000055_Cable0010");
INSERT INTO Successors VALUES("Fibre1000056_Cable0009","Fibre1000056_Cable0010");INSERT INTO Predecessors VALUES("Fibre1000056_Cable0010","Fibre1000056_Cable0009");
INSERT INTO Successors VALUES("Fibre1000056_Cable0010","Fibre1000056_Cable0011");INSERT INTO Predecessors VALUES("Fibre1000056_Cable0011","Fibre1000056_Cable0010");
INSERT INTO Successors VALUES("Fibre1000057_Cable0009","Fibre1000057_Cable0010");INSERT INTO Predecessors VALUES("Fibre1000057_Cable0010","Fibre1000057_Cable0009");
INSERT INTO Successors VALUES("Fibre1000057_Cable0010","Fibre1000057_Cable0011");INSERT INTO Predecessors VALUES("Fibre1000057_Cable0011","Fibre1000057_Cable0010");
INSERT INTO Successors VALUES("Fibre1000058_Cable0009","Fibre1000058_Cable0010");INSERT INTO Predecessors VALUES("Fibre1000058_Cable0010","Fibre1000058_Cable0009");
INSERT INTO Successors VALUES("Fibre1000058_Cable0010","Fibre1000058_Cable0011");INSERT INTO Predecessors VALUES("Fibre1000058_Cable0011","Fibre1000058_Cable0010");
INSERT INTO Successors VALUES("Fibre1000059_Cable0009","Fibre1000059_Cable0010");INSERT INTO Predecessors VALUES("Fibre1000059_Cable0010","Fibre1000059_Cable0009");
INSERT INTO Successors VALUES("Fibre1000059_Cable0010","Fibre1000059_Cable0011");INSERT INTO Predecessors VALUES("Fibre1000059_Cable0011","Fibre1000059_Cable0010");
INSERT INTO Successors VALUES("Fibre1000060_Cable0009","Fibre1000060_Cable0010");INSERT INTO Predecessors VALUES("Fibre1000060_Cable0010","Fibre1000060_Cable0009");
INSERT INTO Successors VALUES("Fibre1000060_Cable0010","Fibre1000060_Cable0011");INSERT INTO Predecessors VALUES("Fibre1000060_Cable0011","Fibre1000060_Cable0010");
INSERT INTO Successors VALUES("Fibre1000061_Cable0009","Fibre1000061_Cable0010");INSERT INTO Predecessors VALUES("Fibre1000061_Cable0010","Fibre1000061_Cable0009");
INSERT INTO Successors VALUES("Fibre1000061_Cable0010","Fibre1000061_Cable0011");INSERT INTO Predecessors VALUES("Fibre1000061_Cable0011","Fibre1000061_Cable0010");
INSERT INTO Successors VALUES("Fibre1000062_Cable0009","Fibre1000062_Cable0010");INSERT INTO Predecessors VALUES("Fibre1000062_Cable0010","Fibre1000062_Cable0009");
INSERT INTO Successors VALUES("Fibre1000062_Cable0010","Fibre1000062_Cable0011");INSERT INTO Predecessors VALUES("Fibre1000062_Cable0011","Fibre1000062_Cable0010");
INSERT INTO Successors VALUES("Fibre1000063_Cable0009","Fibre1000063_Cable0010");INSERT INTO Predecessors VALUES("Fibre1000063_Cable0010","Fibre1000063_Cable0009");
INSERT INTO Successors VALUES("Fibre1000063_Cable0010","Fibre1000063_Cable0011");INSERT INTO Predecessors VALUES("Fibre1000063_Cable0011","Fibre1000063_Cable0010");
INSERT INTO Successors VALUES("Fibre1000064_Cable0009","Fibre1000064_Cable0010");INSERT INTO Predecessors VALUES("Fibre1000064_Cable0010","Fibre1000064_Cable0009");
INSERT INTO Successors VALUES("Fibre1000064_Cable0010","Fibre1000064_Cable0011");INSERT INTO Predecessors VALUES("Fibre1000064_Cable0011","Fibre1000064_Cable0010");
INSERT INTO Successors VALUES("Fibre1000065_Cable0009","Fibre1000065_Cable0010");INSERT INTO Predecessors VALUES("Fibre1000065_Cable0010","Fibre1000065_Cable0009");
INSERT INTO Successors VALUES("Fibre1000065_Cable0010","Fibre1000065_Cable0011");INSERT INTO Predecessors VALUES("Fibre1000065_Cable0011","Fibre1000065_Cable0010");
INSERT INTO Successors VALUES("Fibre1000066_Cable0009","Fibre1000066_Cable0010");INSERT INTO Predecessors VALUES("Fibre1000066_Cable0010","Fibre1000066_Cable0009");
INSERT INTO Successors VALUES("Fibre1000066_Cable0010","Fibre1000066_Cable0011");INSERT INTO Predecessors VALUES("Fibre1000066_Cable0011","Fibre1000066_Cable0010");
INSERT INTO Successors VALUES("Fibre1000067_Cable0009","Fibre1000067_Cable0010");INSERT INTO Predecessors VALUES("Fibre1000067_Cable0010","Fibre1000067_Cable0009");
INSERT INTO Successors VALUES("Fibre1000067_Cable0010","Fibre1000067_Cable0011");INSERT INTO Predecessors VALUES("Fibre1000067_Cable0011","Fibre1000067_Cable0010");
INSERT INTO Successors VALUES("Fibre1000068_Cable0009","Fibre1000068_Cable0010");INSERT INTO Predecessors VALUES("Fibre1000068_Cable0010","Fibre1000068_Cable0009");
INSERT INTO Successors VALUES("Fibre1000068_Cable0010","Fibre1000068_Cable0011");INSERT INTO Predecessors VALUES("Fibre1000068_Cable0011","Fibre1000068_Cable0010");
INSERT INTO Successors VALUES("Fibre1000069_Cable0009","Fibre1000069_Cable0010");INSERT INTO Predecessors VALUES("Fibre1000069_Cable0010","Fibre1000069_Cable0009");
INSERT INTO Successors VALUES("Fibre1000069_Cable0010","Fibre1000069_Cable0011");INSERT INTO Predecessors VALUES("Fibre1000069_Cable0011","Fibre1000069_Cable0010");
INSERT INTO Successors VALUES("Fibre1000070_Cable0009","Fibre1000070_Cable0010");INSERT INTO Predecessors VALUES("Fibre1000070_Cable0010","Fibre1000070_Cable0009");
INSERT INTO Successors VALUES("Fibre1000070_Cable0010","Fibre1000070_Cable0011");INSERT INTO Predecessors VALUES("Fibre1000070_Cable0011","Fibre1000070_Cable0010");
INSERT INTO Successors VALUES("Fibre1000071_Cable0009","Fibre1000071_Cable0010");INSERT INTO Predecessors VALUES("Fibre1000071_Cable0010","Fibre1000071_Cable0009");
INSERT INTO Successors VALUES("Fibre1000071_Cable0010","Fibre1000071_Cable0011");INSERT INTO Predecessors VALUES("Fibre1000071_Cable0011","Fibre1000071_Cable0010");
INSERT INTO Successors VALUES("Fibre1000072_Cable0009","Fibre1000072_Cable0010");INSERT INTO Predecessors VALUES("Fibre1000072_Cable0010","Fibre1000072_Cable0009");
INSERT INTO Successors VALUES("Fibre1000072_Cable0010","Fibre1000072_Cable0011");INSERT INTO Predecessors VALUES("Fibre1000072_Cable0011","Fibre1000072_Cable0010");
INSERT INTO Successors VALUES("Fibre1000073_Cable0009","Fibre1000073_Cable0010");INSERT INTO Predecessors VALUES("Fibre1000073_Cable0010","Fibre1000073_Cable0009");
INSERT INTO Successors VALUES("Fibre1000073_Cable0010","Fibre1000073_Cable0011");INSERT INTO Predecessors VALUES("Fibre1000073_Cable0011","Fibre1000073_Cable0010");
INSERT INTO Successors VALUES("Fibre1000074_Cable0009","Fibre1000074_Cable0010");INSERT INTO Predecessors VALUES("Fibre1000074_Cable0010","Fibre1000074_Cable0009");
INSERT INTO Successors VALUES("Fibre1000074_Cable0010","Fibre1000074_Cable0011");INSERT INTO Predecessors VALUES("Fibre1000074_Cable0011","Fibre1000074_Cable0010");
INSERT INTO Successors VALUES("Fibre1000075_Cable0009","Fibre1000075_Cable0010");INSERT INTO Predecessors VALUES("Fibre1000075_Cable0010","Fibre1000075_Cable0009");
INSERT INTO Successors VALUES("Fibre1000075_Cable0010","Fibre1000075_Cable0011");INSERT INTO Predecessors VALUES("Fibre1000075_Cable0011","Fibre1000075_Cable0010");
INSERT INTO Successors VALUES("Fibre1000076_Cable0009","Fibre1000076_Cable0010");INSERT INTO Predecessors VALUES("Fibre1000076_Cable0010","Fibre1000076_Cable0009");
INSERT INTO Successors VALUES("Fibre1000076_Cable0010","Fibre1000076_Cable0011");INSERT INTO Predecessors VALUES("Fibre1000076_Cable0011","Fibre1000076_Cable0010");
INSERT INTO Successors VALUES("Fibre1000077_Cable0009","Fibre1000077_Cable0010");INSERT INTO Predecessors VALUES("Fibre1000077_Cable0010","Fibre1000077_Cable0009");
INSERT INTO Successors VALUES("Fibre1000077_Cable0010","Fibre1000077_Cable0011");INSERT INTO Predecessors VALUES("Fibre1000077_Cable0011","Fibre1000077_Cable0010");
INSERT INTO Successors VALUES("Fibre1000078_Cable0009","Fibre1000078_Cable0010");INSERT INTO Predecessors VALUES("Fibre1000078_Cable0010","Fibre1000078_Cable0009");
INSERT INTO Successors VALUES("Fibre1000078_Cable0010","Fibre1000078_Cable0011");INSERT INTO Predecessors VALUES("Fibre1000078_Cable0011","Fibre1000078_Cable0010");
INSERT INTO Successors VALUES("Fibre1000079_Cable0009","Fibre1000079_Cable0010");INSERT INTO Predecessors VALUES("Fibre1000079_Cable0010","Fibre1000079_Cable0009");
INSERT INTO Successors VALUES("Fibre1000079_Cable0010","Fibre1000079_Cable0011");INSERT INTO Predecessors VALUES("Fibre1000079_Cable0011","Fibre1000079_Cable0010");
INSERT INTO Successors VALUES("Fibre1000080_Cable0009","Fibre1000080_Cable0010");INSERT INTO Predecessors VALUES("Fibre1000080_Cable0010","Fibre1000080_Cable0009");
INSERT INTO Successors VALUES("Fibre1000080_Cable0010","Fibre1000080_Cable0011");INSERT INTO Predecessors VALUES("Fibre1000080_Cable0011","Fibre1000080_Cable0010");
INSERT INTO Successors VALUES("Fibre1000081_Cable0009","Fibre1000081_Cable0010");INSERT INTO Predecessors VALUES("Fibre1000081_Cable0010","Fibre1000081_Cable0009");
INSERT INTO Successors VALUES("Fibre1000081_Cable0010","Fibre1000081_Cable0011");INSERT INTO Predecessors VALUES("Fibre1000081_Cable0011","Fibre1000081_Cable0010");
INSERT INTO Successors VALUES("Fibre1000082_Cable0009","Fibre1000082_Cable0010");INSERT INTO Predecessors VALUES("Fibre1000082_Cable0010","Fibre1000082_Cable0009");
INSERT INTO Successors VALUES("Fibre1000082_Cable0010","Fibre1000082_Cable0011");INSERT INTO Predecessors VALUES("Fibre1000082_Cable0011","Fibre1000082_Cable0010");
INSERT INTO Successors VALUES("Fibre1000083_Cable0009","Fibre1000083_Cable0010");INSERT INTO Predecessors VALUES("Fibre1000083_Cable0010","Fibre1000083_Cable0009");
INSERT INTO Successors VALUES("Fibre1000083_Cable0010","Fibre1000083_Cable0011");INSERT INTO Predecessors VALUES("Fibre1000083_Cable0011","Fibre1000083_Cable0010");
INSERT INTO Successors VALUES("Fibre1000084_Cable0009","Fibre1000084_Cable0010");INSERT INTO Predecessors VALUES("Fibre1000084_Cable0010","Fibre1000084_Cable0009");
INSERT INTO Successors VALUES("Fibre1000084_Cable0010","Fibre1000084_Cable0011");INSERT INTO Predecessors VALUES("Fibre1000084_Cable0011","Fibre1000084_Cable0010");
INSERT INTO Successors VALUES("Fibre1000085_Cable0009","Fibre1000085_Cable0010");INSERT INTO Predecessors VALUES("Fibre1000085_Cable0010","Fibre1000085_Cable0009");
INSERT INTO Successors VALUES("Fibre1000085_Cable0010","Fibre1000085_Cable0011");INSERT INTO Predecessors VALUES("Fibre1000085_Cable0011","Fibre1000085_Cable0010");
INSERT INTO Successors VALUES("Fibre1000086_Cable0009","Fibre1000086_Cable0010");INSERT INTO Predecessors VALUES("Fibre1000086_Cable0010","Fibre1000086_Cable0009");
INSERT INTO Successors VALUES("Fibre1000086_Cable0010","Fibre1000086_Cable0011");INSERT INTO Predecessors VALUES("Fibre1000086_Cable0011","Fibre1000086_Cable0010");
INSERT INTO Successors VALUES("Fibre1000087_Cable0009","Fibre1000087_Cable0010");INSERT INTO Predecessors VALUES("Fibre1000087_Cable0010","Fibre1000087_Cable0009");
INSERT INTO Successors VALUES("Fibre1000087_Cable0010","Fibre1000087_Cable0011");INSERT INTO Predecessors VALUES("Fibre1000087_Cable0011","Fibre1000087_Cable0010");
INSERT INTO Successors VALUES("Fibre1000088_Cable0009","Fibre1000088_Cable0010");INSERT INTO Predecessors VALUES("Fibre1000088_Cable0010","Fibre1000088_Cable0009");
INSERT INTO Successors VALUES("Fibre1000088_Cable0010","Fibre1000088_Cable0011");INSERT INTO Predecessors VALUES("Fibre1000088_Cable0011","Fibre1000088_Cable0010");
INSERT INTO Successors VALUES("Fibre1000089_Cable0009","Fibre1000089_Cable0010");INSERT INTO Predecessors VALUES("Fibre1000089_Cable0010","Fibre1000089_Cable0009");
INSERT INTO Successors VALUES("Fibre1000089_Cable0010","Fibre1000089_Cable0011");INSERT INTO Predecessors VALUES("Fibre1000089_Cable0011","Fibre1000089_Cable0010");
INSERT INTO Successors VALUES("Fibre1000090_Cable0009","Fibre1000090_Cable0010");INSERT INTO Predecessors VALUES("Fibre1000090_Cable0010","Fibre1000090_Cable0009");
INSERT INTO Successors VALUES("Fibre1000090_Cable0010","Fibre1000090_Cable0011");INSERT INTO Predecessors VALUES("Fibre1000090_Cable0011","Fibre1000090_Cable0010");
INSERT INTO Successors VALUES("Fibre1000091_Cable0009","Fibre1000091_Cable0010");INSERT INTO Predecessors VALUES("Fibre1000091_Cable0010","Fibre1000091_Cable0009");
INSERT INTO Successors VALUES("Fibre1000091_Cable0010","Fibre1000091_Cable0011");INSERT INTO Predecessors VALUES("Fibre1000091_Cable0011","Fibre1000091_Cable0010");
INSERT INTO Successors VALUES("Fibre1000092_Cable0009","Fibre1000092_Cable0010");INSERT INTO Predecessors VALUES("Fibre1000092_Cable0010","Fibre1000092_Cable0009");
INSERT INTO Successors VALUES("Fibre1000092_Cable0010","Fibre1000092_Cable0011");INSERT INTO Predecessors VALUES("Fibre1000092_Cable0011","Fibre1000092_Cable0010");
INSERT INTO Successors VALUES("Fibre1000093_Cable0009","Fibre1000093_Cable0010");INSERT INTO Predecessors VALUES("Fibre1000093_Cable0010","Fibre1000093_Cable0009");
INSERT INTO Successors VALUES("Fibre1000093_Cable0010","Fibre1000093_Cable0011");INSERT INTO Predecessors VALUES("Fibre1000093_Cable0011","Fibre1000093_Cable0010");
INSERT INTO Successors VALUES("Fibre1000094_Cable0009","Fibre1000094_Cable0010");INSERT INTO Predecessors VALUES("Fibre1000094_Cable0010","Fibre1000094_Cable0009");
INSERT INTO Successors VALUES("Fibre1000094_Cable0010","Fibre1000094_Cable0011");INSERT INTO Predecessors VALUES("Fibre1000094_Cable0011","Fibre1000094_Cable0010");
INSERT INTO Successors VALUES("Fibre1000095_Cable0009","Fibre1000095_Cable0010");INSERT INTO Predecessors VALUES("Fibre1000095_Cable0010","Fibre1000095_Cable0009");
INSERT INTO Successors VALUES("Fibre1000095_Cable0010","Fibre1000095_Cable0011");INSERT INTO Predecessors VALUES("Fibre1000095_Cable0011","Fibre1000095_Cable0010");
INSERT INTO Successors VALUES("Fibre1000096_Cable0009","Fibre1000096_Cable0010");INSERT INTO Predecessors VALUES("Fibre1000096_Cable0010","Fibre1000096_Cable0009");
INSERT INTO Successors VALUES("Fibre1000096_Cable0010","Fibre1000096_Cable0011");INSERT INTO Predecessors VALUES("Fibre1000096_Cable0011","Fibre1000096_Cable0010");
INSERT INTO Successors VALUES("Fibre1000097_Cable0009","Fibre1000097_Cable0010");INSERT INTO Predecessors VALUES("Fibre1000097_Cable0010","Fibre1000097_Cable0009");
INSERT INTO Successors VALUES("Fibre1000097_Cable0010","Fibre1000097_Cable0011");INSERT INTO Predecessors VALUES("Fibre1000097_Cable0011","Fibre1000097_Cable0010");
INSERT INTO Successors VALUES("Fibre1000098_Cable0009","Fibre1000098_Cable0010");INSERT INTO Predecessors VALUES("Fibre1000098_Cable0010","Fibre1000098_Cable0009");
INSERT INTO Successors VALUES("Fibre1000098_Cable0010","Fibre1000098_Cable0011");INSERT INTO Predecessors VALUES("Fibre1000098_Cable0011","Fibre1000098_Cable0010");
INSERT INTO Successors VALUES("Fibre1000099_Cable0009","Fibre1000099_Cable0010");INSERT INTO Predecessors VALUES("Fibre1000099_Cable0010","Fibre1000099_Cable0009");
INSERT INTO Successors VALUES("Fibre1000099_Cable0010","Fibre1000099_Cable0011");INSERT INTO Predecessors VALUES("Fibre1000099_Cable0011","Fibre1000099_Cable0010");
INSERT INTO Successors VALUES("Fibre1000100_Cable0009","Fibre1000100_Cable0010");INSERT INTO Predecessors VALUES("Fibre1000100_Cable0010","Fibre1000100_Cable0009");
INSERT INTO Successors VALUES("Fibre1000100_Cable0010","Fibre1000100_Cable0011");INSERT INTO Predecessors VALUES("Fibre1000100_Cable0011","Fibre1000100_Cable0010");
INSERT INTO Successors VALUES("Fibre1000101_Cable0009","Fibre1000101_Cable0010");INSERT INTO Predecessors VALUES("Fibre1000101_Cable0010","Fibre1000101_Cable0009");
INSERT INTO Successors VALUES("Fibre1000101_Cable0010","Fibre1000101_Cable0011");INSERT INTO Predecessors VALUES("Fibre1000101_Cable0011","Fibre1000101_Cable0010");
INSERT INTO Successors VALUES("Fibre1000102_Cable0009","Fibre1000102_Cable0010");INSERT INTO Predecessors VALUES("Fibre1000102_Cable0010","Fibre1000102_Cable0009");
INSERT INTO Successors VALUES("Fibre1000102_Cable0010","Fibre1000102_Cable0011");INSERT INTO Predecessors VALUES("Fibre1000102_Cable0011","Fibre1000102_Cable0010");
INSERT INTO Successors VALUES("Fibre1000103_Cable0009","Fibre1000103_Cable0010");INSERT INTO Predecessors VALUES("Fibre1000103_Cable0010","Fibre1000103_Cable0009");
INSERT INTO Successors VALUES("Fibre1000103_Cable0010","Fibre1000103_Cable0011");INSERT INTO Predecessors VALUES("Fibre1000103_Cable0011","Fibre1000103_Cable0010");
INSERT INTO Successors VALUES("Fibre1000104_Cable0009","Fibre1000104_Cable0010");INSERT INTO Predecessors VALUES("Fibre1000104_Cable0010","Fibre1000104_Cable0009");
INSERT INTO Successors VALUES("Fibre1000104_Cable0010","Fibre1000104_Cable0011");INSERT INTO Predecessors VALUES("Fibre1000104_Cable0011","Fibre1000104_Cable0010");
INSERT INTO Successors VALUES("Fibre1000105_Cable0009","Fibre1000105_Cable0010");INSERT INTO Predecessors VALUES("Fibre1000105_Cable0010","Fibre1000105_Cable0009");
INSERT INTO Successors VALUES("Fibre1000105_Cable0010","Fibre1000105_Cable0011");INSERT INTO Predecessors VALUES("Fibre1000105_Cable0011","Fibre1000105_Cable0010");
INSERT INTO Successors VALUES("Fibre1000106_Cable0009","Fibre1000106_Cable0010");INSERT INTO Predecessors VALUES("Fibre1000106_Cable0010","Fibre1000106_Cable0009");
INSERT INTO Successors VALUES("Fibre1000106_Cable0010","Fibre1000106_Cable0011");INSERT INTO Predecessors VALUES("Fibre1000106_Cable0011","Fibre1000106_Cable0010");
INSERT INTO Successors VALUES("Fibre1000107_Cable0009","Fibre1000107_Cable0010");INSERT INTO Predecessors VALUES("Fibre1000107_Cable0010","Fibre1000107_Cable0009");
INSERT INTO Successors VALUES("Fibre1000107_Cable0010","Fibre1000107_Cable0011");INSERT INTO Predecessors VALUES("Fibre1000107_Cable0011","Fibre1000107_Cable0010");
INSERT INTO Successors VALUES("Fibre1000108_Cable0009","Fibre1000108_Cable0010");INSERT INTO Predecessors VALUES("Fibre1000108_Cable0010","Fibre1000108_Cable0009");
INSERT INTO Successors VALUES("Fibre1000108_Cable0010","Fibre1000108_Cable0011");INSERT INTO Predecessors VALUES("Fibre1000108_Cable0011","Fibre1000108_Cable0010");
INSERT INTO Successors VALUES("Fibre1000109_Cable0009","Fibre1000109_Cable0010");INSERT INTO Predecessors VALUES("Fibre1000109_Cable0010","Fibre1000109_Cable0009");
INSERT INTO Successors VALUES("Fibre1000109_Cable0010","Fibre1000109_Cable0011");INSERT INTO Predecessors VALUES("Fibre1000109_Cable0011","Fibre1000109_Cable0010");
INSERT INTO Successors VALUES("Fibre1000110_Cable0009","Fibre1000110_Cable0010");INSERT INTO Predecessors VALUES("Fibre1000110_Cable0010","Fibre1000110_Cable0009");
INSERT INTO Successors VALUES("Fibre1000110_Cable0010","Fibre1000110_Cable0011");INSERT INTO Predecessors VALUES("Fibre1000110_Cable0011","Fibre1000110_Cable0010");
INSERT INTO Successors VALUES("Fibre1000111_Cable0009","Fibre1000111_Cable0010");INSERT INTO Predecessors VALUES("Fibre1000111_Cable0010","Fibre1000111_Cable0009");
INSERT INTO Successors VALUES("Fibre1000111_Cable0010","Fibre1000111_Cable0011");INSERT INTO Predecessors VALUES("Fibre1000111_Cable0011","Fibre1000111_Cable0010");
INSERT INTO Successors VALUES("Fibre1000112_Cable0009","Fibre1000112_Cable0010");INSERT INTO Predecessors VALUES("Fibre1000112_Cable0010","Fibre1000112_Cable0009");
INSERT INTO Successors VALUES("Fibre1000112_Cable0010","Fibre1000112_Cable0011");INSERT INTO Predecessors VALUES("Fibre1000112_Cable0011","Fibre1000112_Cable0010");
INSERT INTO Successors VALUES("Fibre1000113_Cable0009","Fibre1000113_Cable0010");INSERT INTO Predecessors VALUES("Fibre1000113_Cable0010","Fibre1000113_Cable0009");
INSERT INTO Successors VALUES("Fibre1000113_Cable0010","Fibre1000113_Cable0011");INSERT INTO Predecessors VALUES("Fibre1000113_Cable0011","Fibre1000113_Cable0010");
INSERT INTO Successors VALUES("Fibre1000114_Cable0009","Fibre1000114_Cable0010");INSERT INTO Predecessors VALUES("Fibre1000114_Cable0010","Fibre1000114_Cable0009");
INSERT INTO Successors VALUES("Fibre1000114_Cable0010","Fibre1000114_Cable0011");INSERT INTO Predecessors VALUES("Fibre1000114_Cable0011","Fibre1000114_Cable0010");
INSERT INTO Successors VALUES("Fibre1000115_Cable0009","Fibre1000115_Cable0010");INSERT INTO Predecessors VALUES("Fibre1000115_Cable0010","Fibre1000115_Cable0009");
INSERT INTO Successors VALUES("Fibre1000115_Cable0010","Fibre1000115_Cable0011");INSERT INTO Predecessors VALUES("Fibre1000115_Cable0011","Fibre1000115_Cable0010");
INSERT INTO Successors VALUES("Fibre1000116_Cable0009","Fibre1000116_Cable0010");INSERT INTO Predecessors VALUES("Fibre1000116_Cable0010","Fibre1000116_Cable0009");
INSERT INTO Successors VALUES("Fibre1000116_Cable0010","Fibre1000116_Cable0011");INSERT INTO Predecessors VALUES("Fibre1000116_Cable0011","Fibre1000116_Cable0010");
INSERT INTO Successors VALUES("Fibre1000117_Cable0009","Fibre1000117_Cable0010");INSERT INTO Predecessors VALUES("Fibre1000117_Cable0010","Fibre1000117_Cable0009");
INSERT INTO Successors VALUES("Fibre1000117_Cable0010","Fibre1000117_Cable0011");INSERT INTO Predecessors VALUES("Fibre1000117_Cable0011","Fibre1000117_Cable0010");
INSERT INTO Successors VALUES("Fibre1000118_Cable0009","Fibre1000118_Cable0010");INSERT INTO Predecessors VALUES("Fibre1000118_Cable0010","Fibre1000118_Cable0009");
INSERT INTO Successors VALUES("Fibre1000118_Cable0010","Fibre1000118_Cable0011");INSERT INTO Predecessors VALUES("Fibre1000118_Cable0011","Fibre1000118_Cable0010");
INSERT INTO Successors VALUES("Fibre1000119_Cable0009","Fibre1000119_Cable0010");INSERT INTO Predecessors VALUES("Fibre1000119_Cable0010","Fibre1000119_Cable0009");
INSERT INTO Successors VALUES("Fibre1000119_Cable0010","Fibre1000119_Cable0011");INSERT INTO Predecessors VALUES("Fibre1000119_Cable0011","Fibre1000119_Cable0010");
INSERT INTO Successors VALUES("Fibre1000120_Cable0009","Fibre1000120_Cable0010");INSERT INTO Predecessors VALUES("Fibre1000120_Cable0010","Fibre1000120_Cable0009");
INSERT INTO Successors VALUES("Fibre1000120_Cable0010","Fibre1000120_Cable0011");INSERT INTO Predecessors VALUES("Fibre1000120_Cable0011","Fibre1000120_Cable0010");
INSERT INTO Successors VALUES("Fibre1000121_Cable0009","Fibre1000121_Cable0010");INSERT INTO Predecessors VALUES("Fibre1000121_Cable0010","Fibre1000121_Cable0009");
INSERT INTO Successors VALUES("Fibre1000121_Cable0010","Fibre1000121_Cable0011");INSERT INTO Predecessors VALUES("Fibre1000121_Cable0011","Fibre1000121_Cable0010");
INSERT INTO Successors VALUES("Fibre1000122_Cable0009","Fibre1000122_Cable0010");INSERT INTO Predecessors VALUES("Fibre1000122_Cable0010","Fibre1000122_Cable0009");
INSERT INTO Successors VALUES("Fibre1000122_Cable0010","Fibre1000122_Cable0011");INSERT INTO Predecessors VALUES("Fibre1000122_Cable0011","Fibre1000122_Cable0010");
INSERT INTO Successors VALUES("Fibre1000123_Cable0009","Fibre1000123_Cable0010");INSERT INTO Predecessors VALUES("Fibre1000123_Cable0010","Fibre1000123_Cable0009");
INSERT INTO Successors VALUES("Fibre1000123_Cable0010","Fibre1000123_Cable0011");INSERT INTO Predecessors VALUES("Fibre1000123_Cable0011","Fibre1000123_Cable0010");
INSERT INTO Successors VALUES("Fibre1000124_Cable0009","Fibre1000124_Cable0010");INSERT INTO Predecessors VALUES("Fibre1000124_Cable0010","Fibre1000124_Cable0009");
INSERT INTO Successors VALUES("Fibre1000124_Cable0010","Fibre1000124_Cable0011");INSERT INTO Predecessors VALUES("Fibre1000124_Cable0011","Fibre1000124_Cable0010");
INSERT INTO Successors VALUES("Fibre1000125_Cable0009","Fibre1000125_Cable0010");INSERT INTO Predecessors VALUES("Fibre1000125_Cable0010","Fibre1000125_Cable0009");
INSERT INTO Successors VALUES("Fibre1000125_Cable0010","Fibre1000125_Cable0011");INSERT INTO Predecessors VALUES("Fibre1000125_Cable0011","Fibre1000125_Cable0010");
INSERT INTO Successors VALUES("Fibre1000126_Cable0009","Fibre1000126_Cable0010");INSERT INTO Predecessors VALUES("Fibre1000126_Cable0010","Fibre1000126_Cable0009");
INSERT INTO Successors VALUES("Fibre1000126_Cable0010","Fibre1000126_Cable0011");INSERT INTO Predecessors VALUES("Fibre1000126_Cable0011","Fibre1000126_Cable0010");
INSERT INTO Successors VALUES("Fibre1000127_Cable0009","Fibre1000127_Cable0010");INSERT INTO Predecessors VALUES("Fibre1000127_Cable0010","Fibre1000127_Cable0009");
INSERT INTO Successors VALUES("Fibre1000127_Cable0010","Fibre1000127_Cable0011");INSERT INTO Predecessors VALUES("Fibre1000127_Cable0011","Fibre1000127_Cable0010");
INSERT INTO Successors VALUES("Fibre1000128_Cable0009","Fibre1000128_Cable0010");INSERT INTO Predecessors VALUES("Fibre1000128_Cable0010","Fibre1000128_Cable0009");
INSERT INTO Successors VALUES("Fibre1000128_Cable0010","Fibre1000128_Cable0011");INSERT INTO Predecessors VALUES("Fibre1000128_Cable0011","Fibre1000128_Cable0010");
INSERT INTO Successors VALUES("Fibre1000129_Cable0009","Fibre1000129_Cable0010");INSERT INTO Predecessors VALUES("Fibre1000129_Cable0010","Fibre1000129_Cable0009");
INSERT INTO Successors VALUES("Fibre1000129_Cable0010","Fibre1000129_Cable0011");INSERT INTO Predecessors VALUES("Fibre1000129_Cable0011","Fibre1000129_Cable0010");
INSERT INTO Successors VALUES("Fibre1000130_Cable0009","Fibre1000130_Cable0010");INSERT INTO Predecessors VALUES("Fibre1000130_Cable0010","Fibre1000130_Cable0009");
INSERT INTO Successors VALUES("Fibre1000130_Cable0010","Fibre1000130_Cable0011");INSERT INTO Predecessors VALUES("Fibre1000130_Cable0011","Fibre1000130_Cable0010");
INSERT INTO Successors VALUES("Fibre1000131_Cable0009","Fibre1000131_Cable0010");INSERT INTO Predecessors VALUES("Fibre1000131_Cable0010","Fibre1000131_Cable0009");
INSERT INTO Successors VALUES("Fibre1000131_Cable0010","Fibre1000131_Cable0011");INSERT INTO Predecessors VALUES("Fibre1000131_Cable0011","Fibre1000131_Cable0010");
INSERT INTO Successors VALUES("Fibre1000132_Cable0009","Fibre1000132_Cable0010");INSERT INTO Predecessors VALUES("Fibre1000132_Cable0010","Fibre1000132_Cable0009");
INSERT INTO Successors VALUES("Fibre1000132_Cable0010","Fibre1000132_Cable0011");INSERT INTO Predecessors VALUES("Fibre1000132_Cable0011","Fibre1000132_Cable0010");
INSERT INTO Successors VALUES("Fibre1000133_Cable0009","Fibre1000133_Cable0010");INSERT INTO Predecessors VALUES("Fibre1000133_Cable0010","Fibre1000133_Cable0009");
INSERT INTO Successors VALUES("Fibre1000133_Cable0010","Fibre1000133_Cable0011");INSERT INTO Predecessors VALUES("Fibre1000133_Cable0011","Fibre1000133_Cable0010");
INSERT INTO Successors VALUES("Fibre1000134_Cable0009","Fibre1000134_Cable0010");INSERT INTO Predecessors VALUES("Fibre1000134_Cable0010","Fibre1000134_Cable0009");
INSERT INTO Successors VALUES("Fibre1000134_Cable0010","Fibre1000134_Cable0011");INSERT INTO Predecessors VALUES("Fibre1000134_Cable0011","Fibre1000134_Cable0010");
INSERT INTO Successors VALUES("Fibre1000135_Cable0009","Fibre1000135_Cable0010");INSERT INTO Predecessors VALUES("Fibre1000135_Cable0010","Fibre1000135_Cable0009");
INSERT INTO Successors VALUES("Fibre1000135_Cable0010","Fibre1000135_Cable0011");INSERT INTO Predecessors VALUES("Fibre1000135_Cable0011","Fibre1000135_Cable0010");
INSERT INTO Successors VALUES("Fibre1000136_Cable0009","Fibre1000136_Cable0010");INSERT INTO Predecessors VALUES("Fibre1000136_Cable0010","Fibre1000136_Cable0009");
INSERT INTO Successors VALUES("Fibre1000136_Cable0010","Fibre1000136_Cable0011");INSERT INTO Predecessors VALUES("Fibre1000136_Cable0011","Fibre1000136_Cable0010");
INSERT INTO Successors VALUES("Fibre1000137_Cable0009","Fibre1000137_Cable0010");INSERT INTO Predecessors VALUES("Fibre1000137_Cable0010","Fibre1000137_Cable0009");
INSERT INTO Successors VALUES("Fibre1000137_Cable0010","Fibre1000137_Cable0011");INSERT INTO Predecessors VALUES("Fibre1000137_Cable0011","Fibre1000137_Cable0010");
INSERT INTO Successors VALUES("Fibre1000138_Cable0009","Fibre1000138_Cable0010");INSERT INTO Predecessors VALUES("Fibre1000138_Cable0010","Fibre1000138_Cable0009");
INSERT INTO Successors VALUES("Fibre1000138_Cable0010","Fibre1000138_Cable0011");INSERT INTO Predecessors VALUES("Fibre1000138_Cable0011","Fibre1000138_Cable0010");
INSERT INTO Successors VALUES("Fibre1000139_Cable0009","Fibre1000139_Cable0010");INSERT INTO Predecessors VALUES("Fibre1000139_Cable0010","Fibre1000139_Cable0009");
INSERT INTO Successors VALUES("Fibre1000139_Cable0010","Fibre1000139_Cable0011");INSERT INTO Predecessors VALUES("Fibre1000139_Cable0011","Fibre1000139_Cable0010");
INSERT INTO Successors VALUES("Fibre1000140_Cable0009","Fibre1000140_Cable0010");INSERT INTO Predecessors VALUES("Fibre1000140_Cable0010","Fibre1000140_Cable0009");
INSERT INTO Successors VALUES("Fibre1000140_Cable0010","Fibre1000140_Cable0011");INSERT INTO Predecessors VALUES("Fibre1000140_Cable0011","Fibre1000140_Cable0010");
INSERT INTO Successors VALUES("Fibre1000141_Cable0009","Fibre1000141_Cable0010");INSERT INTO Predecessors VALUES("Fibre1000141_Cable0010","Fibre1000141_Cable0009");
INSERT INTO Successors VALUES("Fibre1000141_Cable0010","Fibre1000141_Cable0011");INSERT INTO Predecessors VALUES("Fibre1000141_Cable0011","Fibre1000141_Cable0010");
INSERT INTO Successors VALUES("Fibre1000142_Cable0009","Fibre1000142_Cable0010");INSERT INTO Predecessors VALUES("Fibre1000142_Cable0010","Fibre1000142_Cable0009");
INSERT INTO Successors VALUES("Fibre1000142_Cable0010","Fibre1000142_Cable0011");INSERT INTO Predecessors VALUES("Fibre1000142_Cable0011","Fibre1000142_Cable0010");
INSERT INTO Successors VALUES("Fibre1000143_Cable0009","Fibre1000143_Cable0010");INSERT INTO Predecessors VALUES("Fibre1000143_Cable0010","Fibre1000143_Cable0009");
INSERT INTO Successors VALUES("Fibre1000143_Cable0010","Fibre1000143_Cable0011");INSERT INTO Predecessors VALUES("Fibre1000143_Cable0011","Fibre1000143_Cable0010");
INSERT INTO Successors VALUES("Fibre1000144_Cable0009","Fibre1000144_Cable0010");INSERT INTO Predecessors VALUES("Fibre1000144_Cable0010","Fibre1000144_Cable0009");
INSERT INTO Successors VALUES("Fibre1000144_Cable0010","Fibre1000144_Cable0011");INSERT INTO Predecessors VALUES("Fibre1000144_Cable0011","Fibre1000144_Cable0010");
INSERT INTO Successors VALUES("Fibre1000145_Cable0009","Fibre1000145_Cable0012");INSERT INTO Predecessors VALUES("Fibre1000145_Cable0012","Fibre1000145_Cable0009");
INSERT INTO Successors VALUES("Fibre1000145_Cable0012","Fibre1000145_Cable0013");INSERT INTO Predecessors VALUES("Fibre1000145_Cable0013","Fibre1000145_Cable0012");
INSERT INTO Successors VALUES("Fibre1000146_Cable0009","Fibre1000146_Cable0012");INSERT INTO Predecessors VALUES("Fibre1000146_Cable0012","Fibre1000146_Cable0009");
INSERT INTO Successors VALUES("Fibre1000146_Cable0012","Fibre1000146_Cable0013");INSERT INTO Predecessors VALUES("Fibre1000146_Cable0013","Fibre1000146_Cable0012");
INSERT INTO Successors VALUES("Fibre1000147_Cable0009","Fibre1000147_Cable0012");INSERT INTO Predecessors VALUES("Fibre1000147_Cable0012","Fibre1000147_Cable0009");
INSERT INTO Successors VALUES("Fibre1000147_Cable0012","Fibre1000147_Cable0013");INSERT INTO Predecessors VALUES("Fibre1000147_Cable0013","Fibre1000147_Cable0012");
INSERT INTO Successors VALUES("Fibre1000148_Cable0009","Fibre1000148_Cable0012");INSERT INTO Predecessors VALUES("Fibre1000148_Cable0012","Fibre1000148_Cable0009");
INSERT INTO Successors VALUES("Fibre1000148_Cable0012","Fibre1000148_Cable0013");INSERT INTO Predecessors VALUES("Fibre1000148_Cable0013","Fibre1000148_Cable0012");
INSERT INTO Successors VALUES("Fibre1000149_Cable0009","Fibre1000149_Cable0012");INSERT INTO Predecessors VALUES("Fibre1000149_Cable0012","Fibre1000149_Cable0009");
INSERT INTO Successors VALUES("Fibre1000149_Cable0012","Fibre1000149_Cable0013");INSERT INTO Predecessors VALUES("Fibre1000149_Cable0013","Fibre1000149_Cable0012");
INSERT INTO Successors VALUES("Fibre1000150_Cable0009","Fibre1000150_Cable0012");INSERT INTO Predecessors VALUES("Fibre1000150_Cable0012","Fibre1000150_Cable0009");
INSERT INTO Successors VALUES("Fibre1000150_Cable0012","Fibre1000150_Cable0013");INSERT INTO Predecessors VALUES("Fibre1000150_Cable0013","Fibre1000150_Cable0012");
INSERT INTO Successors VALUES("Fibre1000151_Cable0009","Fibre1000151_Cable0012");INSERT INTO Predecessors VALUES("Fibre1000151_Cable0012","Fibre1000151_Cable0009");
INSERT INTO Successors VALUES("Fibre1000151_Cable0012","Fibre1000151_Cable0013");INSERT INTO Predecessors VALUES("Fibre1000151_Cable0013","Fibre1000151_Cable0012");
INSERT INTO Successors VALUES("Fibre1000152_Cable0009","Fibre1000152_Cable0012");INSERT INTO Predecessors VALUES("Fibre1000152_Cable0012","Fibre1000152_Cable0009");
INSERT INTO Successors VALUES("Fibre1000152_Cable0012","Fibre1000152_Cable0013");INSERT INTO Predecessors VALUES("Fibre1000152_Cable0013","Fibre1000152_Cable0012");
INSERT INTO Successors VALUES("Fibre1000153_Cable0009","Fibre1000153_Cable0012");INSERT INTO Predecessors VALUES("Fibre1000153_Cable0012","Fibre1000153_Cable0009");
INSERT INTO Successors VALUES("Fibre1000153_Cable0012","Fibre1000153_Cable0013");INSERT INTO Predecessors VALUES("Fibre1000153_Cable0013","Fibre1000153_Cable0012");
INSERT INTO Successors VALUES("Fibre1000154_Cable0009","Fibre1000154_Cable0012");INSERT INTO Predecessors VALUES("Fibre1000154_Cable0012","Fibre1000154_Cable0009");
INSERT INTO Successors VALUES("Fibre1000154_Cable0012","Fibre1000154_Cable0013");INSERT INTO Predecessors VALUES("Fibre1000154_Cable0013","Fibre1000154_Cable0012");
INSERT INTO Successors VALUES("Fibre1000155_Cable0009","Fibre1000155_Cable0012");INSERT INTO Predecessors VALUES("Fibre1000155_Cable0012","Fibre1000155_Cable0009");
INSERT INTO Successors VALUES("Fibre1000155_Cable0012","Fibre1000155_Cable0013");INSERT INTO Predecessors VALUES("Fibre1000155_Cable0013","Fibre1000155_Cable0012");
INSERT INTO Successors VALUES("Fibre1000156_Cable0009","Fibre1000156_Cable0012");INSERT INTO Predecessors VALUES("Fibre1000156_Cable0012","Fibre1000156_Cable0009");
INSERT INTO Successors VALUES("Fibre1000156_Cable0012","Fibre1000156_Cable0013");INSERT INTO Predecessors VALUES("Fibre1000156_Cable0013","Fibre1000156_Cable0012");
INSERT INTO Successors VALUES("Fibre1000157_Cable0009","Fibre1000157_Cable0012");INSERT INTO Predecessors VALUES("Fibre1000157_Cable0012","Fibre1000157_Cable0009");
INSERT INTO Successors VALUES("Fibre1000157_Cable0012","Fibre1000157_Cable0013");INSERT INTO Predecessors VALUES("Fibre1000157_Cable0013","Fibre1000157_Cable0012");
INSERT INTO Successors VALUES("Fibre1000158_Cable0009","Fibre1000158_Cable0012");INSERT INTO Predecessors VALUES("Fibre1000158_Cable0012","Fibre1000158_Cable0009");
INSERT INTO Successors VALUES("Fibre1000158_Cable0012","Fibre1000158_Cable0013");INSERT INTO Predecessors VALUES("Fibre1000158_Cable0013","Fibre1000158_Cable0012");
INSERT INTO Successors VALUES("Fibre1000159_Cable0009","Fibre1000159_Cable0012");INSERT INTO Predecessors VALUES("Fibre1000159_Cable0012","Fibre1000159_Cable0009");
INSERT INTO Successors VALUES("Fibre1000159_Cable0012","Fibre1000159_Cable0013");INSERT INTO Predecessors VALUES("Fibre1000159_Cable0013","Fibre1000159_Cable0012");
INSERT INTO Successors VALUES("Fibre1000160_Cable0009","Fibre1000160_Cable0012");INSERT INTO Predecessors VALUES("Fibre1000160_Cable0012","Fibre1000160_Cable0009");
INSERT INTO Successors VALUES("Fibre1000160_Cable0012","Fibre1000160_Cable0013");INSERT INTO Predecessors VALUES("Fibre1000160_Cable0013","Fibre1000160_Cable0012");
INSERT INTO Successors VALUES("Fibre1000161_Cable0009","Fibre1000161_Cable0012");INSERT INTO Predecessors VALUES("Fibre1000161_Cable0012","Fibre1000161_Cable0009");
INSERT INTO Successors VALUES("Fibre1000161_Cable0012","Fibre1000161_Cable0013");INSERT INTO Predecessors VALUES("Fibre1000161_Cable0013","Fibre1000161_Cable0012");
INSERT INTO Successors VALUES("Fibre1000162_Cable0009","Fibre1000162_Cable0012");INSERT INTO Predecessors VALUES("Fibre1000162_Cable0012","Fibre1000162_Cable0009");
INSERT INTO Successors VALUES("Fibre1000162_Cable0012","Fibre1000162_Cable0013");INSERT INTO Predecessors VALUES("Fibre1000162_Cable0013","Fibre1000162_Cable0012");
INSERT INTO Successors VALUES("Fibre1000163_Cable0009","Fibre1000163_Cable0012");INSERT INTO Predecessors VALUES("Fibre1000163_Cable0012","Fibre1000163_Cable0009");
INSERT INTO Successors VALUES("Fibre1000163_Cable0012","Fibre1000163_Cable0013");INSERT INTO Predecessors VALUES("Fibre1000163_Cable0013","Fibre1000163_Cable0012");
INSERT INTO Successors VALUES("Fibre1000164_Cable0009","Fibre1000164_Cable0012");INSERT INTO Predecessors VALUES("Fibre1000164_Cable0012","Fibre1000164_Cable0009");
INSERT INTO Successors VALUES("Fibre1000164_Cable0012","Fibre1000164_Cable0013");INSERT INTO Predecessors VALUES("Fibre1000164_Cable0013","Fibre1000164_Cable0012");
INSERT INTO Successors VALUES("Fibre1000165_Cable0009","Fibre1000165_Cable0012");INSERT INTO Predecessors VALUES("Fibre1000165_Cable0012","Fibre1000165_Cable0009");
INSERT INTO Successors VALUES("Fibre1000165_Cable0012","Fibre1000165_Cable0013");INSERT INTO Predecessors VALUES("Fibre1000165_Cable0013","Fibre1000165_Cable0012");
INSERT INTO Successors VALUES("Fibre1000166_Cable0009","Fibre1000166_Cable0012");INSERT INTO Predecessors VALUES("Fibre1000166_Cable0012","Fibre1000166_Cable0009");
INSERT INTO Successors VALUES("Fibre1000166_Cable0012","Fibre1000166_Cable0013");INSERT INTO Predecessors VALUES("Fibre1000166_Cable0013","Fibre1000166_Cable0012");
INSERT INTO Successors VALUES("Fibre1000167_Cable0009","Fibre1000167_Cable0012");INSERT INTO Predecessors VALUES("Fibre1000167_Cable0012","Fibre1000167_Cable0009");
INSERT INTO Successors VALUES("Fibre1000167_Cable0012","Fibre1000167_Cable0013");INSERT INTO Predecessors VALUES("Fibre1000167_Cable0013","Fibre1000167_Cable0012");
INSERT INTO Successors VALUES("Fibre1000168_Cable0009","Fibre1000168_Cable0012");INSERT INTO Predecessors VALUES("Fibre1000168_Cable0012","Fibre1000168_Cable0009");
INSERT INTO Successors VALUES("Fibre1000168_Cable0012","Fibre1000168_Cable0013");INSERT INTO Predecessors VALUES("Fibre1000168_Cable0013","Fibre1000168_Cable0012");
INSERT INTO Successors VALUES("Fibre1000169_Cable0009","Fibre1000169_Cable0012");INSERT INTO Predecessors VALUES("Fibre1000169_Cable0012","Fibre1000169_Cable0009");
INSERT INTO Successors VALUES("Fibre1000169_Cable0012","Fibre1000169_Cable0013");INSERT INTO Predecessors VALUES("Fibre1000169_Cable0013","Fibre1000169_Cable0012");
INSERT INTO Successors VALUES("Fibre1000170_Cable0009","Fibre1000170_Cable0012");INSERT INTO Predecessors VALUES("Fibre1000170_Cable0012","Fibre1000170_Cable0009");
INSERT INTO Successors VALUES("Fibre1000170_Cable0012","Fibre1000170_Cable0013");INSERT INTO Predecessors VALUES("Fibre1000170_Cable0013","Fibre1000170_Cable0012");
INSERT INTO Successors VALUES("Fibre1000171_Cable0009","Fibre1000171_Cable0012");INSERT INTO Predecessors VALUES("Fibre1000171_Cable0012","Fibre1000171_Cable0009");
INSERT INTO Successors VALUES("Fibre1000171_Cable0012","Fibre1000171_Cable0013");INSERT INTO Predecessors VALUES("Fibre1000171_Cable0013","Fibre1000171_Cable0012");
INSERT INTO Successors VALUES("Fibre1000172_Cable0009","Fibre1000172_Cable0012");INSERT INTO Predecessors VALUES("Fibre1000172_Cable0012","Fibre1000172_Cable0009");
INSERT INTO Successors VALUES("Fibre1000172_Cable0012","Fibre1000172_Cable0013");INSERT INTO Predecessors VALUES("Fibre1000172_Cable0013","Fibre1000172_Cable0012");
INSERT INTO Successors VALUES("Fibre1000173_Cable0009","Fibre1000173_Cable0012");INSERT INTO Predecessors VALUES("Fibre1000173_Cable0012","Fibre1000173_Cable0009");
INSERT INTO Successors VALUES("Fibre1000173_Cable0012","Fibre1000173_Cable0013");INSERT INTO Predecessors VALUES("Fibre1000173_Cable0013","Fibre1000173_Cable0012");
INSERT INTO Successors VALUES("Fibre1000174_Cable0009","Fibre1000174_Cable0012");INSERT INTO Predecessors VALUES("Fibre1000174_Cable0012","Fibre1000174_Cable0009");
INSERT INTO Successors VALUES("Fibre1000174_Cable0012","Fibre1000174_Cable0013");INSERT INTO Predecessors VALUES("Fibre1000174_Cable0013","Fibre1000174_Cable0012");
INSERT INTO Successors VALUES("Fibre1000175_Cable0009","Fibre1000175_Cable0012");INSERT INTO Predecessors VALUES("Fibre1000175_Cable0012","Fibre1000175_Cable0009");
INSERT INTO Successors VALUES("Fibre1000175_Cable0012","Fibre1000175_Cable0013");INSERT INTO Predecessors VALUES("Fibre1000175_Cable0013","Fibre1000175_Cable0012");
INSERT INTO Successors VALUES("Fibre1000176_Cable0009","Fibre1000176_Cable0012");INSERT INTO Predecessors VALUES("Fibre1000176_Cable0012","Fibre1000176_Cable0009");
INSERT INTO Successors VALUES("Fibre1000176_Cable0012","Fibre1000176_Cable0013");INSERT INTO Predecessors VALUES("Fibre1000176_Cable0013","Fibre1000176_Cable0012");
INSERT INTO Successors VALUES("Fibre1000177_Cable0009","Fibre1000177_Cable0012");INSERT INTO Predecessors VALUES("Fibre1000177_Cable0012","Fibre1000177_Cable0009");
INSERT INTO Successors VALUES("Fibre1000177_Cable0012","Fibre1000177_Cable0013");INSERT INTO Predecessors VALUES("Fibre1000177_Cable0013","Fibre1000177_Cable0012");
INSERT INTO Successors VALUES("Fibre1000178_Cable0009","Fibre1000178_Cable0012");INSERT INTO Predecessors VALUES("Fibre1000178_Cable0012","Fibre1000178_Cable0009");
INSERT INTO Successors VALUES("Fibre1000178_Cable0012","Fibre1000178_Cable0013");INSERT INTO Predecessors VALUES("Fibre1000178_Cable0013","Fibre1000178_Cable0012");
INSERT INTO Successors VALUES("Fibre1000179_Cable0009","Fibre1000179_Cable0012");INSERT INTO Predecessors VALUES("Fibre1000179_Cable0012","Fibre1000179_Cable0009");
INSERT INTO Successors VALUES("Fibre1000179_Cable0012","Fibre1000179_Cable0013");INSERT INTO Predecessors VALUES("Fibre1000179_Cable0013","Fibre1000179_Cable0012");
INSERT INTO Successors VALUES("Fibre1000180_Cable0009","Fibre1000180_Cable0012");INSERT INTO Predecessors VALUES("Fibre1000180_Cable0012","Fibre1000180_Cable0009");
INSERT INTO Successors VALUES("Fibre1000180_Cable0012","Fibre1000180_Cable0013");INSERT INTO Predecessors VALUES("Fibre1000180_Cable0013","Fibre1000180_Cable0012");
INSERT INTO Successors VALUES("Fibre1000181_Cable0009","Fibre1000181_Cable0012");INSERT INTO Predecessors VALUES("Fibre1000181_Cable0012","Fibre1000181_Cable0009");
INSERT INTO Successors VALUES("Fibre1000181_Cable0012","Fibre1000181_Cable0013");INSERT INTO Predecessors VALUES("Fibre1000181_Cable0013","Fibre1000181_Cable0012");
INSERT INTO Successors VALUES("Fibre1000182_Cable0009","Fibre1000182_Cable0012");INSERT INTO Predecessors VALUES("Fibre1000182_Cable0012","Fibre1000182_Cable0009");
INSERT INTO Successors VALUES("Fibre1000182_Cable0012","Fibre1000182_Cable0013");INSERT INTO Predecessors VALUES("Fibre1000182_Cable0013","Fibre1000182_Cable0012");
INSERT INTO Successors VALUES("Fibre1000183_Cable0009","Fibre1000183_Cable0012");INSERT INTO Predecessors VALUES("Fibre1000183_Cable0012","Fibre1000183_Cable0009");
INSERT INTO Successors VALUES("Fibre1000183_Cable0012","Fibre1000183_Cable0013");INSERT INTO Predecessors VALUES("Fibre1000183_Cable0013","Fibre1000183_Cable0012");
INSERT INTO Successors VALUES("Fibre1000184_Cable0009","Fibre1000184_Cable0012");INSERT INTO Predecessors VALUES("Fibre1000184_Cable0012","Fibre1000184_Cable0009");
INSERT INTO Successors VALUES("Fibre1000184_Cable0012","Fibre1000184_Cable0013");INSERT INTO Predecessors VALUES("Fibre1000184_Cable0013","Fibre1000184_Cable0012");
INSERT INTO Successors VALUES("Fibre1000185_Cable0009","Fibre1000185_Cable0012");INSERT INTO Predecessors VALUES("Fibre1000185_Cable0012","Fibre1000185_Cable0009");
INSERT INTO Successors VALUES("Fibre1000185_Cable0012","Fibre1000185_Cable0013");INSERT INTO Predecessors VALUES("Fibre1000185_Cable0013","Fibre1000185_Cable0012");
INSERT INTO Successors VALUES("Fibre1000186_Cable0009","Fibre1000186_Cable0012");INSERT INTO Predecessors VALUES("Fibre1000186_Cable0012","Fibre1000186_Cable0009");
INSERT INTO Successors VALUES("Fibre1000186_Cable0012","Fibre1000186_Cable0013");INSERT INTO Predecessors VALUES("Fibre1000186_Cable0013","Fibre1000186_Cable0012");
INSERT INTO Successors VALUES("Fibre1000187_Cable0009","Fibre1000187_Cable0012");INSERT INTO Predecessors VALUES("Fibre1000187_Cable0012","Fibre1000187_Cable0009");
INSERT INTO Successors VALUES("Fibre1000187_Cable0012","Fibre1000187_Cable0013");INSERT INTO Predecessors VALUES("Fibre1000187_Cable0013","Fibre1000187_Cable0012");
INSERT INTO Successors VALUES("Fibre1000188_Cable0009","Fibre1000188_Cable0012");INSERT INTO Predecessors VALUES("Fibre1000188_Cable0012","Fibre1000188_Cable0009");
INSERT INTO Successors VALUES("Fibre1000188_Cable0012","Fibre1000188_Cable0013");INSERT INTO Predecessors VALUES("Fibre1000188_Cable0013","Fibre1000188_Cable0012");
INSERT INTO Successors VALUES("Fibre1000189_Cable0009","Fibre1000189_Cable0012");INSERT INTO Predecessors VALUES("Fibre1000189_Cable0012","Fibre1000189_Cable0009");
INSERT INTO Successors VALUES("Fibre1000189_Cable0012","Fibre1000189_Cable0013");INSERT INTO Predecessors VALUES("Fibre1000189_Cable0013","Fibre1000189_Cable0012");
INSERT INTO Successors VALUES("Fibre1000190_Cable0009","Fibre1000190_Cable0012");INSERT INTO Predecessors VALUES("Fibre1000190_Cable0012","Fibre1000190_Cable0009");
INSERT INTO Successors VALUES("Fibre1000190_Cable0012","Fibre1000190_Cable0013");INSERT INTO Predecessors VALUES("Fibre1000190_Cable0013","Fibre1000190_Cable0012");
INSERT INTO Successors VALUES("Fibre1000191_Cable0009","Fibre1000191_Cable0012");INSERT INTO Predecessors VALUES("Fibre1000191_Cable0012","Fibre1000191_Cable0009");
INSERT INTO Successors VALUES("Fibre1000191_Cable0012","Fibre1000191_Cable0013");INSERT INTO Predecessors VALUES("Fibre1000191_Cable0013","Fibre1000191_Cable0012");
INSERT INTO Successors VALUES("Fibre1000192_Cable0009","Fibre1000192_Cable0012");INSERT INTO Predecessors VALUES("Fibre1000192_Cable0012","Fibre1000192_Cable0009");
INSERT INTO Successors VALUES("Fibre1000192_Cable0012","Fibre1000192_Cable0013");INSERT INTO Predecessors VALUES("Fibre1000192_Cable0013","Fibre1000192_Cable0012");
INSERT INTO Successors VALUES("Fibre1000193_Cable0009","Fibre1000193_Cable0012");INSERT INTO Predecessors VALUES("Fibre1000193_Cable0012","Fibre1000193_Cable0009");
INSERT INTO Successors VALUES("Fibre1000193_Cable0012","Fibre1000193_Cable0013");INSERT INTO Predecessors VALUES("Fibre1000193_Cable0013","Fibre1000193_Cable0012");
INSERT INTO Successors VALUES("Fibre1000194_Cable0009","Fibre1000194_Cable0012");INSERT INTO Predecessors VALUES("Fibre1000194_Cable0012","Fibre1000194_Cable0009");
INSERT INTO Successors VALUES("Fibre1000194_Cable0012","Fibre1000194_Cable0013");INSERT INTO Predecessors VALUES("Fibre1000194_Cable0013","Fibre1000194_Cable0012");
INSERT INTO Successors VALUES("Fibre1000195_Cable0009","Fibre1000195_Cable0012");INSERT INTO Predecessors VALUES("Fibre1000195_Cable0012","Fibre1000195_Cable0009");
INSERT INTO Successors VALUES("Fibre1000195_Cable0012","Fibre1000195_Cable0013");INSERT INTO Predecessors VALUES("Fibre1000195_Cable0013","Fibre1000195_Cable0012");
INSERT INTO Successors VALUES("Fibre1000196_Cable0009","Fibre1000196_Cable0012");INSERT INTO Predecessors VALUES("Fibre1000196_Cable0012","Fibre1000196_Cable0009");
INSERT INTO Successors VALUES("Fibre1000196_Cable0012","Fibre1000196_Cable0013");INSERT INTO Predecessors VALUES("Fibre1000196_Cable0013","Fibre1000196_Cable0012");
INSERT INTO Successors VALUES("Fibre1000197_Cable0009","Fibre1000197_Cable0012");INSERT INTO Predecessors VALUES("Fibre1000197_Cable0012","Fibre1000197_Cable0009");
INSERT INTO Successors VALUES("Fibre1000197_Cable0012","Fibre1000197_Cable0013");INSERT INTO Predecessors VALUES("Fibre1000197_Cable0013","Fibre1000197_Cable0012");
INSERT INTO Successors VALUES("Fibre1000198_Cable0009","Fibre1000198_Cable0012");INSERT INTO Predecessors VALUES("Fibre1000198_Cable0012","Fibre1000198_Cable0009");
INSERT INTO Successors VALUES("Fibre1000198_Cable0012","Fibre1000198_Cable0013");INSERT INTO Predecessors VALUES("Fibre1000198_Cable0013","Fibre1000198_Cable0012");
INSERT INTO Successors VALUES("Fibre1000199_Cable0009","Fibre1000199_Cable0012");INSERT INTO Predecessors VALUES("Fibre1000199_Cable0012","Fibre1000199_Cable0009");
INSERT INTO Successors VALUES("Fibre1000199_Cable0012","Fibre1000199_Cable0013");INSERT INTO Predecessors VALUES("Fibre1000199_Cable0013","Fibre1000199_Cable0012");
INSERT INTO Successors VALUES("Fibre1000200_Cable0009","Fibre1000200_Cable0012");INSERT INTO Predecessors VALUES("Fibre1000200_Cable0012","Fibre1000200_Cable0009");
INSERT INTO Successors VALUES("Fibre1000200_Cable0012","Fibre1000200_Cable0013");INSERT INTO Predecessors VALUES("Fibre1000200_Cable0013","Fibre1000200_Cable0012");
INSERT INTO Successors VALUES("Fibre1000201_Cable0009","Fibre1000201_Cable0012");INSERT INTO Predecessors VALUES("Fibre1000201_Cable0012","Fibre1000201_Cable0009");
INSERT INTO Successors VALUES("Fibre1000201_Cable0012","Fibre1000201_Cable0013");INSERT INTO Predecessors VALUES("Fibre1000201_Cable0013","Fibre1000201_Cable0012");
INSERT INTO Successors VALUES("Fibre1000202_Cable0009","Fibre1000202_Cable0012");INSERT INTO Predecessors VALUES("Fibre1000202_Cable0012","Fibre1000202_Cable0009");
INSERT INTO Successors VALUES("Fibre1000202_Cable0012","Fibre1000202_Cable0013");INSERT INTO Predecessors VALUES("Fibre1000202_Cable0013","Fibre1000202_Cable0012");
INSERT INTO Successors VALUES("Fibre1000203_Cable0009","Fibre1000203_Cable0012");INSERT INTO Predecessors VALUES("Fibre1000203_Cable0012","Fibre1000203_Cable0009");
INSERT INTO Successors VALUES("Fibre1000203_Cable0012","Fibre1000203_Cable0013");INSERT INTO Predecessors VALUES("Fibre1000203_Cable0013","Fibre1000203_Cable0012");
INSERT INTO Successors VALUES("Fibre1000204_Cable0009","Fibre1000204_Cable0012");INSERT INTO Predecessors VALUES("Fibre1000204_Cable0012","Fibre1000204_Cable0009");
INSERT INTO Successors VALUES("Fibre1000204_Cable0012","Fibre1000204_Cable0013");INSERT INTO Predecessors VALUES("Fibre1000204_Cable0013","Fibre1000204_Cable0012");
INSERT INTO Successors VALUES("Fibre1000205_Cable0009","Fibre1000205_Cable0012");INSERT INTO Predecessors VALUES("Fibre1000205_Cable0012","Fibre1000205_Cable0009");
INSERT INTO Successors VALUES("Fibre1000205_Cable0012","Fibre1000205_Cable0013");INSERT INTO Predecessors VALUES("Fibre1000205_Cable0013","Fibre1000205_Cable0012");
INSERT INTO Successors VALUES("Fibre1000206_Cable0009","Fibre1000206_Cable0012");INSERT INTO Predecessors VALUES("Fibre1000206_Cable0012","Fibre1000206_Cable0009");
INSERT INTO Successors VALUES("Fibre1000206_Cable0012","Fibre1000206_Cable0013");INSERT INTO Predecessors VALUES("Fibre1000206_Cable0013","Fibre1000206_Cable0012");
INSERT INTO Successors VALUES("Fibre1000207_Cable0009","Fibre1000207_Cable0012");INSERT INTO Predecessors VALUES("Fibre1000207_Cable0012","Fibre1000207_Cable0009");
INSERT INTO Successors VALUES("Fibre1000207_Cable0012","Fibre1000207_Cable0013");INSERT INTO Predecessors VALUES("Fibre1000207_Cable0013","Fibre1000207_Cable0012");
INSERT INTO Successors VALUES("Fibre1000208_Cable0009","Fibre1000208_Cable0012");INSERT INTO Predecessors VALUES("Fibre1000208_Cable0012","Fibre1000208_Cable0009");
INSERT INTO Successors VALUES("Fibre1000208_Cable0012","Fibre1000208_Cable0013");INSERT INTO Predecessors VALUES("Fibre1000208_Cable0013","Fibre1000208_Cable0012");
INSERT INTO Successors VALUES("Fibre1000209_Cable0009","Fibre1000209_Cable0012");INSERT INTO Predecessors VALUES("Fibre1000209_Cable0012","Fibre1000209_Cable0009");
INSERT INTO Successors VALUES("Fibre1000209_Cable0012","Fibre1000209_Cable0013");INSERT INTO Predecessors VALUES("Fibre1000209_Cable0013","Fibre1000209_Cable0012");
INSERT INTO Successors VALUES("Fibre1000210_Cable0009","Fibre1000210_Cable0012");INSERT INTO Predecessors VALUES("Fibre1000210_Cable0012","Fibre1000210_Cable0009");
INSERT INTO Successors VALUES("Fibre1000210_Cable0012","Fibre1000210_Cable0013");INSERT INTO Predecessors VALUES("Fibre1000210_Cable0013","Fibre1000210_Cable0012");
INSERT INTO Successors VALUES("Fibre1000211_Cable0009","Fibre1000211_Cable0012");INSERT INTO Predecessors VALUES("Fibre1000211_Cable0012","Fibre1000211_Cable0009");
INSERT INTO Successors VALUES("Fibre1000211_Cable0012","Fibre1000211_Cable0013");INSERT INTO Predecessors VALUES("Fibre1000211_Cable0013","Fibre1000211_Cable0012");
INSERT INTO Successors VALUES("Fibre1000212_Cable0009","Fibre1000212_Cable0012");INSERT INTO Predecessors VALUES("Fibre1000212_Cable0012","Fibre1000212_Cable0009");
INSERT INTO Successors VALUES("Fibre1000212_Cable0012","Fibre1000212_Cable0013");INSERT INTO Predecessors VALUES("Fibre1000212_Cable0013","Fibre1000212_Cable0012");
INSERT INTO Successors VALUES("Fibre1000213_Cable0009","Fibre1000213_Cable0012");INSERT INTO Predecessors VALUES("Fibre1000213_Cable0012","Fibre1000213_Cable0009");
INSERT INTO Successors VALUES("Fibre1000213_Cable0012","Fibre1000213_Cable0013");INSERT INTO Predecessors VALUES("Fibre1000213_Cable0013","Fibre1000213_Cable0012");
INSERT INTO Successors VALUES("Fibre1000214_Cable0009","Fibre1000214_Cable0012");INSERT INTO Predecessors VALUES("Fibre1000214_Cable0012","Fibre1000214_Cable0009");
INSERT INTO Successors VALUES("Fibre1000214_Cable0012","Fibre1000214_Cable0013");INSERT INTO Predecessors VALUES("Fibre1000214_Cable0013","Fibre1000214_Cable0012");
INSERT INTO Successors VALUES("Fibre1000215_Cable0009","Fibre1000215_Cable0012");INSERT INTO Predecessors VALUES("Fibre1000215_Cable0012","Fibre1000215_Cable0009");
INSERT INTO Successors VALUES("Fibre1000215_Cable0012","Fibre1000215_Cable0013");INSERT INTO Predecessors VALUES("Fibre1000215_Cable0013","Fibre1000215_Cable0012");
INSERT INTO Successors VALUES("Fibre1000216_Cable0009","Fibre1000216_Cable0012");INSERT INTO Predecessors VALUES("Fibre1000216_Cable0012","Fibre1000216_Cable0009");
INSERT INTO Successors VALUES("Fibre1000216_Cable0012","Fibre1000216_Cable0013");INSERT INTO Predecessors VALUES("Fibre1000216_Cable0013","Fibre1000216_Cable0012");
INSERT INTO Successors VALUES("Fibre1000217_Cable0009","Fibre1000217_Cable0012");INSERT INTO Predecessors VALUES("Fibre1000217_Cable0012","Fibre1000217_Cable0009");
INSERT INTO Successors VALUES("Fibre1000217_Cable0012","Fibre1000217_Cable0013");INSERT INTO Predecessors VALUES("Fibre1000217_Cable0013","Fibre1000217_Cable0012");
INSERT INTO Successors VALUES("Fibre1000218_Cable0009","Fibre1000218_Cable0012");INSERT INTO Predecessors VALUES("Fibre1000218_Cable0012","Fibre1000218_Cable0009");
INSERT INTO Successors VALUES("Fibre1000218_Cable0012","Fibre1000218_Cable0013");INSERT INTO Predecessors VALUES("Fibre1000218_Cable0013","Fibre1000218_Cable0012");
INSERT INTO Successors VALUES("Fibre1000219_Cable0009","Fibre1000219_Cable0012");INSERT INTO Predecessors VALUES("Fibre1000219_Cable0012","Fibre1000219_Cable0009");
INSERT INTO Successors VALUES("Fibre1000219_Cable0012","Fibre1000219_Cable0013");INSERT INTO Predecessors VALUES("Fibre1000219_Cable0013","Fibre1000219_Cable0012");
INSERT INTO Successors VALUES("Fibre1000220_Cable0009","Fibre1000220_Cable0012");INSERT INTO Predecessors VALUES("Fibre1000220_Cable0012","Fibre1000220_Cable0009");
INSERT INTO Successors VALUES("Fibre1000220_Cable0012","Fibre1000220_Cable0013");INSERT INTO Predecessors VALUES("Fibre1000220_Cable0013","Fibre1000220_Cable0012");
INSERT INTO Successors VALUES("Fibre1000221_Cable0009","Fibre1000221_Cable0012");INSERT INTO Predecessors VALUES("Fibre1000221_Cable0012","Fibre1000221_Cable0009");
INSERT INTO Successors VALUES("Fibre1000221_Cable0012","Fibre1000221_Cable0013");INSERT INTO Predecessors VALUES("Fibre1000221_Cable0013","Fibre1000221_Cable0012");
INSERT INTO Successors VALUES("Fibre1000222_Cable0009","Fibre1000222_Cable0012");INSERT INTO Predecessors VALUES("Fibre1000222_Cable0012","Fibre1000222_Cable0009");
INSERT INTO Successors VALUES("Fibre1000222_Cable0012","Fibre1000222_Cable0013");INSERT INTO Predecessors VALUES("Fibre1000222_Cable0013","Fibre1000222_Cable0012");
INSERT INTO Successors VALUES("Fibre1000223_Cable0009","Fibre1000223_Cable0012");INSERT INTO Predecessors VALUES("Fibre1000223_Cable0012","Fibre1000223_Cable0009");
INSERT INTO Successors VALUES("Fibre1000223_Cable0012","Fibre1000223_Cable0013");INSERT INTO Predecessors VALUES("Fibre1000223_Cable0013","Fibre1000223_Cable0012");
INSERT INTO Successors VALUES("Fibre1000224_Cable0009","Fibre1000224_Cable0012");INSERT INTO Predecessors VALUES("Fibre1000224_Cable0012","Fibre1000224_Cable0009");
INSERT INTO Successors VALUES("Fibre1000224_Cable0012","Fibre1000224_Cable0013");INSERT INTO Predecessors VALUES("Fibre1000224_Cable0013","Fibre1000224_Cable0012");
INSERT INTO Successors VALUES("Fibre1000225_Cable0009","Fibre1000225_Cable0012");INSERT INTO Predecessors VALUES("Fibre1000225_Cable0012","Fibre1000225_Cable0009");
INSERT INTO Successors VALUES("Fibre1000225_Cable0012","Fibre1000225_Cable0013");INSERT INTO Predecessors VALUES("Fibre1000225_Cable0013","Fibre1000225_Cable0012");
INSERT INTO Successors VALUES("Fibre1000226_Cable0009","Fibre1000226_Cable0012");INSERT INTO Predecessors VALUES("Fibre1000226_Cable0012","Fibre1000226_Cable0009");
INSERT INTO Successors VALUES("Fibre1000226_Cable0012","Fibre1000226_Cable0013");INSERT INTO Predecessors VALUES("Fibre1000226_Cable0013","Fibre1000226_Cable0012");
INSERT INTO Successors VALUES("Fibre1000227_Cable0009","Fibre1000227_Cable0012");INSERT INTO Predecessors VALUES("Fibre1000227_Cable0012","Fibre1000227_Cable0009");
INSERT INTO Successors VALUES("Fibre1000227_Cable0012","Fibre1000227_Cable0013");INSERT INTO Predecessors VALUES("Fibre1000227_Cable0013","Fibre1000227_Cable0012");
INSERT INTO Successors VALUES("Fibre1000228_Cable0009","Fibre1000228_Cable0012");INSERT INTO Predecessors VALUES("Fibre1000228_Cable0012","Fibre1000228_Cable0009");
INSERT INTO Successors VALUES("Fibre1000228_Cable0012","Fibre1000228_Cable0013");INSERT INTO Predecessors VALUES("Fibre1000228_Cable0013","Fibre1000228_Cable0012");
INSERT INTO Successors VALUES("Fibre1000229_Cable0009","Fibre1000229_Cable0012");INSERT INTO Predecessors VALUES("Fibre1000229_Cable0012","Fibre1000229_Cable0009");
INSERT INTO Successors VALUES("Fibre1000229_Cable0012","Fibre1000229_Cable0013");INSERT INTO Predecessors VALUES("Fibre1000229_Cable0013","Fibre1000229_Cable0012");
INSERT INTO Successors VALUES("Fibre1000230_Cable0009","Fibre1000230_Cable0012");INSERT INTO Predecessors VALUES("Fibre1000230_Cable0012","Fibre1000230_Cable0009");
INSERT INTO Successors VALUES("Fibre1000230_Cable0012","Fibre1000230_Cable0013");INSERT INTO Predecessors VALUES("Fibre1000230_Cable0013","Fibre1000230_Cable0012");
INSERT INTO Successors VALUES("Fibre1000231_Cable0009","Fibre1000231_Cable0012");INSERT INTO Predecessors VALUES("Fibre1000231_Cable0012","Fibre1000231_Cable0009");
INSERT INTO Successors VALUES("Fibre1000231_Cable0012","Fibre1000231_Cable0013");INSERT INTO Predecessors VALUES("Fibre1000231_Cable0013","Fibre1000231_Cable0012");
INSERT INTO Successors VALUES("Fibre1000232_Cable0009","Fibre1000232_Cable0012");INSERT INTO Predecessors VALUES("Fibre1000232_Cable0012","Fibre1000232_Cable0009");
INSERT INTO Successors VALUES("Fibre1000232_Cable0012","Fibre1000232_Cable0013");INSERT INTO Predecessors VALUES("Fibre1000232_Cable0013","Fibre1000232_Cable0012");
INSERT INTO Successors VALUES("Fibre1000233_Cable0009","Fibre1000233_Cable0012");INSERT INTO Predecessors VALUES("Fibre1000233_Cable0012","Fibre1000233_Cable0009");
INSERT INTO Successors VALUES("Fibre1000233_Cable0012","Fibre1000233_Cable0013");INSERT INTO Predecessors VALUES("Fibre1000233_Cable0013","Fibre1000233_Cable0012");
INSERT INTO Successors VALUES("Fibre1000234_Cable0009","Fibre1000234_Cable0012");INSERT INTO Predecessors VALUES("Fibre1000234_Cable0012","Fibre1000234_Cable0009");
INSERT INTO Successors VALUES("Fibre1000234_Cable0012","Fibre1000234_Cable0013");INSERT INTO Predecessors VALUES("Fibre1000234_Cable0013","Fibre1000234_Cable0012");
INSERT INTO Successors VALUES("Fibre1000235_Cable0009","Fibre1000235_Cable0012");INSERT INTO Predecessors VALUES("Fibre1000235_Cable0012","Fibre1000235_Cable0009");
INSERT INTO Successors VALUES("Fibre1000235_Cable0012","Fibre1000235_Cable0013");INSERT INTO Predecessors VALUES("Fibre1000235_Cable0013","Fibre1000235_Cable0012");
INSERT INTO Successors VALUES("Fibre1000236_Cable0009","Fibre1000236_Cable0012");INSERT INTO Predecessors VALUES("Fibre1000236_Cable0012","Fibre1000236_Cable0009");
INSERT INTO Successors VALUES("Fibre1000236_Cable0012","Fibre1000236_Cable0013");INSERT INTO Predecessors VALUES("Fibre1000236_Cable0013","Fibre1000236_Cable0012");
INSERT INTO Successors VALUES("Fibre1000237_Cable0009","Fibre1000237_Cable0012");INSERT INTO Predecessors VALUES("Fibre1000237_Cable0012","Fibre1000237_Cable0009");
INSERT INTO Successors VALUES("Fibre1000237_Cable0012","Fibre1000237_Cable0013");INSERT INTO Predecessors VALUES("Fibre1000237_Cable0013","Fibre1000237_Cable0012");
INSERT INTO Successors VALUES("Fibre1000238_Cable0009","Fibre1000238_Cable0012");INSERT INTO Predecessors VALUES("Fibre1000238_Cable0012","Fibre1000238_Cable0009");
INSERT INTO Successors VALUES("Fibre1000238_Cable0012","Fibre1000238_Cable0013");INSERT INTO Predecessors VALUES("Fibre1000238_Cable0013","Fibre1000238_Cable0012");
INSERT INTO Successors VALUES("Fibre1000239_Cable0009","Fibre1000239_Cable0012");INSERT INTO Predecessors VALUES("Fibre1000239_Cable0012","Fibre1000239_Cable0009");
INSERT INTO Successors VALUES("Fibre1000239_Cable0012","Fibre1000239_Cable0013");INSERT INTO Predecessors VALUES("Fibre1000239_Cable0013","Fibre1000239_Cable0012");
INSERT INTO Successors VALUES("Fibre1000240_Cable0009","Fibre1000240_Cable0012");INSERT INTO Predecessors VALUES("Fibre1000240_Cable0012","Fibre1000240_Cable0009");
INSERT INTO Successors VALUES("Fibre1000240_Cable0012","Fibre1000240_Cable0013");INSERT INTO Predecessors VALUES("Fibre1000240_Cable0013","Fibre1000240_Cable0012");
INSERT INTO Successors VALUES("Fibre1000241_Cable0009","Fibre1000241_Cable0012");INSERT INTO Predecessors VALUES("Fibre1000241_Cable0012","Fibre1000241_Cable0009");
INSERT INTO Successors VALUES("Fibre1000241_Cable0012","Fibre1000241_Cable0013");INSERT INTO Predecessors VALUES("Fibre1000241_Cable0013","Fibre1000241_Cable0012");
INSERT INTO Successors VALUES("Fibre1000242_Cable0009","Fibre1000242_Cable0012");INSERT INTO Predecessors VALUES("Fibre1000242_Cable0012","Fibre1000242_Cable0009");
INSERT INTO Successors VALUES("Fibre1000242_Cable0012","Fibre1000242_Cable0013");INSERT INTO Predecessors VALUES("Fibre1000242_Cable0013","Fibre1000242_Cable0012");
INSERT INTO Successors VALUES("Fibre1000243_Cable0009","Fibre1000243_Cable0012");INSERT INTO Predecessors VALUES("Fibre1000243_Cable0012","Fibre1000243_Cable0009");
INSERT INTO Successors VALUES("Fibre1000243_Cable0012","Fibre1000243_Cable0013");INSERT INTO Predecessors VALUES("Fibre1000243_Cable0013","Fibre1000243_Cable0012");
INSERT INTO Successors VALUES("Fibre1000244_Cable0009","Fibre1000244_Cable0012");INSERT INTO Predecessors VALUES("Fibre1000244_Cable0012","Fibre1000244_Cable0009");
INSERT INTO Successors VALUES("Fibre1000244_Cable0012","Fibre1000244_Cable0013");INSERT INTO Predecessors VALUES("Fibre1000244_Cable0013","Fibre1000244_Cable0012");
INSERT INTO Successors VALUES("Fibre1000245_Cable0009","Fibre1000245_Cable0012");INSERT INTO Predecessors VALUES("Fibre1000245_Cable0012","Fibre1000245_Cable0009");
INSERT INTO Successors VALUES("Fibre1000245_Cable0012","Fibre1000245_Cable0013");INSERT INTO Predecessors VALUES("Fibre1000245_Cable0013","Fibre1000245_Cable0012");
INSERT INTO Successors VALUES("Fibre1000246_Cable0009","Fibre1000246_Cable0012");INSERT INTO Predecessors VALUES("Fibre1000246_Cable0012","Fibre1000246_Cable0009");
INSERT INTO Successors VALUES("Fibre1000246_Cable0012","Fibre1000246_Cable0013");INSERT INTO Predecessors VALUES("Fibre1000246_Cable0013","Fibre1000246_Cable0012");
INSERT INTO Successors VALUES("Fibre1000247_Cable0009","Fibre1000247_Cable0012");INSERT INTO Predecessors VALUES("Fibre1000247_Cable0012","Fibre1000247_Cable0009");
INSERT INTO Successors VALUES("Fibre1000247_Cable0012","Fibre1000247_Cable0013");INSERT INTO Predecessors VALUES("Fibre1000247_Cable0013","Fibre1000247_Cable0012");
INSERT INTO Successors VALUES("Fibre1000248_Cable0009","Fibre1000248_Cable0012");INSERT INTO Predecessors VALUES("Fibre1000248_Cable0012","Fibre1000248_Cable0009");
INSERT INTO Successors VALUES("Fibre1000248_Cable0012","Fibre1000248_Cable0013");INSERT INTO Predecessors VALUES("Fibre1000248_Cable0013","Fibre1000248_Cable0012");
INSERT INTO Successors VALUES("Fibre1000249_Cable0009","Fibre1000249_Cable0012");INSERT INTO Predecessors VALUES("Fibre1000249_Cable0012","Fibre1000249_Cable0009");
INSERT INTO Successors VALUES("Fibre1000249_Cable0012","Fibre1000249_Cable0013");INSERT INTO Predecessors VALUES("Fibre1000249_Cable0013","Fibre1000249_Cable0012");
INSERT INTO Successors VALUES("Fibre1000250_Cable0009","Fibre1000250_Cable0012");INSERT INTO Predecessors VALUES("Fibre1000250_Cable0012","Fibre1000250_Cable0009");
INSERT INTO Successors VALUES("Fibre1000250_Cable0012","Fibre1000250_Cable0013");INSERT INTO Predecessors VALUES("Fibre1000250_Cable0013","Fibre1000250_Cable0012");
INSERT INTO Successors VALUES("Fibre1000251_Cable0009","Fibre1000251_Cable0012");INSERT INTO Predecessors VALUES("Fibre1000251_Cable0012","Fibre1000251_Cable0009");
INSERT INTO Successors VALUES("Fibre1000251_Cable0012","Fibre1000251_Cable0013");INSERT INTO Predecessors VALUES("Fibre1000251_Cable0013","Fibre1000251_Cable0012");
INSERT INTO Successors VALUES("Fibre1000252_Cable0009","Fibre1000252_Cable0012");INSERT INTO Predecessors VALUES("Fibre1000252_Cable0012","Fibre1000252_Cable0009");
INSERT INTO Successors VALUES("Fibre1000252_Cable0012","Fibre1000252_Cable0013");INSERT INTO Predecessors VALUES("Fibre1000252_Cable0013","Fibre1000252_Cable0012");
INSERT INTO Successors VALUES("Fibre1000253_Cable0009","Fibre1000253_Cable0012");INSERT INTO Predecessors VALUES("Fibre1000253_Cable0012","Fibre1000253_Cable0009");
INSERT INTO Successors VALUES("Fibre1000253_Cable0012","Fibre1000253_Cable0013");INSERT INTO Predecessors VALUES("Fibre1000253_Cable0013","Fibre1000253_Cable0012");
INSERT INTO Successors VALUES("Fibre1000254_Cable0009","Fibre1000254_Cable0012");INSERT INTO Predecessors VALUES("Fibre1000254_Cable0012","Fibre1000254_Cable0009");
INSERT INTO Successors VALUES("Fibre1000254_Cable0012","Fibre1000254_Cable0013");INSERT INTO Predecessors VALUES("Fibre1000254_Cable0013","Fibre1000254_Cable0012");
INSERT INTO Successors VALUES("Fibre1000255_Cable0009","Fibre1000255_Cable0012");INSERT INTO Predecessors VALUES("Fibre1000255_Cable0012","Fibre1000255_Cable0009");
INSERT INTO Successors VALUES("Fibre1000255_Cable0012","Fibre1000255_Cable0013");INSERT INTO Predecessors VALUES("Fibre1000255_Cable0013","Fibre1000255_Cable0012");
INSERT INTO Successors VALUES("Fibre1000256_Cable0009","Fibre1000256_Cable0012");INSERT INTO Predecessors VALUES("Fibre1000256_Cable0012","Fibre1000256_Cable0009");
INSERT INTO Successors VALUES("Fibre1000256_Cable0012","Fibre1000256_Cable0013");INSERT INTO Predecessors VALUES("Fibre1000256_Cable0013","Fibre1000256_Cable0012");
INSERT INTO Successors VALUES("Fibre1000257_Cable0009","Fibre1000257_Cable0012");INSERT INTO Predecessors VALUES("Fibre1000257_Cable0012","Fibre1000257_Cable0009");
INSERT INTO Successors VALUES("Fibre1000257_Cable0012","Fibre1000257_Cable0013");INSERT INTO Predecessors VALUES("Fibre1000257_Cable0013","Fibre1000257_Cable0012");
INSERT INTO Successors VALUES("Fibre1000258_Cable0009","Fibre1000258_Cable0012");INSERT INTO Predecessors VALUES("Fibre1000258_Cable0012","Fibre1000258_Cable0009");
INSERT INTO Successors VALUES("Fibre1000258_Cable0012","Fibre1000258_Cable0013");INSERT INTO Predecessors VALUES("Fibre1000258_Cable0013","Fibre1000258_Cable0012");
INSERT INTO Successors VALUES("Fibre1000259_Cable0009","Fibre1000259_Cable0012");INSERT INTO Predecessors VALUES("Fibre1000259_Cable0012","Fibre1000259_Cable0009");
INSERT INTO Successors VALUES("Fibre1000259_Cable0012","Fibre1000259_Cable0013");INSERT INTO Predecessors VALUES("Fibre1000259_Cable0013","Fibre1000259_Cable0012");
INSERT INTO Successors VALUES("Fibre1000260_Cable0009","Fibre1000260_Cable0012");INSERT INTO Predecessors VALUES("Fibre1000260_Cable0012","Fibre1000260_Cable0009");
INSERT INTO Successors VALUES("Fibre1000260_Cable0012","Fibre1000260_Cable0013");INSERT INTO Predecessors VALUES("Fibre1000260_Cable0013","Fibre1000260_Cable0012");
INSERT INTO Successors VALUES("Fibre1000261_Cable0009","Fibre1000261_Cable0012");INSERT INTO Predecessors VALUES("Fibre1000261_Cable0012","Fibre1000261_Cable0009");
INSERT INTO Successors VALUES("Fibre1000261_Cable0012","Fibre1000261_Cable0013");INSERT INTO Predecessors VALUES("Fibre1000261_Cable0013","Fibre1000261_Cable0012");
INSERT INTO Successors VALUES("Fibre1000262_Cable0009","Fibre1000262_Cable0012");INSERT INTO Predecessors VALUES("Fibre1000262_Cable0012","Fibre1000262_Cable0009");
INSERT INTO Successors VALUES("Fibre1000262_Cable0012","Fibre1000262_Cable0013");INSERT INTO Predecessors VALUES("Fibre1000262_Cable0013","Fibre1000262_Cable0012");
INSERT INTO Successors VALUES("Fibre1000263_Cable0009","Fibre1000263_Cable0012");INSERT INTO Predecessors VALUES("Fibre1000263_Cable0012","Fibre1000263_Cable0009");
INSERT INTO Successors VALUES("Fibre1000263_Cable0012","Fibre1000263_Cable0013");INSERT INTO Predecessors VALUES("Fibre1000263_Cable0013","Fibre1000263_Cable0012");
INSERT INTO Successors VALUES("Fibre1000264_Cable0009","Fibre1000264_Cable0012");INSERT INTO Predecessors VALUES("Fibre1000264_Cable0012","Fibre1000264_Cable0009");
INSERT INTO Successors VALUES("Fibre1000264_Cable0012","Fibre1000264_Cable0013");INSERT INTO Predecessors VALUES("Fibre1000264_Cable0013","Fibre1000264_Cable0012");
INSERT INTO Successors VALUES("Fibre1000265_Cable0009","Fibre1000265_Cable0012");INSERT INTO Predecessors VALUES("Fibre1000265_Cable0012","Fibre1000265_Cable0009");
INSERT INTO Successors VALUES("Fibre1000265_Cable0012","Fibre1000265_Cable0013");INSERT INTO Predecessors VALUES("Fibre1000265_Cable0013","Fibre1000265_Cable0012");
INSERT INTO Successors VALUES("Fibre1000266_Cable0009","Fibre1000266_Cable0012");INSERT INTO Predecessors VALUES("Fibre1000266_Cable0012","Fibre1000266_Cable0009");
INSERT INTO Successors VALUES("Fibre1000266_Cable0012","Fibre1000266_Cable0013");INSERT INTO Predecessors VALUES("Fibre1000266_Cable0013","Fibre1000266_Cable0012");
INSERT INTO Successors VALUES("Fibre1000267_Cable0009","Fibre1000267_Cable0012");INSERT INTO Predecessors VALUES("Fibre1000267_Cable0012","Fibre1000267_Cable0009");
INSERT INTO Successors VALUES("Fibre1000267_Cable0012","Fibre1000267_Cable0013");INSERT INTO Predecessors VALUES("Fibre1000267_Cable0013","Fibre1000267_Cable0012");
INSERT INTO Successors VALUES("Fibre1000268_Cable0009","Fibre1000268_Cable0012");INSERT INTO Predecessors VALUES("Fibre1000268_Cable0012","Fibre1000268_Cable0009");
INSERT INTO Successors VALUES("Fibre1000268_Cable0012","Fibre1000268_Cable0013");INSERT INTO Predecessors VALUES("Fibre1000268_Cable0013","Fibre1000268_Cable0012");
INSERT INTO Successors VALUES("Fibre1000269_Cable0009","Fibre1000269_Cable0012");INSERT INTO Predecessors VALUES("Fibre1000269_Cable0012","Fibre1000269_Cable0009");
INSERT INTO Successors VALUES("Fibre1000269_Cable0012","Fibre1000269_Cable0013");INSERT INTO Predecessors VALUES("Fibre1000269_Cable0013","Fibre1000269_Cable0012");
INSERT INTO Successors VALUES("Fibre1000270_Cable0009","Fibre1000270_Cable0012");INSERT INTO Predecessors VALUES("Fibre1000270_Cable0012","Fibre1000270_Cable0009");
INSERT INTO Successors VALUES("Fibre1000270_Cable0012","Fibre1000270_Cable0013");INSERT INTO Predecessors VALUES("Fibre1000270_Cable0013","Fibre1000270_Cable0012");
INSERT INTO Successors VALUES("Fibre1000271_Cable0009","Fibre1000271_Cable0012");INSERT INTO Predecessors VALUES("Fibre1000271_Cable0012","Fibre1000271_Cable0009");
INSERT INTO Successors VALUES("Fibre1000271_Cable0012","Fibre1000271_Cable0013");INSERT INTO Predecessors VALUES("Fibre1000271_Cable0013","Fibre1000271_Cable0012");
INSERT INTO Successors VALUES("Fibre1000272_Cable0009","Fibre1000272_Cable0012");INSERT INTO Predecessors VALUES("Fibre1000272_Cable0012","Fibre1000272_Cable0009");
INSERT INTO Successors VALUES("Fibre1000272_Cable0012","Fibre1000272_Cable0013");INSERT INTO Predecessors VALUES("Fibre1000272_Cable0013","Fibre1000272_Cable0012");
INSERT INTO Successors VALUES("Fibre1000273_Cable0009","Fibre1000273_Cable0012");INSERT INTO Predecessors VALUES("Fibre1000273_Cable0012","Fibre1000273_Cable0009");
INSERT INTO Successors VALUES("Fibre1000273_Cable0012","Fibre1000273_Cable0013");INSERT INTO Predecessors VALUES("Fibre1000273_Cable0013","Fibre1000273_Cable0012");
INSERT INTO Successors VALUES("Fibre1000274_Cable0009","Fibre1000274_Cable0012");INSERT INTO Predecessors VALUES("Fibre1000274_Cable0012","Fibre1000274_Cable0009");
INSERT INTO Successors VALUES("Fibre1000274_Cable0012","Fibre1000274_Cable0013");INSERT INTO Predecessors VALUES("Fibre1000274_Cable0013","Fibre1000274_Cable0012");
INSERT INTO Successors VALUES("Fibre1000275_Cable0009","Fibre1000275_Cable0012");INSERT INTO Predecessors VALUES("Fibre1000275_Cable0012","Fibre1000275_Cable0009");
INSERT INTO Successors VALUES("Fibre1000275_Cable0012","Fibre1000275_Cable0013");INSERT INTO Predecessors VALUES("Fibre1000275_Cable0013","Fibre1000275_Cable0012");
INSERT INTO Successors VALUES("Fibre1000276_Cable0009","Fibre1000276_Cable0012");INSERT INTO Predecessors VALUES("Fibre1000276_Cable0012","Fibre1000276_Cable0009");
INSERT INTO Successors VALUES("Fibre1000276_Cable0012","Fibre1000276_Cable0013");INSERT INTO Predecessors VALUES("Fibre1000276_Cable0013","Fibre1000276_Cable0012");
INSERT INTO Successors VALUES("Fibre1000277_Cable0009","Fibre1000277_Cable0012");INSERT INTO Predecessors VALUES("Fibre1000277_Cable0012","Fibre1000277_Cable0009");
INSERT INTO Successors VALUES("Fibre1000277_Cable0012","Fibre1000277_Cable0013");INSERT INTO Predecessors VALUES("Fibre1000277_Cable0013","Fibre1000277_Cable0012");
INSERT INTO Successors VALUES("Fibre1000278_Cable0009","Fibre1000278_Cable0012");INSERT INTO Predecessors VALUES("Fibre1000278_Cable0012","Fibre1000278_Cable0009");
INSERT INTO Successors VALUES("Fibre1000278_Cable0012","Fibre1000278_Cable0013");INSERT INTO Predecessors VALUES("Fibre1000278_Cable0013","Fibre1000278_Cable0012");
INSERT INTO Successors VALUES("Fibre1000279_Cable0009","Fibre1000279_Cable0012");INSERT INTO Predecessors VALUES("Fibre1000279_Cable0012","Fibre1000279_Cable0009");
INSERT INTO Successors VALUES("Fibre1000279_Cable0012","Fibre1000279_Cable0013");INSERT INTO Predecessors VALUES("Fibre1000279_Cable0013","Fibre1000279_Cable0012");
INSERT INTO Successors VALUES("Fibre1000280_Cable0009","Fibre1000280_Cable0012");INSERT INTO Predecessors VALUES("Fibre1000280_Cable0012","Fibre1000280_Cable0009");
INSERT INTO Successors VALUES("Fibre1000280_Cable0012","Fibre1000280_Cable0013");INSERT INTO Predecessors VALUES("Fibre1000280_Cable0013","Fibre1000280_Cable0012");
INSERT INTO Successors VALUES("Fibre1000281_Cable0009","Fibre1000281_Cable0012");INSERT INTO Predecessors VALUES("Fibre1000281_Cable0012","Fibre1000281_Cable0009");
INSERT INTO Successors VALUES("Fibre1000281_Cable0012","Fibre1000281_Cable0013");INSERT INTO Predecessors VALUES("Fibre1000281_Cable0013","Fibre1000281_Cable0012");
INSERT INTO Successors VALUES("Fibre1000282_Cable0009","Fibre1000282_Cable0012");INSERT INTO Predecessors VALUES("Fibre1000282_Cable0012","Fibre1000282_Cable0009");
INSERT INTO Successors VALUES("Fibre1000282_Cable0012","Fibre1000282_Cable0013");INSERT INTO Predecessors VALUES("Fibre1000282_Cable0013","Fibre1000282_Cable0012");
INSERT INTO Successors VALUES("Fibre1000283_Cable0009","Fibre1000283_Cable0012");INSERT INTO Predecessors VALUES("Fibre1000283_Cable0012","Fibre1000283_Cable0009");
INSERT INTO Successors VALUES("Fibre1000283_Cable0012","Fibre1000283_Cable0013");INSERT INTO Predecessors VALUES("Fibre1000283_Cable0013","Fibre1000283_Cable0012");
INSERT INTO Successors VALUES("Fibre1000284_Cable0009","Fibre1000284_Cable0012");INSERT INTO Predecessors VALUES("Fibre1000284_Cable0012","Fibre1000284_Cable0009");
INSERT INTO Successors VALUES("Fibre1000284_Cable0012","Fibre1000284_Cable0013");INSERT INTO Predecessors VALUES("Fibre1000284_Cable0013","Fibre1000284_Cable0012");
INSERT INTO Successors VALUES("Fibre1000285_Cable0009","Fibre1000285_Cable0012");INSERT INTO Predecessors VALUES("Fibre1000285_Cable0012","Fibre1000285_Cable0009");
INSERT INTO Successors VALUES("Fibre1000285_Cable0012","Fibre1000285_Cable0013");INSERT INTO Predecessors VALUES("Fibre1000285_Cable0013","Fibre1000285_Cable0012");
INSERT INTO Successors VALUES("Fibre1000286_Cable0009","Fibre1000286_Cable0012");INSERT INTO Predecessors VALUES("Fibre1000286_Cable0012","Fibre1000286_Cable0009");
INSERT INTO Successors VALUES("Fibre1000286_Cable0012","Fibre1000286_Cable0013");INSERT INTO Predecessors VALUES("Fibre1000286_Cable0013","Fibre1000286_Cable0012");
INSERT INTO Successors VALUES("Fibre1000287_Cable0009","Fibre1000287_Cable0012");INSERT INTO Predecessors VALUES("Fibre1000287_Cable0012","Fibre1000287_Cable0009");
INSERT INTO Successors VALUES("Fibre1000287_Cable0012","Fibre1000287_Cable0013");INSERT INTO Predecessors VALUES("Fibre1000287_Cable0013","Fibre1000287_Cable0012");
INSERT INTO Successors VALUES("Fibre1000288_Cable0009","Fibre1000288_Cable0012");INSERT INTO Predecessors VALUES("Fibre1000288_Cable0012","Fibre1000288_Cable0009");
INSERT INTO Successors VALUES("Fibre1000288_Cable0012","Fibre1000288_Cable0013");INSERT INTO Predecessors VALUES("Fibre1000288_Cable0013","Fibre1000288_Cable0012");
