DELETE FROM Components WHERE ComponentID LIKE "Splitter%";
DELETE FROM Components WHERE ComponentID LIKE "Fibre%Splitter%";

INSERT INTO Components(ComponentID, ParentID, ComponentTypeId, Size) VALUES('Splitter00001', 'FDT163', 5002, 2);
INSERT INTO Successors VALUES("Fibre1000001_Cable0008","Splitter00001");INSERT INTO Predecessors VALUES("Splitter00001","Fibre1000001_Cable0008");
INSERT INTO Components(ComponentID, ParentID, ComponentTypeId, Size) VALUES("Fibre1000001_01_Splitter00001", "FDT163", 5005, 1);
INSERT INTO Components(ComponentID, ParentID, ComponentTypeId, Size) VALUES("Fibre1000001_02_Splitter00001", "FDT163", 5005, 2);

INSERT INTO Components(ComponentID, ParentID, ComponentTypeId, Size) VALUES('Splitter00002', 'FDT163', 5002, 32);
INSERT INTO Successors VALUES("Fibre1000001_01_Splitter00001","Splitter00002");INSERT INTO Predecessors VALUES("Splitter00002","Fibre1000001_01_Splitter00001");

INSERT INTO Components(ComponentID, ParentID, ComponentTypeId, Size) VALUES('Splitter00003', 'FDT163', 5002, 32);
INSERT INTO Successors VALUES("Fibre1000001_02_Splitter00001","Splitter00003");INSERT INTO Predecessors VALUES("Splitter00003","Fibre1000001_02_Splitter00001");

INSERT INTO Successors VALUES("Fibre1000001_Cable0008","Splitter00001");INSERT INTO Predecessors VALUES("Splitter00001","Fibre1000001_Cable0008");

INSERT INTO Successors VALUES("Splitter00002","Fibre1000001_Cable0009");INSERT INTO Predecessors VALUES("Fibre1000001_Cable0009","Splitter00002");
INSERT INTO Successors VALUES("Splitter00002","Fibre1000002_Cable0009");INSERT INTO Predecessors VALUES("Fibre1000002_Cable0009","Splitter00002");
INSERT INTO Successors VALUES("Splitter00002","Fibre1000003_Cable0009");INSERT INTO Predecessors VALUES("Fibre1000003_Cable0009","Splitter00002");
INSERT INTO Successors VALUES("Splitter00002","Fibre1000004_Cable0009");INSERT INTO Predecessors VALUES("Fibre1000004_Cable0009","Splitter00002");
INSERT INTO Successors VALUES("Splitter00002","Fibre1000005_Cable0009");INSERT INTO Predecessors VALUES("Fibre1000005_Cable0009","Splitter00002");
INSERT INTO Successors VALUES("Splitter00002","Fibre1000006_Cable0009");INSERT INTO Predecessors VALUES("Fibre1000006_Cable0009","Splitter00002");
INSERT INTO Successors VALUES("Splitter00002","Fibre1000007_Cable0009");INSERT INTO Predecessors VALUES("Fibre1000007_Cable0009","Splitter00002");
INSERT INTO Successors VALUES("Splitter00002","Fibre1000008_Cable0009");INSERT INTO Predecessors VALUES("Fibre1000008_Cable0009","Splitter00002");
INSERT INTO Successors VALUES("Splitter00002","Fibre1000009_Cable0009");INSERT INTO Predecessors VALUES("Fibre1000009_Cable0009","Splitter00002");
INSERT INTO Successors VALUES("Splitter00002","Fibre1000010_Cable0009");INSERT INTO Predecessors VALUES("Fibre1000010_Cable0009","Splitter00002");
INSERT INTO Successors VALUES("Splitter00002","Fibre1000011_Cable0009");INSERT INTO Predecessors VALUES("Fibre1000011_Cable0009","Splitter00002");
INSERT INTO Successors VALUES("Splitter00002","Fibre1000012_Cable0009");INSERT INTO Predecessors VALUES("Fibre1000012_Cable0009","Splitter00002");
INSERT INTO Successors VALUES("Splitter00002","Fibre1000013_Cable0009");INSERT INTO Predecessors VALUES("Fibre1000013_Cable0009","Splitter00002");
INSERT INTO Successors VALUES("Splitter00002","Fibre1000014_Cable0009");INSERT INTO Predecessors VALUES("Fibre1000014_Cable0009","Splitter00002");
INSERT INTO Successors VALUES("Splitter00002","Fibre1000015_Cable0009");INSERT INTO Predecessors VALUES("Fibre1000015_Cable0009","Splitter00002");
INSERT INTO Successors VALUES("Splitter00002","Fibre1000016_Cable0009");INSERT INTO Predecessors VALUES("Fibre1000016_Cable0009","Splitter00002");
INSERT INTO Successors VALUES("Splitter00002","Fibre1000017_Cable0009");INSERT INTO Predecessors VALUES("Fibre1000017_Cable0009","Splitter00002");
INSERT INTO Successors VALUES("Splitter00002","Fibre1000018_Cable0009");INSERT INTO Predecessors VALUES("Fibre1000018_Cable0009","Splitter00002");
INSERT INTO Successors VALUES("Splitter00002","Fibre1000019_Cable0009");INSERT INTO Predecessors VALUES("Fibre1000019_Cable0009","Splitter00002");
INSERT INTO Successors VALUES("Splitter00002","Fibre1000020_Cable0009");INSERT INTO Predecessors VALUES("Fibre1000020_Cable0009","Splitter00002");
INSERT INTO Successors VALUES("Splitter00002","Fibre1000021_Cable0009");INSERT INTO Predecessors VALUES("Fibre1000021_Cable0009","Splitter00002");
INSERT INTO Successors VALUES("Splitter00002","Fibre1000022_Cable0009");INSERT INTO Predecessors VALUES("Fibre1000022_Cable0009","Splitter00002");
INSERT INTO Successors VALUES("Splitter00002","Fibre1000023_Cable0009");INSERT INTO Predecessors VALUES("Fibre1000023_Cable0009","Splitter00002");
INSERT INTO Successors VALUES("Splitter00002","Fibre1000024_Cable0009");INSERT INTO Predecessors VALUES("Fibre1000024_Cable0009","Splitter00002");
INSERT INTO Successors VALUES("Splitter00002","Fibre1000025_Cable0009");INSERT INTO Predecessors VALUES("Fibre1000025_Cable0009","Splitter00002");
INSERT INTO Successors VALUES("Splitter00002","Fibre1000026_Cable0009");INSERT INTO Predecessors VALUES("Fibre1000026_Cable0009","Splitter00002");
INSERT INTO Successors VALUES("Splitter00002","Fibre1000027_Cable0009");INSERT INTO Predecessors VALUES("Fibre1000027_Cable0009","Splitter00002");
INSERT INTO Successors VALUES("Splitter00002","Fibre1000028_Cable0009");INSERT INTO Predecessors VALUES("Fibre1000028_Cable0009","Splitter00002");
INSERT INTO Successors VALUES("Splitter00002","Fibre1000029_Cable0009");INSERT INTO Predecessors VALUES("Fibre1000029_Cable0009","Splitter00002");
INSERT INTO Successors VALUES("Splitter00002","Fibre1000030_Cable0009");INSERT INTO Predecessors VALUES("Fibre1000030_Cable0009","Splitter00002");
INSERT INTO Successors VALUES("Splitter00002","Fibre1000031_Cable0009");INSERT INTO Predecessors VALUES("Fibre1000031_Cable0009","Splitter00002");
INSERT INTO Successors VALUES("Splitter00002","Fibre1000032_Cable0009");INSERT INTO Predecessors VALUES("Fibre1000032_Cable0009","Splitter00002");

INSERT INTO Successors VALUES("Splitter00003","Fibre1000033_Cable0009");INSERT INTO Predecessors VALUES("Fibre1000033_Cable0009","Splitter00003");
INSERT INTO Successors VALUES("Splitter00003","Fibre1000034_Cable0009");INSERT INTO Predecessors VALUES("Fibre1000034_Cable0009","Splitter00003");
INSERT INTO Successors VALUES("Splitter00003","Fibre1000035_Cable0009");INSERT INTO Predecessors VALUES("Fibre1000035_Cable0009","Splitter00003");
INSERT INTO Successors VALUES("Splitter00003","Fibre1000036_Cable0009");INSERT INTO Predecessors VALUES("Fibre1000036_Cable0009","Splitter00003");
INSERT INTO Successors VALUES("Splitter00003","Fibre1000037_Cable0009");INSERT INTO Predecessors VALUES("Fibre1000037_Cable0009","Splitter00003");
INSERT INTO Successors VALUES("Splitter00003","Fibre1000038_Cable0009");INSERT INTO Predecessors VALUES("Fibre1000038_Cable0009","Splitter00003");
INSERT INTO Successors VALUES("Splitter00003","Fibre1000039_Cable0009");INSERT INTO Predecessors VALUES("Fibre1000039_Cable0009","Splitter00003");
INSERT INTO Successors VALUES("Splitter00003","Fibre1000040_Cable0009");INSERT INTO Predecessors VALUES("Fibre1000040_Cable0009","Splitter00003");
INSERT INTO Successors VALUES("Splitter00002","Fibre1000041_Cable0009");INSERT INTO Predecessors VALUES("Fibre1000041_Cable0009","Splitter00002");
INSERT INTO Successors VALUES("Splitter00002","Fibre1000042_Cable0009");INSERT INTO Predecessors VALUES("Fibre1000042_Cable0009","Splitter00002");
INSERT INTO Successors VALUES("Splitter00002","Fibre1000043_Cable0009");INSERT INTO Predecessors VALUES("Fibre1000043_Cable0009","Splitter00002");
INSERT INTO Successors VALUES("Splitter00002","Fibre1000044_Cable0009");INSERT INTO Predecessors VALUES("Fibre1000044_Cable0009","Splitter00002");
INSERT INTO Successors VALUES("Splitter00002","Fibre1000045_Cable0009");INSERT INTO Predecessors VALUES("Fibre1000045_Cable0009","Splitter00002");
INSERT INTO Successors VALUES("Splitter00002","Fibre1000046_Cable0009");INSERT INTO Predecessors VALUES("Fibre1000046_Cable0009","Splitter00002");
INSERT INTO Successors VALUES("Splitter00002","Fibre1000047_Cable0009");INSERT INTO Predecessors VALUES("Fibre1000047_Cable0009","Splitter00002");
INSERT INTO Successors VALUES("Splitter00002","Fibre1000048_Cable0009");INSERT INTO Predecessors VALUES("Fibre1000048_Cable0009","Splitter00002");
INSERT INTO Successors VALUES("Splitter00002","Fibre1000049_Cable0009");INSERT INTO Predecessors VALUES("Fibre1000049_Cable0009","Splitter00002");
INSERT INTO Successors VALUES("Splitter00002","Fibre1000050_Cable0009");INSERT INTO Predecessors VALUES("Fibre1000050_Cable0009","Splitter00002");
INSERT INTO Successors VALUES("Splitter00002","Fibre1000051_Cable0009");INSERT INTO Predecessors VALUES("Fibre1000051_Cable0009","Splitter00002");
INSERT INTO Successors VALUES("Splitter00002","Fibre1000052_Cable0009");INSERT INTO Predecessors VALUES("Fibre1000052_Cable0009","Splitter00002");
INSERT INTO Successors VALUES("Splitter00002","Fibre1000053_Cable0009");INSERT INTO Predecessors VALUES("Fibre1000053_Cable0009","Splitter00002");
INSERT INTO Successors VALUES("Splitter00002","Fibre1000054_Cable0009");INSERT INTO Predecessors VALUES("Fibre1000054_Cable0009","Splitter00002");
INSERT INTO Successors VALUES("Splitter00002","Fibre1000055_Cable0009");INSERT INTO Predecessors VALUES("Fibre1000055_Cable0009","Splitter00002");
INSERT INTO Successors VALUES("Splitter00002","Fibre1000056_Cable0009");INSERT INTO Predecessors VALUES("Fibre1000056_Cable0009","Splitter00002");
INSERT INTO Successors VALUES("Splitter00002","Fibre1000057_Cable0009");INSERT INTO Predecessors VALUES("Fibre1000057_Cable0009","Splitter00002");
INSERT INTO Successors VALUES("Splitter00002","Fibre1000058_Cable0009");INSERT INTO Predecessors VALUES("Fibre1000058_Cable0009","Splitter00002");
INSERT INTO Successors VALUES("Splitter00002","Fibre1000059_Cable0009");INSERT INTO Predecessors VALUES("Fibre1000059_Cable0009","Splitter00002");
INSERT INTO Successors VALUES("Splitter00002","Fibre1000060_Cable0009");INSERT INTO Predecessors VALUES("Fibre1000060_Cable0009","Splitter00002");
INSERT INTO Successors VALUES("Splitter00002","Fibre1000061_Cable0009");INSERT INTO Predecessors VALUES("Fibre1000061_Cable0009","Splitter00002");
INSERT INTO Successors VALUES("Splitter00002","Fibre1000062_Cable0009");INSERT INTO Predecessors VALUES("Fibre1000062_Cable0009","Splitter00002");
INSERT INTO Successors VALUES("Splitter00002","Fibre1000063_Cable0009");INSERT INTO Predecessors VALUES("Fibre1000063_Cable0009","Splitter00002");
INSERT INTO Successors VALUES("Splitter00002","Fibre1000064_Cable0009");INSERT INTO Predecessors VALUES("Fibre1000064_Cable0009","Splitter00002");
